ear,mar,eye_close,mouth_open,label,class,image
0.30930135266387637,0.0,0.0,0.0,0,alert,image_11832.jpg
0.2614969668363506,0.16017647700910553,0.0,0.0,0,alert,image_2160 (3).jpg
0.18949695330943267,0.00837384670815618,1.0,0.0,0,alert,img_f_14036.jpg
0.2406014513285974,0.0,0.0,0.0,0,alert,img_c_11948.jpg
0.28565290279949107,0.0,0.0,0.0,0,alert,img_c_4031.jpg
0.3243576764274296,0.0,0.0,0.0,0,alert,img_i_6786.jpg
0.3174705321605089,0.0,0.0,0.0,0,alert,img_i_13862.jpg
0.2920220553769534,0.0,0.0,0.0,0,alert,image_8526.jpg
0.3245103788687329,0.008695652098298678,0.0,0.0,0,alert,image__3074 (2).jpg
0.2795724397918312,0.0,0.0,0.0,0,alert,img_f_16153.jpg
0.31051780186905964,0.004537866511666981,0.0,0.0,0,alert,img_k_3120.jpg
0.298782339015514,0.0,0.0,0.0,0,alert,img_i_1943.jpg
0.3009247772005388,0.01159035703027743,0.0,0.0,0,alert,img_e_3277.jpg
0.2588230250327197,0.006399614969786011,0.0,0.0,0,alert,img_h_15690.jpg
0.27974969374559344,0.004793916719728625,0.0,0.0,0,alert,img_k_14790.jpg
0.2802079523791574,0.0,0.0,0.0,0,alert,img_f_11600.jpg
0.28588135719725194,0.0,0.0,0.0,0,alert,img_h_660 - Copy.jpg
0.2961252037359712,0.007452524868423146,0.0,0.0,0,alert,img_f_493.jpg
0.24973632017172792,0.0,0.0,0.0,0,alert,image_1537 (3).jpg
0.31934356347435067,0.0,0.0,0.0,0,alert,image_11629.jpg
0.2546944749111657,0.006429040461898063,0.0,0.0,0,alert,img_h_4620.jpg
0.2942468493082192,0.0,0.0,0.0,0,alert,img_i_2523.jpg
0.250289525481729,0.006445043740275906,0.0,0.0,0,alert,img_h_1980.jpg
0.2660044686929397,0.0,0.0,0.0,0,alert,img_c_12528.jpg
0.3362010916123851,0.0,0.0,0.0,0,alert,img_i_6989.jpg
0.30987354239888865,0.0,0.0,0.0,0,alert,img_j_4698.jpg
0.28899671832787416,0.0,0.0,0.0,0,alert,img_f_5133.jpg
0.2779901922671318,0.0,0.0,0.0,0,alert,image_150.jpg
0.29679050896414005,0.0,0.0,0.0,0,alert,img_f_5655.jpg
0.3540754168495336,0.009513029792592146,0.0,0.0,0,alert,image_0185.jpg
0.30053941278358054,0.0,0.0,0.0,0,alert,image_17516.jpg
0.3697397727565072,0.0,0.0,0.0,0,alert,image_0191.jpg
0.24783500943432893,0.006443036792915484,0.0,0.0,0,alert,img_h_1770.jpg
0.31394524479754526,0.0,0.0,0.0,0,alert,img_i_9338.jpg
0.33074673298490165,0.0,0.0,0.0,0,alert,img_i_13137.jpg
0.3057626178094276,0.004910345341157748,0.0,0.0,0,alert,img_k_12450.jpg
0.3327586876064471,0.0,0.0,0.0,0,alert,image_0378.jpg
0.3342250224610004,0.021727581505428153,0.0,0.0,0,alert,img_e_1110.jpg
0.31926076185921914,0.006734655685148979,0.0,0.0,0,alert,img_i_17806.jpg
0.25542020359786666,0.0,0.0,0.0,0,alert,img_h_14940.jpg
0.31019842790916724,0.0,0.0,0.0,0,alert,image_3103.jpg
0.268755830093227,0.0,0.0,0.0,0,alert,img_f_3973.jpg
0.2939825545589131,0.004718188525972856,0.0,0.0,0,alert,image__1131.jpg
0.3007510548815488,0.0,0.0,0.0,0,alert,image_8730.jpg
0.2713778549531131,0.22703829819970708,0.0,0.0,0,alert,image_480 (4).jpg
0.25834332960450607,0.0075016411072518,0.0,0.0,0,alert,img_e_9570.jpg
0.3233568825668854,0.0,0.0,0.0,0,alert,image_0422.jpg
0.37277760152934936,0.0,0.0,0.0,0,alert,image_0436.jpg
0.2527479706076396,0.012649110480673518,0.0,0.0,0,alert,img_c_1363.jpg
0.3514876061696567,0.0,0.0,0.0,0,alert,img_i_4350.jpg
0.20977069733567288,0.0,0.0,0.0,0,alert,img_c_15051.jpg
0.30773771309481157,0.0,0.0,0.0,0,alert,image_12644.jpg
0.275192891953989,0.0,0.0,0.0,0,alert,img_h_9660.jpg
0.3253881303866595,0.0,0.0,0.0,0,alert,image_12122.jpg
0.3306929188041994,0.0,0.0,0.0,0,alert,img_i_10614.jpg
0.2739004614057728,0.0045204695294096915,0.0,0.0,0,alert,img_k_5790.jpg
0.2779062383834505,0.006271472416559283,0.0,0.0,0,alert,img_h_4350.jpg
0.24659299025025772,0.0,0.0,0.0,0,alert,img_h_13020.jpg
0.331633044826449,0.0,0.0,0.0,0,alert,img_i_9106.jpg
0.3161001223084503,0.0,0.0,0.0,0,alert,img_i_6235.jpg
0.28827142432929165,0.00768118025425726,0.0,0.0,0,alert,image_16350.jpg
0.2386378922590836,0.12962962722908097,0.0,0.0,0,alert,image_1080 (4).jpg
0.24844739683465902,0.0,0.0,0.0,0,alert,img_c_11223.jpg
0.2592914978043184,0.006288188942996555,0.0,0.0,0,alert,img_h_17520.jpg
0.28999221421367033,0.007812643027779847,0.0,0.0,0,alert,img_k_17070.jpg
0.26554171889278577,0.006391374866211748,0.0,0.0,0,alert,img_h_5700.jpg
0.30435193320746623,0.010989010868252628,0.0,0.0,0,alert,image_8903.jpg
0.3058074545283297,0.007471429654618233,0.0,0.0,0,alert,img_j_5974.jpg
0.3022200896142985,0.009523377543695548,0.0,0.0,0,alert,image_0387.jpg
0.28128283656823727,0.003557615163775019,0.0,0.0,0,alert,img_k_12120.jpg
0.24478717173037962,0.0,0.0,0.0,0,alert,img_c_12702.jpg
0.38196043897400833,0.0,0.0,0.0,0,alert,image_1800 (2).jpg
0.2638026446425311,0.006403681340942784,0.0,0.0,0,alert,img_h_16170.jpg
0.3247805409813482,0.02964345745770302,0.0,0.0,0,alert,image_390 (3).jpg
0.2585526491106642,0.0,0.0,0.0,0,alert,img_h_1200.jpg
0.23450795309989006,0.0,0.0,0.0,0,alert,img_c_12064.jpg
0.3092594227504761,0.0,0.0,0.0,0,alert,image_6090.jpg
0.25004025485151593,0.012184254365740202,0.0,0.0,0,alert,img_f_12876.jpg
0.3170751950500186,0.007243714677231756,0.0,0.0,0,alert,img_i_1566.jpg
0.26743347497119185,0.18181817851239676,0.0,0.0,0,alert,image_420.jpg
0.32145543110039326,0.0,0.0,0.0,0,alert,image_1189 (2).jpg
0.32567436992016663,0.0,0.0,0.0,0,alert,img_i_15022.jpg
0.33077325885079223,0.0,0.0,0.0,0,alert,image_0393.jpg
0.25940555687533573,0.32944890647221825,0.0,0.0,0,alert,image_930 (4).jpg
0.26421738799616357,0.008388860208408502,0.0,0.0,0,alert,img_f_12731.jpg
0.26164529821629573,0.0,0.0,0.0,0,alert,img_h_14820.jpg
0.26539067583195636,0.0,0.0,0.0,0,alert,image_0218.jpg
0.2922107110904183,0.0,0.0,0.0,0,alert,img_k_10680.jpg
0.31781874388081827,0.0,0.0,0.0,0,alert,image_6641.jpg
0.30733980272934835,0.008919687372930953,0.0,0.0,0,alert,image_0230.jpg
0.3459968031758002,0.0,0.0,0.0,0,alert,image_1890.jpg
0.2877970009389405,0.0,0.0,0.0,0,alert,img_a_570.jpg
0.2798983576364515,0.0,0.0,0.0,0,alert,img_k_2160.jpg
0.2513644966953991,0.0,0.0,0.0,0,alert,img_h_11970.jpg
0.28552112333457186,0.00809776323621539,0.0,0.0,0,alert,img_f_17661.jpg
0.3282663663826906,0.0,0.0,0.0,0,alert,img_i_13282.jpg
0.313944950746168,0.0,0.0,0.0,0,alert,image_0224.jpg
0.3090580364644405,0.0,0.0,0.0,0,alert,img_j_7018.jpg
0.2969878610700497,0.0,0.0,0.0,0,alert,img_f_7308.jpg
0.3168484591747405,0.0,0.0,0.0,0,alert,img_k_13410.jpg
0.3277859861695741,0.0,0.0,0.0,0,alert,img_h_4230.jpg
0.2491754077319685,0.0,0.0,0.0,0,alert,img_h_13140.jpg
0.3280476600913559,0.0,0.0,0.0,0,alert,image_9599.jpg
0.33935216200192164,0.1332031513525201,0.0,0.0,0,alert,image_540.jpg
0.29225652177416306,0.0,0.0,0.0,0,alert,image_232.jpg
0.25666207117752765,0.008395953383411387,0.0,0.0,0,alert,img_e_15283.jpg
0.33653522071812714,0.045442810190326054,0.0,0.0,0,alert,img_e_3840.jpg
0.25022217704293365,0.0,0.0,0.0,0,alert,img_h_12510.jpg
0.2944495362318923,0.00837384670815618,0.0,0.0,0,alert,img_f_10324.jpg
0.3302533842383848,0.0,0.0,0.0,0,alert,img_e_1500.jpg
0.25082339173452917,0.0,0.0,0.0,0,alert,img_h_6180.jpg
0.27589901098569425,0.0,0.0,0.0,0,alert,img_i_2494.jpg
0.26542489604366054,0.010151368698289162,0.0,0.0,0,alert,img_h_2130 - Copy.jpg
0.35784058481836206,0.007227426005611357,0.0,0.0,0,alert,img_i_1189.jpg
0.2920086576817023,0.10041578598264417,0.0,0.0,0,alert,image_5162.jpg
0.3209466148214637,0.007102208191842989,0.0,0.0,0,alert,img_j_1131.jpg
0.2709332792235477,0.00809776323621539,0.0,0.0,0,alert,img_e_16211.jpg
0.3154874649471894,0.0077517050180726365,0.0,0.0,0,alert,image__1247.jpg
0.2998960237949666,0.009090909008264463,0.0,0.0,0,alert,img_b_841.jpg
0.2946612420169236,0.011553168623387991,0.0,0.0,0,alert,img_f_11774.jpg
0.3127527717736822,0.007990799830880156,0.0,0.0,0,alert,image__232 (2).jpg
0.28320418503517625,0.0066958947552347445,0.0,0.0,0,alert,img_h_15900.jpg
0.2689581961345874,0.0,0.0,0.0,0,alert,img_c_2291.jpg
0.24458318056363265,0.008594859502633346,0.0,0.0,0,alert,img_f_14181.jpg
0.23244841952949408,0.0,0.0,0.0,0,alert,img_c_1798.jpg
0.31292609395297927,0.0,0.0,0.0,0,alert,img_f_12296.jpg
0.27891780503676,0.0,0.0,0.0,0,alert,img_h_4680 - Copy.jpg
0.2934111344034186,0.0,0.0,0.0,0,alert,img_i_16675.jpg
0.2589066134360142,0.0064933695542868895,0.0,0.0,0,alert,img_h_9270.jpg
0.2667863625684499,0.05998800239928026,0.0,0.0,0,alert,image_2340 (2).jpg
0.3276145994127546,0.007362101684122562,0.0,0.0,0,alert,img_j_5394.jpg
0.300639950759957,0.0,0.0,0.0,0,alert,img_k_1680.jpg
0.3033577118576094,0.005067271153715438,0.0,0.0,0,alert,img_k_17460.jpg
0.25419877975743865,0.008961314556959843,0.0,0.0,0,alert,img_h_17130.jpg
0.22191971376984077,0.0,0.0,0.0,0,alert,img_c_14993.jpg
0.2513412180011486,0.0032610159645417064,0.0,0.0,0,alert,img_k_4920.jpg
0.2630026929013798,0.0,0.0,0.0,0,alert,img_f_7888.jpg
0.2537946272820576,0.006477004502403835,0.0,0.0,0,alert,img_h_5310.jpg
0.24275451089008318,0.009270193730720688,0.0,0.0,0,alert,img_h_12060.jpg
0.2802496297567685,0.008985701565398995,0.0,0.0,0,alert,img_h_6210 - Copy.jpg
0.24407313261666133,0.006323290748635558,0.0,0.0,0,alert,img_h_16560.jpg
0.2542121767467345,0.007737074107525198,0.0,0.0,0,alert,img_e_7830.jpg
0.35147853676001384,0.03256064379223691,0.0,0.0,0,alert,img_e_2790.jpg
0.3117442925112861,0.0,0.0,0.0,0,alert,image_7946.jpg
0.2903270432207999,0.007664917077331726,0.0,0.0,0,alert,img_f_3422.jpg
0.3080731245377971,0.0,0.0,0.0,0,alert,image_11774.jpg
0.2785429232790009,0.007227426005611357,0.0,0.0,0,alert,img_f_5046.jpg
0.2827812218866652,0.0,0.0,0.0,0,alert,img_i_15341.jpg
0.29724113227629123,0.00342481819518304,0.0,0.0,0,alert,img_k_10440.jpg
0.269154245639365,0.003282377859305226,0.0,0.0,0,alert,img_k_3900.jpg
0.26896256346984215,0.0,0.0,0.0,0,alert,img_h_7260.jpg
0.2475423723905537,0.01314396387849135,0.0,0.0,0,alert,img_h_10110.jpg
0.2575203329282957,0.0033244063486863222,0.0,0.0,0,alert,img_k_11010.jpg
0.2652604213815539,0.0,0.0,0.0,0,alert,img_h_3990.jpg
0.26124714440145236,0.0,0.0,0.0,0,alert,img_f_0.jpg
0.24580509438811654,0.0,0.0,0.0,0,alert,img_h_240 - Copy.jpg
0.2657673098582303,0.006427181167804602,0.0,0.0,0,alert,img_h_18570.jpg
0.3197937389204939,0.0,0.0,0.0,0,alert,image_10324.jpg
0.3195541158536662,0.006813449897227106,0.0,0.0,0,alert,img_i_12412.jpg
0.322474257864798,0.0,0.0,0.0,0,alert,image_3248.jpg
0.2983271483840262,0.1747736186082536,0.0,0.0,0,alert,image_780.jpg
0.33722394604340233,0.008135460407705422,0.0,0.0,0,alert,img_j_7569.jpg
0.25116320149933896,0.0,0.0,0.0,0,alert,img_h_360.jpg
0.26723508612622937,0.0,0.0,0.0,0,alert,img_h_8190.jpg
0.30524094036035254,0.011983139499281089,0.0,0.0,0,alert,image__1508.jpg
0.2762742335215884,0.00472582190501932,0.0,0.0,0,alert,image__2001.jpg
0.266385424192201,0.0,0.0,0.0,0,alert,image_2280 (3).jpg
0.2607409409305876,0.00412870793751564,0.0,0.0,0,alert,image_1305.jpg
0.28853886400529216,0.00805796795723155,0.0,0.0,0,alert,image__493 (2).jpg
0.3052044691032607,0.0,0.0,0.0,0,alert,image_12296.jpg
0.2615383249527553,0.004507134510738655,0.0,0.0,0,alert,img_k_5430.jpg
0.24501159470979797,0.009259060746958835,0.0,0.0,0,alert,img_h_13380.jpg
0.25789100206602206,0.008129812556079289,0.0,0.0,0,alert,img_e_14413.jpg
0.31292548248560303,0.0,0.0,0.0,0,alert,img_i_10991.jpg
0.24819793107809965,0.02636470195552275,0.0,0.0,0,alert,img_h_7710.jpg
0.3080802709911484,0.0,0.0,0.0,0,alert,img_i_15631.jpg
0.2504952619229387,0.006495972079852143,0.0,0.0,0,alert,img_h_3210.jpg
0.3199254564325684,0.0,0.0,0.0,0,alert,image_17661.jpg
0.2808420025131274,0.0,0.0,0.0,0,alert,img_h_2820 - Copy.jpg
0.3094241595083714,0.0,0.0,0.0,0,alert,img_i_2668.jpg
0.3227834390903294,0.0,0.0,0.0,0,alert,img_i_7076.jpg
0.30481980580606316,0.0,0.0,0.0,0,alert,image_7018 (2).jpg
0.27212384339984175,0.009029184285388937,0.0,0.0,0,alert,img_h_18000.jpg
0.2759647946734186,0.0,0.0,0.0,0,alert,img_a_1245.jpg
0.32567111093186196,0.006677656701342802,0.0,0.0,0,alert,img_i_9715.jpg
0.3207363055550781,0.0,0.0,0.0,0,alert,image_6873.jpg
0.2845385586888617,0.008106538995662629,0.0,0.0,0,alert,img_f_6003.jpg
0.27489223221974557,0.0,0.0,0.0,0,alert,img_k_2820.jpg
0.3145093912589199,0.0,0.0,0.0,0,alert,image_12731.jpg
0.2727977983586114,0.0,0.0,0.0,0,alert,img_h_540 - Copy.jpg
0.280568788722631,0.007740550142465505,0.0,0.0,0,alert,img_f_5278.jpg
0.306250069974222,0.0,0.0,0.0,0,alert,image_232 (2).jpg
0.27941590083295376,0.007503203588782809,0.0,0.0,0,alert,img_k_15060.jpg
0.2748852012707611,0.00635654563759296,0.0,0.0,0,alert,img_h_2640.jpg
0.2939296488430867,0.010635890632165756,0.0,0.0,0,alert,image_1885.jpg
0.2781467807404452,0.0,0.0,0.0,0,alert,image_0225.jpg
0.278762790253023,0.007024855714281186,0.0,0.0,0,alert,img_j_2175.jpg
0.2602119931084241,0.0,0.0,0.0,0,alert,image_0231.jpg
0.344380541495961,0.010525732551751493,0.0,0.0,0,alert,img_e_2550.jpg
0.2999936878924727,0.011118663298316582,0.0,0.0,0,alert,img_f_928.jpg
0.2553102516387833,0.014451530907021911,0.0,0.0,0,alert,img_h_13800.jpg
0.2656517784493846,0.00770833394243054,0.0,0.0,0,alert,img_k_17850.jpg
0.24637375265049807,0.2409433318194242,0.0,0.0,0,alert,image_2430 (2).jpg
0.29415305336769976,0.1563824875803276,0.0,0.0,0,alert,image_2340.jpg
0.24235896270449114,0.013216949057534075,0.0,0.0,0,alert,image__1044.jpg
0.3123660590899788,0.006890409601756673,0.0,0.0,0,alert,img_k_12900.jpg
0.2945157492533359,0.008314876246334575,0.0,0.0,0,alert,img_f_14355.jpg
0.27646869518426404,0.003383537777863287,0.0,0.0,0,alert,img_k_1440.jpg
0.2995226176820372,0.0,0.0,0.0,0,alert,image_0219.jpg
0.26515658425629474,0.009012118123756668,0.0,0.0,0,alert,img_h_16950.jpg
0.32381347422563134,0.0073678944474152965,0.0,0.0,0,alert,img_i_2697.jpg
0.31621965353507286,0.09262336678472578,0.0,0.0,0,alert,image_1470 (3).jpg
0.2799584711041746,0.0,0.0,0.0,0,alert,img_j_5626.jpg
0.26831399243470944,0.0,0.0,0.0,0,alert,img_j_14094.jpg
0.2898915745985499,0.0,0.0,0.0,0,alert,img_f_1595 (2).jpg
0.3038731871168018,0.007783810105183211,0.0,0.0,0,alert,img_h_7710 - Copy.jpg
0.2490795143238173,0.007797285708599901,0.0,0.0,0,alert,img_e_12499.jpg
0.3258936054790954,0.0,0.0,0.0,0,alert,image_0392.jpg
0.28833375802019945,0.0,0.0,0.0,0,alert,img_f_1624.jpg
0.2938347949747334,0.0041262820051967235,0.0,0.0,0,alert,image_2610 (3).jpg
0.333023465115133,0.006940261953056755,0.0,0.0,0,alert,img_i_4379.jpg
0.32109484921545295,0.0,0.0,0.0,0,alert,image_3857.jpg
0.2611724885407251,0.015852260450373225,0.0,0.0,0,alert,image_1015 (2).jpg
0.2628064451010471,0.00482663932076645,0.0,0.0,0,alert,img_k_14550.jpg
0.303522378176848,0.01957400693401503,0.0,0.0,0,alert,image_540 (5).jpg
0.2596536872596632,0.006608041682072737,0.0,0.0,0,alert,img_h_10500.jpg
0.3074031207534142,0.0,0.0,0.0,0,alert,img_i_3364.jpg
0.2713316723408282,0.0,0.0,0.0,0,alert,img_f_3741.jpg
0.26606795532165795,0.003580344855447463,0.0,0.0,0,alert,img_k_10050.jpg
0.32045523316889923,0.0,0.0,0.0,0,alert,image_435.jpg
0.24574561197554645,0.006445043740275906,0.0,0.0,0,alert,img_h_15450.jpg
0.25209510834203974,0.18467921037763832,0.0,0.0,0,alert,image_1650 (2).jpg
0.28877421973876305,0.0,0.0,0.0,0,alert,img_j_7192.jpg
0.29756331042856177,0.0,0.0,0.0,0,alert,img_k_2940.jpg
0.28430488794575537,0.005216227870633267,0.0,0.0,0,alert,img_k_11400.jpg
0.3461242632672127,0.015198691589576612,0.0,0.0,0,alert,img_e_960.jpg
0.24815460440631948,0.0067059745215564005,0.0,0.0,0,alert,image_1247 (3).jpg
0.3198502973986673,0.0,0.0,0.0,0,alert,img_i_4437.jpg
0.2738390360887444,0.0,0.0,0.0,0,alert,img_f_13572.jpg
0.38283225921817043,0.0,0.0,0.0,0,alert,image_0437.jpg
0.3048118035257077,0.0,0.0,0.0,0,alert,img_k_12690.jpg
0.31561393322232745,0.019984018775074774,0.0,0.0,0,alert,image_2220.jpg
0.2719499274010706,0.004658222219905608,0.0,0.0,0,alert,img_k_4470.jpg
0.24940241274844593,0.007185139204009006,0.0,0.0,0,alert,image_1131 (3).jpg
0.2720807818208655,0.0,0.0,0.0,0,alert,img_f_899 (2).jpg
0.3029706864101318,0.01092325510251519,0.0,0.0,0,alert,img_f_5481.jpg
0.2581202851863642,0.15703405840716456,0.0,0.0,0,alert,image_240 (2).jpg
0.38101943132785,0.010868923050453842,0.0,0.0,0,alert,img_e_2430.jpg
0.3054992019537352,0.0,0.0,0.0,0,alert,img_i_13485.jpg
0.30408972478117274,0.006966484698501411,0.0,0.0,0,alert,img_j_2001.jpg
0.2922488233213696,0.18962698649034768,0.0,0.0,0,alert,image_390.jpg
0.3169188784974779,0.0,0.0,0.0,0,alert,image_2552.jpg
0.250534977153322,0.0,0.0,0.0,0,alert,img_h_8580.jpg
0.2917957276578639,0.0,0.0,0.0,0,alert,img_b_5104.jpg
0.3095283302002365,0.0,0.0,0.0,0,alert,image_0423.jpg
0.33298935337674385,0.0078115464392508,0.0,0.0,0,alert,img_a_405.jpg
0.3173460662750207,0.0,0.0,0.0,0,alert,image_1363 (2).jpg
0.2901548893997844,0.008195620052482346,0.0,0.0,0,alert,img_e_3074.jpg
0.26707383449097355,0.004127969157382596,0.0,0.0,0,alert,image_1073.jpg
0.33762792316267287,0.0,0.0,0.0,0,alert,image_1140 (5).jpg
0.2619836529194899,0.006332412346000857,0.0,0.0,0,alert,img_h_16830.jpg
0.29635984503518176,0.008241695970710049,0.0,0.0,0,alert,img_f_12122.jpg
0.3052970003831021,0.0,0.0,0.0,0,alert,image_0379.jpg
0.3382589917057859,0.0,0.0,0.0,0,alert,img_e_3060.jpg
0.2513124698135235,0.008309994180014466,0.0,0.0,0,alert,img_f_12644.jpg
0.30190864807850204,0.004749803309966678,0.0,0.0,0,alert,image__58.jpg
0.2751633986536423,0.007579194718247887,0.0,0.0,0,alert,img_k_300.jpg
0.2512169808060629,0.006486126377268588,0.0,0.0,0,alert,img_h_3600.jpg
0.3244278242494733,0.0,0.0,0.0,0,alert,image_11600.jpg
0.24546157497237503,0.012925032331362982,0.0,0.0,0,alert,img_c_14616.jpg
0.26257314134572196,0.0,0.0,0.0,0,alert,img_c_12267.jpg
0.2753685761577444,0.0,0.0,0.0,0,alert,img_i_8033.jpg
0.3114607331012266,0.0,0.0,0.0,0,alert,image_6293.jpg
0.3617898184318144,0.2565432945659815,0.0,0.0,0,alert,image_0184.jpg
0.30040241339085805,0.0,0.0,0.0,0,alert,img_f_1740 (2).jpg
0.3037018983924661,0.0,0.0,0.0,0,alert,img_i_4147.jpg
0.30298363489712865,0.0,0.0,0.0,0,alert,image_16153.jpg
0.29416793547001996,0.0,0.0,0.0,0,alert,img_f_4176 (2).jpg
0.2468723613296122,0.0,0.0,0.0,0,alert,img_h_6750.jpg
0.3067781960667598,0.00685494510329986,0.0,0.0,0,alert,img_i_16066.jpg
0.264632022819305,0.0,0.0,0.0,0,alert,img_c_3944.jpg
0.29710974856440886,0.0,0.0,0.0,0,alert,img_f_11832.jpg
0.28949985651530685,0.0065698540971824764,0.0,0.0,0,alert,img_g_9720.jpg
0.2769516400142709,0.007422287204979856,0.0,0.0,0,alert,img_f_3219.jpg
0.28971986836185437,0.004936661660309131,0.0,0.0,0,alert,img_k_6930.jpg
0.24529241263835733,0.0,0.0,0.0,0,alert,img_h_15120.jpg
0.26107392926470613,0.006265068932254795,0.0,0.0,0,alert,img_h_2250.jpg
0.2660638784502951,0.012811040536278705,0.0,0.0,0,alert,img_c_1160.jpg
0.21329954150438318,0.013652592601849013,0.0,0.0,0,alert,img_c_7511.jpg
0.2580985407651192,0.01331441055176416,0.0,0.0,0,alert,img_d_3538.jpg
0.22810422312776724,0.013115952428788507,0.0,0.0,0,alert,img_c_14819.jpg
0.28324470803089496,0.008103344510212185,0.0,0.0,0,alert,img_f_17516.jpg
0.2864986529848689,0.0,0.0,0.0,0,alert,img_j_12963.jpg
0.2760416487292648,0.0,0.0,0.0,0,alert,img_h_17910.jpg
0.26865793371497537,0.01668398658850038,0.0,0.0,0,alert,image_4321.jpg
0.23266516008607735,0.0,0.0,0.0,0,alert,img_c_13804.jpg
0.28745017376772325,0.011585688832356184,0.0,0.0,0,alert,img_e_3538.jpg
0.2709845292567439,0.00669079701754262,0.0,0.0,0,alert,image__2175.jpg
0.27872002298211485,0.11503812599510069,0.0,0.0,0,alert,image_5017.jpg
0.23286466662048833,0.009145491364635864,0.0,0.0,0,alert,img_h_12840.jpg
0.274913060788514,0.0,0.0,0.0,0,alert,image__10237.jpg
0.3387805999282012,0.011108368519177592,0.0,0.0,0,alert,img_e_3510.jpg
0.28230149846710867,0.004770783853743528,0.0,0.0,0,alert,img_k_1050.jpg
0.28161668237135185,0.009239871348252156,0.0,0.0,0,alert,img_b_4756.jpg
0.24815926342745437,0.17033687204718675,0.0,0.0,0,alert,image_3300.jpg
0.270468176112828,0.0,0.0,0.0,0,alert,img_j_1044.jpg
0.27863125831812174,0.003417091421109848,0.0,0.0,0,alert,img_k_5550.jpg
0.27368259539499806,0.08329179968518778,0.0,0.0,0,alert,image_5771.jpg
0.2553594123687125,0.0,0.0,0.0,0,alert,image_810.jpg
0.30439496676558797,0.008103344510212185,0.0,0.0,0,alert,img_f_11629.jpg
0.26069048306848486,0.0064516128616024975,0.0,0.0,0,alert,img_h_8970.jpg
0.2984191832075548,0.0,0.0,0.0,0,alert,img_i_2291.jpg
0.27524783669509667,0.0,0.0,0.0,0,alert,image_0 (6).jpg
0.33810130739030264,0.007427813471909662,0.0,0.0,0,alert,img_i_1798.jpg
0.26125547214391565,0.0,0.0,0.0,0,alert,img_k_5220.jpg
0.2467398228101917,0.0,0.0,0.0,0,alert,img_e_16414.jpg
0.25852677927164236,0.0,0.0,0.0,0,alert,img_h_13590.jpg
0.369982590371844,0.0,0.0,0.0,0,alert,image_0179.jpg
0.28723240723735194,0.10862995967977303,0.0,0.0,0,alert,image_812.jpg
0.2926856897860274,0.008473359199846027,0.0,0.0,0,alert,img_e_3248.jpg
0.30208990323298224,0.008360958451879178,0.0,0.0,0,alert,img_f_11165.jpg
0.24600501832380156,0.0,0.0,0.0,0,alert,img_f_3596.jpg
0.2626996823609906,0.0065159370674285205,0.0,0.0,0,alert,img_h_570.jpg
0.2528106864893887,0.00635654563759296,0.0,0.0,0,alert,img_h_2520.jpg
0.32821831270504237,0.0,0.0,0.0,0,alert,img_i_13108.jpg
0.31069343496692114,0.0,0.0,0.0,0,alert,image_8294.jpg
0.28782989716409624,0.0,0.0,0.0,0,alert,img_c_2494.jpg
0.27658071358158154,0.008521833136793586,0.0,0.0,0,alert,img_f_14790.jpg
0.2747668804827721,0.0,0.0,0.0,0,alert,img_c_1189.jpg
0.30132372297277776,0.008326108873112177,0.0,0.0,0,alert,img_a_1125.jpg
0.24113770784460253,0.01437918928835224,0.0,0.0,0,alert,image_1827 (3).jpg
0.25103546135282284,0.006425456124062935,0.0,0.0,0,alert,img_h_18360.jpg
0.3282667423781635,0.0,0.0,0.0,0,alert,image_609.jpg
0.3395402516356037,0.0,0.0,0.0,0,alert,image_0192.jpg
0.3595059681019688,0.2643184207391455,0.0,0.0,0,alert,image_0186.jpg
0.2758318726421829,0.007596275641668332,0.0,0.0,0,alert,img_i_1015.jpg
0.27426235556330614,0.0,0.0,0.0,0,alert,img_h_7470.jpg
0.39507474925916575,0.1090728800222742,0.0,0.0,0,alert,image_1080 (8).jpg
0.2999661954992384,0.0,0.0,0.0,0,alert,image_7366.jpg
0.326121094836999,0.015203082117855557,0.0,0.0,0,alert,image_0409.jpg
0.36095090241664846,0.020302737190477753,0.0,0.0,0,alert,image_1500 (2).jpg
0.307745592530995,0.008263334025047878,0.0,0.0,0,alert,image__2349.jpg
0.31616765604358354,0.0,0.0,0.0,0,alert,image_7134 (2).jpg
0.28778646524815543,0.004835942743262361,0.0,0.0,0,alert,img_k_9630.jpg
0.31878611765411746,0.011135539773524059,0.0,0.0,0,alert,img_a_375.jpg
0.31992465648478774,0.00854669630578744,0.0,0.0,0,alert,image__2407.jpg
0.36872013466362896,0.0,0.0,0.0,0,alert,image_0435.jpg
0.3516303041144567,0.014883160552677568,0.0,0.0,0,alert,img_e_2340.jpg
0.3283260105908925,0.0,0.0,0.0,0,alert,image_0421.jpg
0.2739372301109106,0.2648354639510999,0.0,0.0,0,alert,image_1200 (5).jpg
0.39041052278362864,0.16641005579064572,0.0,0.0,0,alert,image_990 (4).jpg
0.34040108962247295,0.0,0.0,0.0,0,alert,img_i_14471.jpg
0.297928465309564,0.0,0.0,0.0,0,alert,img_f_10092.jpg
0.2935423446656672,0.0036067254427203104,0.0,0.0,0,alert,img_k_11370.jpg
0.2902318569276555,0.008241695970710049,0.0,0.0,0,alert,img_f_16385.jpg
0.3025859155240965,0.008230522299760186,0.0,0.0,0,alert,img_f_10904.jpg
0.3241400571157115,0.010304351206635462,0.0,0.0,0,alert,image_0390.jpg
0.25631265870344866,0.007709845843111196,0.0,0.0,0,alert,img_k_14220.jpg
0.3062458209926019,0.0,0.0,0.0,0,alert,img_i_15747.jpg
0.2684719903932111,0.022413413172371204,0.0,0.0,0,alert,image_899 (2).jpg
0.3297451537278365,0.0,0.0,0.0,0,alert,image_2250 (4).jpg
0.3151752152369467,0.0,0.0,0.0,0,alert,img_i_8555.jpg
0.26614139194209824,0.2702736698670035,0.0,0.0,0,alert,image_480 (8).jpg
0.3116371592821745,0.0,0.0,0.0,0,alert,image_3712.jpg
0.3160077473908991,0.0,0.0,0.0,0,alert,img_e_1073.jpg
0.25617061784093864,0.0,0.0,0.0,0,alert,img_c_11397.jpg
0.293905766204381,0.007963388799308569,0.0,0.0,0,alert,img_j_2639.jpg
0.29459226295043994,0.0,0.0,0.0,0,alert,image__5220.jpg
0.31002204640316633,0.0,0.0,0.0,0,alert,image_3074.jpg
0.29783738464505505,0.0,0.0,0.0,0,alert,image_15921.jpg
0.3317649026886289,0.0,0.0,0.0,0,alert,img_i_4582.jpg
0.3003156770026234,0.0,0.0,0.0,0,alert,img_a_1290.jpg
0.24414833156850357,0.2545217467803005,0.0,0.0,0,alert,image_1020 (4).jpg
0.2662073628713113,0.006353850527334593,0.0,0.0,0,alert,img_h_5850.jpg
0.2957151110213889,0.008241695970710049,0.0,0.0,0,alert,img_f_10643.jpg
0.24366327603488863,0.011473428812653667,0.0,0.0,0,alert,img_e_16762.jpg
0.29944230377532144,0.0,0.0,0.0,0,alert,img_f_232 (2).jpg
0.3125205208365873,0.0,0.0,0.0,0,alert,img_i_15196.jpg
0.28282309802987704,0.0,0.0,0.0,0,alert,image_0227.jpg
0.319227549389172,0.008723731967066729,0.0,0.0,0,alert,img_b_1566.jpg
0.35024113983538663,0.12432729853513431,0.0,0.0,0,alert,image_2430.jpg
0.27531133777795697,0.003228798077184669,0.0,0.0,0,alert,img_k_4260.jpg
0.2891509794562225,0.0,0.0,0.0,0,alert,image_330 (3).jpg
0.31877569164175035,0.0,0.0,0.0,0,alert,img_i_10788.jpg
0.26504461470102425,0.03290815948258338,0.0,0.0,0,alert,image_4727.jpg
0.33331842959304336,0.01503716878814611,0.0,0.0,0,alert,img_e_2220.jpg
0.2666656488565992,0.0,0.0,0.0,0,alert,img_c_1566.jpg
0.3249444476917056,0.0,0.0,0.0,0,alert,image_580.jpg
0.2558967280902912,0.013318838396745422,0.0,0.0,0,alert,img_h_9930.jpg
0.32051184459333926,0.0,0.0,0.0,0,alert,img_i_2871.jpg
0.2634007534132092,0.0,0.0,0.0,0,alert,img_f_17110.jpg
0.29177563596794354,0.007751006425017341,0.0,0.0,0,alert,image_0233.jpg
0.28287936503229705,0.0034654603299450588,0.0,0.0,0,alert,img_k_9750.jpg
0.2528883540203891,0.006399614969786011,0.0,0.0,0,alert,img_h_2130.jpg
0.2559452710997276,0.006477004502403835,0.0,0.0,0,alert,img_h_15240.jpg
0.2120997879281845,0.013823710388998151,0.0,0.0,0,alert,img_c_13543.jpg
0.24133543353392312,0.012811040536278705,0.0,0.0,0,alert,img_c_11426.jpg
0.27435619441287634,0.0,0.0,0.0,0,alert,image_180 (7).jpg
0.3250494939076939,0.0,0.0,0.0,0,alert,img_i_5887.jpg
0.26615282124078155,0.0,0.0,0.0,0,alert,image_420 (4).jpg
0.31595804114219816,0.007990799830880156,0.0,0.0,0,alert,img_f_725.jpg
0.325894166275767,0.0099999999,0.0,0.0,0,alert,img_e_180.jpg
0.2506313360233765,0.0,0.0,0.0,0,alert,img_h_19320.jpg
0.33040038301697994,0.0,0.0,0.0,0,alert,img_i_11455.jpg
0.262504333013314,0.006896510698631546,0.0,0.0,0,alert,img_k_14340.jpg
0.24552224419082158,0.0,0.0,0.0,0,alert,img_h_14610.jpg
0.3114798566829621,0.0,0.0,0.0,0,alert,image_8874.jpg
0.33935479946631064,0.0,0.0,0.0,0,alert,img_i_1363.jpg
0.28076292635083666,0.0,0.0,0.0,0,alert,img_h_2970 - Copy.jpg
0.3183886958485739,0.0,0.0,0.0,0,alert,image_8323.jpg
0.3439318264544746,0.021737846100907683,0.0,0.0,0,alert,img_e_3300.jpg
0.27438074503713417,0.007778392330584801,0.0,0.0,0,alert,img_f_18009.jpg
0.28395631694710166,0.01723881695366797,0.0,0.0,0,alert,image_3510.jpg
0.29827198458083537,0.012180638279984448,0.0,0.0,0,alert,img_c_2523.jpg
0.2881104277936934,0.0044938260585453875,0.0,0.0,0,alert,img_k_5340.jpg
0.2649482456604905,0.09285477347988585,0.0,0.0,0,alert,image_580 (2).jpg
0.30238944634139003,0.006901970332040714,0.0,0.0,0,alert,img_j_2349.jpg
0.28401495052975345,0.007849719109889805,0.0,0.0,0,alert,img_a_765.jpg
0.3112073837773023,0.006992323098328207,0.0,0.0,0,alert,img_j_2407.jpg
0.286000089624695,0.0,0.0,0.0,0,alert,img_f_10469.jpg
0.276927019219966,0.0034006524321887814,0.0,0.0,0,alert,img_k_8880.jpg
0.25489249006771625,0.01122250339202457,0.0,0.0,0,alert,img_e_4321.jpg
0.32000792567819464,0.0,0.0,0.0,0,alert,img_i_6815.jpg
0.32018194265095645,0.0,0.0,0.0,0,alert,image_9773.jpg
0.31520759205837523,0.0,0.0,0.0,0,alert,image_3538.jpg
0.30750785064035646,0.0,0.0,0.0,0,alert,img_h_1410 - Copy.jpg
0.25501847497170876,0.0032511086032895762,0.0,0.0,0,alert,img_k_4710.jpg
0.22569262187980257,0.012642032923487357,0.0,0.0,0,alert,img_c_11803.jpg
0.3045097712490162,0.0,0.0,0.0,0,alert,img_i_4031.jpg
0.27484716246365937,0.0043101846535166955,0.0,0.0,0,alert,image__10382.jpg
0.2888872952027526,0.005032788460285789,0.0,0.0,0,alert,img_k_11760.jpg
0.3142938958820131,0.0,0.0,0.0,0,alert,image_10440.jpg
0.2525077432524093,0.0,0.0,0.0,0,alert,img_c_1943.jpg
0.29503584666482663,0.0,0.0,0.0,0,alert,img_i_17226.jpg
0.3040504371860338,0.008163605255110364,0.0,0.0,0,alert,img_f_16965.jpg
0.2740091410136764,0.007681180286871952,0.0,0.0,0,alert,img_k_510.jpg
0.29070216126618115,0.007692080060171119,0.0,0.0,0,alert,image__1189 (2).jpg
0.2847939346246397,0.0,0.0,0.0,0,alert,img_f_2059.jpg
0.2970351651920637,0.0,0.0,0.0,0,alert,img_i_5307.jpg
0.29536588398489305,0.0,0.0,0.0,0,alert,image_17313.jpg
0.3522254405336621,0.0,0.0,0.0,0,alert,img_i_7511.jpg
0.2538140232355396,0.0,0.0,0.0,0,alert,image_1740 (4).jpg
0.3414994615442978,0.00732900718479422,0.0,0.0,0,alert,img_i_1160.jpg
0.2829798400228276,0.007905447046562658,0.0,0.0,0,alert,img_f_7134.jpg
0.2085545685896226,0.0,0.0,0.0,0,alert,img_c_14007.jpg
0.24072346399774713,0.0,0.0,0.0,0,alert,img_c_14761.jpg
0.28111214668840967,0.0,0.0,0.0,0,alert,img_h_2760 - Copy.jpg
0.3095670542932141,0.0,0.0,0.0,0,alert,image_10469.jpg
0.2811982187747841,0.0034448163865080715,0.0,0.0,0,alert,img_k_16740.jpg
0.28578220020534806,0.09365942774711326,0.0,0.0,0,alert,image_754.jpg
0.3150436196420754,0.0,0.0,0.0,0,alert,img_k_12240.jpg
0.267254510167346,0.0,0.0,0.0,0,alert,img_h_5460.jpg
0.3162647950267623,0.0,0.0,0.0,0,alert,image_6496.jpg
0.2721763298382499,0.0035712235836111196,0.0,0.0,0,alert,img_k_17310.jpg
0.3221251308355097,0.010505383997813854,0.0,0.0,0,alert,img_j_1682.jpg
0.26273783645449544,0.0,0.0,0.0,0,alert,img_h_17640.jpg
0.3072968565778836,0.0,0.0,0.0,0,alert,img_a_1050.jpg
0.2658085989008466,0.00841257434797974,0.0,0.0,0,alert,img_f_2958 (2).jpg
0.2982705625546441,0.0,0.0,0.0,0,alert,img_i_8178.jpg
0.33156846215488944,0.0,0.0,0.0,0,alert,img_i_4756.jpg
0.28554024187672417,0.10599978641163202,0.0,0.0,0,alert,image_450 (3).jpg
0.28542903589600266,0.011111110987654323,0.0,0.0,0,alert,image_18009.jpg
0.29879219202564045,0.0,0.0,0.0,0,alert,img_f_9657.jpg
0.317834581451105,0.0,0.0,0.0,0,alert,img_f_17313.jpg
0.30641321423276313,0.0,0.0,0.0,0,alert,img_k_6660.jpg
0.2213638261717099,0.20302737190477751,0.0,0.0,0,alert,image_1050 (3).jpg
0.3070896222116364,0.0,0.0,0.0,0,alert,image_783.jpg
0.2568275028750914,0.016552117705599244,0.0,0.0,0,alert,image_4524.jpg
0.2702299942551698,0.008042577447539227,0.0,0.0,0,alert,img_f_7685.jpg
0.3241209691372376,0.005809144599859004,0.0,0.0,0,alert,img_i_14935.jpg
0.27816665211946445,0.0,0.0,0.0,0,alert,image_16965.jpg
0.3278327456281523,0.15540214422254608,0.0,0.0,0,alert,image_2010 (2).jpg
0.29120449995389713,0.0,0.0,0.0,0,alert,img_f_10440.jpg
0.2826131852612871,0.0066594930453449065,0.0,0.0,0,alert,image__1537.jpg
0.24685810132415903,0.012172513941941548,0.0,0.0,0,alert,img_c_4147.jpg
0.3292441325567888,0.006780167408604895,0.0,0.0,0,alert,img_i_4959.jpg
0.3192765278507204,0.0,0.0,0.0,0,alert,image_5046 (2).jpg
0.2851820819881955,0.0034522805195055795,0.0,0.0,0,alert,img_k_7230.jpg
0.3046245749288421,0.008196721244289171,0.0,0.0,0,alert,image__1363 (2).jpg
0.2527714801407533,0.00632911388399295,0.0,0.0,0,alert,img_h_11580.jpg
0.3254936141321011,0.0,0.0,0.0,0,alert,image_3277.jpg
0.2986472195547992,0.0,0.0,0.0,0,alert,img_i_16878.jpg
0.348351582357861,0.0,0.0,0.0,0,alert,img_i_3944.jpg
0.29177768008149707,0.006688813553792128,0.0,0.0,0,alert,img_k_16230.jpg
0.2541999089641194,0.0,0.0,0.0,0,alert,img_h_1410.jpg
0.3309238772221823,0.0,0.0,0.0,0,alert,img_i_5104.jpg
0.32714298048087087,0.0,0.0,0.0,0,alert,img_i_8352.jpg
0.32276886206421584,0.0,0.0,0.0,0,alert,image_10643.jpg
0.2792157820242026,0.0,0.0,0.0,0,alert,img_f_15921.jpg
0.2664145904914549,0.08303361613379007,0.0,0.0,0,alert,image_4901.jpg
0.29036810954965087,0.010925862706996862,0.0,0.0,0,alert,img_f_5713 (2).jpg
0.3147970122621764,0.007180321812148355,0.0,0.0,0,alert,img_j_2610.jpg
0.2763781750480443,0.0,0.0,0.0,0,alert,image_0232.jpg
0.2765210125161295,0.0,0.0,0.0,0,alert,img_f_493 (2).jpg
0.33026492857035916,0.0,0.0,0.0,0,alert,img_e_630.jpg
0.3120274098577487,0.0,0.0,0.0,0,alert,image_9570.jpg
0.29258050365672655,0.003365420386732682,0.0,0.0,0,alert,img_k_2610.jpg
0.26671358781962984,0.0,0.0,0.0,0,alert,image_0226.jpg
0.25042791134607156,0.012330652925613746,0.0,0.0,0,alert,img_c_3364.jpg
0.3092594227504761,0.0,0.0,0.0,0,alert,image_6119.jpg
0.2942291475561919,0.0033205004048433217,0.0,0.0,0,alert,img_k_3240.jpg
0.270088776686789,0.0,0.0,0.0,0,alert,img_f_17893.jpg
0.2531919878701002,0.0064018439556611925,0.0,0.0,0,alert,img_h_7920.jpg
0.27678576898213403,0.08994677488284782,0.0,0.0,0,alert,img_k_7740.jpg
0.27769394676070625,0.09998000399880043,0.0,0.0,0,alert,image_1110.jpg
0.21889167962236453,0.0,0.0,0.0,0,alert,img_c_12847.jpg
0.2762937745586399,0.011261932442432177,0.0,0.0,0,alert,img_f_17139.jpg
0.30415244630370397,0.010866997586516148,0.0,0.0,0,alert,image_1798 (2).jpg
0.33187030044795945,0.006757682315344709,0.0,0.0,0,alert,img_i_6380.jpg
0.3051070803263115,0.01122250339202457,0.0,0.0,0,alert,img_e_3103.jpg
0.3062719288700027,0.010869565099243857,0.0,0.0,0,alert,image_8120.jpg
0.2958455445994008,0.0,0.0,0.0,0,alert,img_k_9180.jpg
0.3141567754421203,0.006425456124062935,0.0,0.0,0,alert,img_i_4408.jpg
0.2732877997765646,0.0,0.0,0.0,0,alert,img_i_11252.jpg
0.35753130302211433,0.010199303715255336,0.0,0.0,0,alert,image_0391.jpg
0.0389955621755831,0.0,1.0,0.0,0,alert,image_1682 (2).jpg
0.30824545651017093,0.0034236738956364096,0.0,0.0,0,alert,img_k_16350.jpg
0.20974798183846233,0.22605324383228395,0.0,0.0,0,alert,image_2490 (2).jpg
0.25335013433503195,0.014291548670533092,0.0,0.0,0,alert,img_h_12300.jpg
0.24566456622855606,0.0,0.0,0.0,0,alert,img_h_5070.jpg
0.2591873227904027,0.0,0.0,0.0,0,alert,img_h_17250.jpg
0.30004804564212584,0.007734296681828492,0.0,0.0,0,alert,img_k_17700.jpg
0.2944664603549384,0.008328707488792251,0.0,0.0,0,alert,img_a_1440.jpg
0.2586323548964156,0.0,0.0,0.0,0,alert,image_270 (7).jpg
0.3603584635259696,0.0,0.0,0.0,0,alert,img_b_2697.jpg
0.2937712223930537,0.0,0.0,0.0,0,alert,img_e_60.jpg
0.2913019962223887,0.006621122823906163,0.0,0.0,0,alert,img_k_13200.jpg
0.3303903909092386,0.012189684472640114,0.0,0.0,0,alert,image__1682.jpg
0.29743531571578546,0.0,0.0,0.0,0,alert,image_8700 (2).jpg
0.2838145087487683,0.0,0.0,0.0,0,alert,img_i_16501.jpg
0.24044120979913794,0.0,0.0,0.0,0,alert,img_e_9599.jpg
0.27971404331169514,0.012330652925613746,0.0,0.0,0,alert,img_c_2697.jpg
0.2931275525259813,0.00837384670815618,0.0,0.0,0,alert,img_f_14587.jpg
0.2778530553072245,0.0069724089409070635,0.0,0.0,0,alert,img_i_16298.jpg
0.3504488945735007,0.0,0.0,0.0,0,alert,img_e_1890.jpg
0.3251840825916794,0.0,0.0,0.0,0,alert,image_0420.jpg
0.3092453846239749,0.0047794398500679795,0.0,0.0,0,alert,img_k_6270.jpg
0.35621635102746263,0.0,0.0,0.0,0,alert,img_b_2668.jpg
0.23929603088005702,0.006522725586023417,0.0,0.0,0,alert,img_h_2910.jpg
0.326359982115882,0.007999999936,0.0,0.0,0,alert,img_a_360.jpg
0.30764539351810827,0.0,0.0,0.0,0,alert,img_j_6264.jpg
0.2945061537868281,0.0,0.0,0.0,0,alert,img_c_2668.jpg
0.3238687024487019,0.011235245746052327,0.0,0.0,0,alert,img_e_750.jpg
0.3589517548399794,0.0,0.0,0.0,0,alert,image_0434.jpg
0.3058950264805091,0.0,0.0,0.0,0,alert,image_10904.jpg
0.2782751763047185,0.0,0.0,0.0,0,alert,img_f_2204 (2).jpg
0.28622830438981084,0.0,0.0,0.0,0,alert,image_8040.jpg
0.30429219154156995,0.0,0.0,0.0,0,alert,image_16385.jpg
0.27688955704282225,0.0,0.0,0.0,0,alert,img_e_16617.jpg
0.24336891253317938,0.17374889458950452,0.0,0.0,0,alert,image_840 (5).jpg
0.3085964365073415,0.010988347420867866,0.0,0.0,0,alert,image_10092.jpg
0.29864937563665306,0.004885756959569668,0.0,0.0,0,alert,img_k_7620.jpg
0.24197108205923729,0.008939267264686761,0.0,0.0,0,alert,img_h_11190.jpg
0.28198708688680396,0.003410110472113912,0.0,0.0,0,alert,img_k_840.jpg
0.28274730889968935,0.0,0.0,0.0,0,alert,image_0408.jpg
0.05056274551609011,0.0,1.0,0.0,0,alert,image_7830.jpg
0.3520658142310302,0.25171082054487764,0.0,0.0,0,alert,image_0187.jpg
0.2634984096851144,0.0,0.0,0.0,0,alert,image_1260 (2).jpg
0.2958382533035501,0.0033740488254312114,0.0,0.0,0,alert,img_k_16620.jpg
0.3133089168165789,0.007271429295410696,0.0,0.0,0,alert,img_i_15544.jpg
0.24256300833680067,0.0,0.0,0.0,0,alert,image_2784.jpg
0.3115972947468435,0.0,0.0,0.0,0,alert,image_11165.jpg
0.3165142309574921,0.13461538202662726,0.0,0.0,0,alert,image_0 (10).jpg
0.39074650546440504,0.1861314399795179,0.0,0.0,0,alert,image_0193.jpg
0.2791500207863826,0.1335661711322313,0.0,0.0,0,alert,image_2220 (3).jpg
0.27965133784673046,0.006312447006670228,0.0,0.0,0,alert,image__10585.jpg
0.2611902543317349,0.08088016595284991,0.0,0.0,0,alert,image_754 (3).jpg
0.23029665513583558,0.0,0.0,0.0,0,alert,img_c_11745.jpg
0.32111452746341923,0.006249969463114331,0.0,0.0,0,alert,img_k_13770.jpg
0.29635123326753754,0.0,0.0,0.0,0,alert,img_h_4530 - Copy.jpg
0.31881011982938084,0.0,0.0,0.0,0,alert,img_i_11078.jpg
0.2836890353433728,0.0067381711598891395,0.0,0.0,0,alert,img_g_1380.jpg
0.3259943702241964,0.0,0.0,0.0,0,alert,img_i_6960.jpg
0.25855750036590985,0.008836073867836828,0.0,0.0,0,alert,img_h_19080.jpg
0.37282715667870725,0.25416763013168864,0.0,0.0,0,alert,image_1560 (5).jpg
0.284056153477503,0.0,0.0,0.0,0,alert,img_f_5858.jpg
0.33907044750612614,0.21359445273526426,0.0,0.0,0,alert,image_0178.jpg
0.23732010973025636,0.006886079044323258,0.0,0.0,0,alert,image_1479 (3).jpg
0.3174730264598265,0.0,0.0,0.0,0,alert,image_14790.jpg
0.28103426468036347,0.0,0.0,0.0,0,alert,img_i_986.jpg
0.31480595721502896,0.08508712415234869,0.0,0.0,0,alert,image_1500.jpg
0.30258038424750444,0.0,0.0,0.0,0,alert,img_k_7350.jpg
0.339826318578623,0.0,0.0,0.0,0,alert,image_660 (2).jpg
0.28403069931402725,0.0,0.0,0.0,0,alert,img_j_6728.jpg
0.28181419988436945,0.0,0.0,0.0,0,alert,img_h_2280 - Copy.jpg
0.2503485437409263,0.007920559085112487,0.0,0.0,0,alert,img_e_5162.jpg
0.27523259492278623,0.0,0.0,0.0,0,alert,img_f_5684.jpg
0.24804656690633192,0.0,0.0,0.0,0,alert,img_c_3770.jpg
0.30847737939346476,0.0,0.0,0.0,0,alert,image_6525.jpg
0.2351261504342795,0.1310174982469458,0.0,0.0,0,alert,image_2146 (2).jpg
0.3047673438858981,0.010988347420867866,0.0,0.0,0,alert,image_14964.jpg
0.24822071996885184,0.0,0.0,0.0,0,alert,img_c_3016.jpg
0.2799185413638699,0.0,0.0,0.0,0,alert,img_a_600.jpg
0.2638828480508466,0.43072073686629814,0.0,0.0,0,alert,image_1560 (4).jpg
0.32179231073292247,0.0,0.0,0.0,0,alert,image_9164.jpg
0.27867249690878726,0.00860026137795777,0.0,0.0,0,alert,img_f_15312.jpg
0.28471265296542536,0.0,0.0,0.0,0,alert,img_j_2204.jpg
0.2659933108550215,0.013876848044826863,0.0,0.0,0,alert,img_d_16704.jpg
0.3175581036528702,0.0,0.0,0.0,0,alert,img_i_8961.jpg
0.29551221057441757,0.007327433000781843,0.0,0.0,0,alert,img_j_3132.jpg
0.2619223158513056,0.00619673365656362,0.0,0.0,0,alert,img_h_2280.jpg
0.2711050240928139,0.00412870793751564,0.0,0.0,0,alert,image_1276.jpg
0.2682225711827485,0.008304547916408481,0.0,0.0,0,alert,image_0168.jpg
0.30858909299363124,0.0,0.0,0.0,0,alert,image_1479 (2).jpg
0.2740547001345515,0.006847869540820425,0.0,0.0,0,alert,image__464.jpg
0.24673015057006006,0.0,0.0,0.0,0,alert,img_h_6780.jpg
0.26340890521234656,0.18962698649034768,0.0,0.0,0,alert,image_660 (3).jpg
0.2915843959002524,0.00837384670815618,0.0,0.0,0,alert,img_f_12441.jpg
0.336254770635412,0.0072093724571308535,0.0,0.0,0,alert,img_j_841.jpg
0.28694919906338495,0.007691397462444397,0.0,0.0,0,alert,image_8520.jpg
0.2871098594372875,0.007979344211185378,0.0,0.0,0,alert,img_f_1421.jpg
0.29984406726182533,0.0,0.0,0.0,0,alert,image_0197.jpg
0.30631730230423576,0.004910345341157748,0.0,0.0,0,alert,img_k_12330.jpg
0.24083460907969506,0.0,0.0,0.0,0,alert,img_h_12660.jpg
0.24438547530099128,0.0,0.0,0.0,0,alert,img_c_261.jpg
0.3143018602169909,0.0,0.0,0.0,0,alert,image_2958.jpg
0.28531274598183987,0.019227213861657447,0.0,0.0,0,alert,image_1260 (3).jpg
0.31825705875927063,0.010635890632165756,0.0,0.0,0,alert,img_e_2190.jpg
0.27542814463829113,0.008241695970710049,0.0,0.0,0,alert,img_f_13978.jpg
0.31325291892887863,0.010750202460471602,0.0,0.0,0,alert,image_5945.jpg
0.2928112499828248,0.0,0.0,0.0,0,alert,img_i_3161.jpg
0.2283686412141251,0.16717826802889657,0.0,0.0,0,alert,image_630.jpg
0.33153671157255504,0.0,0.0,0.0,0,alert,img_i_5510.jpg
0.35701642149679336,0.01424940985400695,0.0,0.0,0,alert,image_0183.jpg
0.2851190237147153,0.007917579377556142,0.0,0.0,0,alert,img_f_5858 (2).jpg
0.31283220048423105,0.0,0.0,0.0,0,alert,image_2220 (2).jpg
0.31874779659585084,0.0,0.0,0.0,0,alert,image_9831.jpg
0.3175292432514164,0.0,0.0,0.0,0,alert,img_i_6757.jpg
0.2650964385890745,0.0,0.0,0.0,0,alert,img_h_30.jpg
0.30120998508774244,0.008169323877789299,0.0,0.0,0,alert,img_f_10295.jpg
0.2841730330369183,0.0035198614035391864,0.0,0.0,0,alert,img_k_5580.jpg
0.30155164546469837,0.0,0.0,0.0,0,alert,img_h_1440 - Copy.jpg
0.3186035044186179,0.0,0.0,0.0,0,alert,image_754 (2).jpg
0.2625139270709692,0.006466838961217031,0.0,0.0,0,alert,img_h_4140.jpg
0.2633215355888625,0.00644959977314952,0.0,0.0,0,alert,img_h_13230.jpg
0.2897045401647277,0.004690005386749458,0.0,0.0,0,alert,img_k_1080.jpg
0.26653905055337085,0.006289183752194908,0.0,0.0,0,alert,img_h_17730.jpg
0.28239644887443927,0.005083811145154689,0.0,0.0,0,alert,img_k_10080.jpg
0.38136059308407394,0.0,0.0,0.0,0,alert,image_0430.jpg
0.28783638998697997,0.008127664085510588,0.0,0.0,0,alert,img_e_754.jpg
0.2604717437700789,0.004826217712708667,0.0,0.0,0,alert,img_k_14580.jpg
0.27590134569854485,0.0,0.0,0.0,0,alert,img_i_11281.jpg
0.2984772820041367,0.0,0.0,0.0,0,alert,img_k_2760.jpg
0.32665635662982895,0.0,0.0,0.0,0,alert,img_i_2900.jpg
0.34152122263664386,0.012044696342485318,0.0,0.0,0,alert,image_0424.jpg
0.2427402220424322,0.004131349679654842,0.0,0.0,0,alert,image_2233.jpg
0.31619403419603365,0.0,0.0,0.0,0,alert,img_e_1102.jpg
0.21756299429325415,0.0,0.0,0.0,0,alert,img_c_15080.jpg
0.2986533573027689,0.008029862312487894,0.0,0.0,0,alert,img_f_9280.jpg
0.25607985336517725,0.15492886524866967,0.0,0.0,0,alert,image_840 (4).jpg
0.28659797282448074,0.0,0.0,0.0,0,alert,img_f_15892.jpg
0.25535388351829824,0.04487780683215968,0.0,0.0,0,alert,image_4118.jpg
0.30684748729699285,0.002958566924475502,0.0,0.0,0,alert,img_k_3330.jpg
0.26415927048344356,0.0,0.0,0.0,0,alert,img_h_15480.jpg
0.3381577648508821,0.0,0.0,0.0,0,alert,image_0418.jpg
0.2678221693324754,0.006661339680438483,0.0,0.0,0,alert,img_h_8550.jpg
0.2921927408005952,0.012087295301588034,0.0,0.0,0,alert,image__841.jpg
0.33049835588766363,0.0,0.0,0.0,0,alert,image_0395.jpg
0.23554010752268129,0.007631586816680114,0.0,0.0,0,alert,img_e_58.jpg
0.3098611095224424,0.008264180519112698,0.0,0.0,0,alert,img_e_783.jpg
0.3131703949898832,0.0,0.0,0.0,0,alert,image_0381.jpg
0.2614026945371739,0.008876885754644567,0.0,0.0,0,alert,img_h_1560.jpg
0.23763036841030968,0.006800203962937686,0.0,0.0,0,alert,image_1682 (3).jpg
0.29458419908436256,0.0072868569460061245,0.0,0.0,0,alert,img_j_464.jpg
0.328276167923054,0.0,0.0,0.0,0,alert,img_i_8236.jpg
0.33988428199042214,0.006844019344812407,0.0,0.0,0,alert,img_i_7105.jpg
0.27806543280629203,0.0,0.0,0.0,0,alert,img_f_8613.jpg
0.27483029857304175,0.0,0.0,0.0,0,alert,image_270 (6).jpg
0.31417767989803047,0.0,0.0,0.0,0,alert,image_16356.jpg
0.2652349577498446,0.0,0.0,0.0,0,alert,img_h_13740.jpg
0.30262700359796046,0.0,0.0,0.0,0,alert,image_5684 (2).jpg
0.2720996646783848,0.0,0.0,0.0,0,alert,image_0222.jpg
0.31599257806922376,0.011883727896983326,0.0,0.0,0,alert,image__2204.jpg
0.28910828014824225,0.007935508250389604,0.0,0.0,0,alert,img_a_210.jpg
0.2793748289965039,0.0,0.0,0.0,0,alert,image_0236.jpg
0.31419708723881146,0.0,0.0,0.0,0,alert,img_i_8381.jpg
0.31282837675287756,0.007554930418042101,0.0,0.0,0,alert,img_k_6300.jpg
0.3562201568796286,0.0,0.0,0.0,0,alert,img_e_1710.jpg
0.294644871959559,0.007567336711306159,0.0,0.0,0,alert,img_k_930.jpg
0.2596767633956213,0.0,0.0,0.0,0,alert,img_g_8940.jpg
0.32555163592161673,0.0,0.0,0.0,0,alert,img_i_12818.jpg
0.31822331776414536,0.0,0.0,0.0,0,alert,image_8642.jpg
0.32187453727090254,0.0,0.0,0.0,0,alert,image_12093.jpg
0.24397406985679904,0.0067542902913583025,0.0,0.0,0,alert,image_1798 (3).jpg
0.3133933077501684,0.0,0.0,0.0,0,alert,img_i_15805.jpg
0.2995765884273573,0.0,0.0,0.0,0,alert,img_i_9048.jpg
0.32389453654158373,0.0,0.0,0.0,0,alert,image_11571.jpg
0.2528659732410215,0.007634700025662365,0.0,0.0,0,alert,img_j_13717.jpg
0.2389255587851621,0.0,0.0,0.0,0,alert,img_h_12270.jpg
0.28494668699200454,0.0034774878761312683,0.0,0.0,0,alert,img_k_12720.jpg
0.266606190163365,0.0034116978067328147,0.0,0.0,0,alert,img_k_17880.jpg
0.25229499649389947,0.006257704613950862,0.0,0.0,0,alert,img_h_16770.jpg
0.342660614594819,0.015370978386341374,0.0,0.0,0,alert,img_e_2580.jpg
0.33327591301762555,0.0,0.0,0.0,0,alert,img_i_6409.jpg
0.3090839783599405,0.0,0.0,0.0,0,alert,img_i_13253.jpg
0.2743762036773609,0.0,0.0,0.0,0,alert,img_i_58.jpg
0.23387191087604658,0.008123372249425458,0.0,0.0,0,alert,img_e_14819.jpg
0.25321378772607034,0.0,0.0,0.0,0,alert,img_h_9060.jpg
0.26890687530582513,0.0,0.0,0.0,0,alert,img_f_2262.jpg
0.26073031900293625,0.006257704613950862,0.0,0.0,0,alert,img_h_16980.jpg
0.27645145855529807,0.0031376187370546426,0.0,0.0,0,alert,img_k_5190.jpg
0.2647094498966539,0.0,0.0,0.0,0,alert,img_h_13620.jpg
0.3334455536064098,0.0,0.0,0.0,0,alert,img_i_14500.jpg
0.3094365078625887,0.0,0.0,0.0,0,alert,img_h_5580 - Copy.jpg
0.2920794690310351,0.004858434959370654,0.0,0.0,0,alert,img_k_17670.jpg
0.27107603884427467,0.0,0.0,0.0,0,alert,image_1050 (2).jpg
0.2597936971966346,0.004910434140378766,0.0,0.0,0,alert,img_k_14190.jpg
0.3145046269162686,0.0033520076045339994,0.0,0.0,0,alert,img_k_2370.jpg
0.24159807976397846,0.0,0.0,0.0,0,alert,img_h_6810.jpg
0.3461393094452492,0.01092325510251519,0.0,0.0,0,alert,img_j_6670.jpg
0.26543889411223937,0.008127664085510588,0.0,0.0,0,alert,image__1131 (2).jpg
0.3026666235110774,0.008388860208408502,0.0,0.0,0,alert,img_f_9860.jpg
0.3104138629193327,0.0,0.0,0.0,0,alert,image_8468.jpg
0.2722570214528303,0.0,0.0,0.0,0,alert,img_i_174.jpg
0.2554228801279187,0.0,0.0,0.0,0,alert,img_c_12499.jpg
0.2644891405865043,0.007737074107525198,0.0,0.0,0,alert,img_e_7163.jpg
0.28640596558989906,0.0,0.0,0.0,0,alert,image_1470.jpg
0.32519989472427485,0.0,0.0,0.0,0,alert,img_a_990.jpg
0.3498518798012647,0.0,0.0,0.0,0,alert,img_i_4785.jpg
0.31791779676834764,0.006608041682072737,0.0,0.0,0,alert,img_i_11861.jpg
0.28678299523736545,0.007256863452687738,0.0,0.0,0,alert,img_k_3720.jpg
0.3524729978936375,0.015368255369126829,0.0,0.0,0,alert,img_e_1260.jpg
0.31357476013536717,0.0,0.0,0.0,0,alert,image_5539 (2).jpg
0.24661579900011443,0.006438227758345728,0.0,0.0,0,alert,img_h_15090.jpg
0.30167205993723684,0.0,0.0,0.0,0,alert,image_16791.jpg
0.3092214056509105,0.0,0.0,0.0,0,alert,image_1740 (5).jpg
0.30441017874108556,0.007924288454708925,0.0,0.0,0,alert,img_f_522.jpg
0.3040278041402889,0.0,0.0,0.0,0,alert,img_i_17545.jpg
0.3112421294956891,0.010988347420867866,0.0,0.0,0,alert,image_15515.jpg
0.27644177364493416,0.12943004339272446,0.0,0.0,0,alert,image_750.jpg
0.2906777516028783,0.008343479077257748,0.0,0.0,0,alert,img_f_3799 (2).jpg
0.30068773496137163,0.0081190872051165,0.0,0.0,0,alert,img_f_7656.jpg
0.31882299332120156,0.0,0.0,0.0,0,alert,image_16008.jpg
0.2709486321909243,0.006358215758841365,0.0,0.0,0,alert,img_h_16200.jpg
0.25278083917267635,0.0,0.0,0.0,0,alert,img_h_1170.jpg
0.3145167808278113,0.0,0.0,0.0,0,alert,image__2610 (2).jpg
0.26660662167723553,0.009831838774187487,0.0,0.0,0,alert,img_h_2310 - Copy.jpg
0.3039388974010261,0.0,0.0,0.0,0,alert,image_17458.jpg
0.31030794337474177,0.00823750051327353,0.0,0.0,0,alert,img_f_9135.jpg
0.3188101325989814,0.010859305951152209,0.0,0.0,0,alert,image_5162 (2).jpg
0.2448019599240604,0.0,0.0,0.0,0,alert,img_h_4020.jpg
0.33770169946712514,0.0,0.0,0.0,0,alert,img_i_13079.jpg
0.24357264683827168,0.006413155804729664,0.0,0.0,0,alert,img_h_13350.jpg
0.2477350279561802,0.025969098757849297,0.0,0.0,0,alert,img_h_9510.jpg
0.2654522963849778,0.2300617618836908,0.0,0.0,0,alert,image_450 (2).jpg
0.31846550299916543,0.0,0.0,0.0,0,alert,image_8497.jpg
0.34846230746340723,0.005841563938548,0.0,0.0,0,alert,img_i_14703.jpg
0.26590947626104383,0.00889935447497357,0.0,0.0,0,alert,img_h_18210.jpg
0.3099435710120979,0.0,0.0,0.0,0,alert,img_f_16791.jpg
0.32436366383782733,0.006508756056317992,0.0,0.0,0,alert,img_i_14065.jpg
0.28820988975594547,0.004809193175228491,0.0,0.0,0,alert,img_k_7590.jpg
0.2421609897947625,0.008827806839225653,0.0,0.0,0,alert,img_h_11220.jpg
0.2620102819440814,0.0064407645174960546,0.0,0.0,0,alert,img_h_15720.jpg
0.2583216700183138,0.03223392306258043,0.0,0.0,0,alert,img_h_7500.jpg
0.3332359212353248,0.0,0.0,0.0,0,alert,img_i_13050.jpg
0.24443628517050972,0.0,0.0,0.0,0,alert,img_h_14370.jpg
0.2461703972683864,0.009082468510635527,0.0,0.0,0,alert,img_h_3000.jpg
0.2784865240167934,0.0,0.0,0.0,0,alert,img_j_13514.jpg
0.2731923568749002,0.004894879277036878,0.0,0.0,0,alert,img_k_1650.jpg
0.25022842177937354,0.0,0.0,0.0,0,alert,img_h_1830.jpg
0.3548106246438274,0.0,0.0,0.0,0,alert,img_i_3799.jpg
0.30492318389603634,0.0,0.0,0.0,0,alert,img_j_7221.jpg
0.30092542184549576,0.0,0.0,0.0,0,alert,image_7772.jpg
0.27991966023198706,0.0,0.0,0.0,0,alert,img_f_17458.jpg
0.2636136267595144,0.08725835412315872,0.0,0.0,0,alert,image_6322.jpg
0.2905646396714978,0.008309994180014466,0.0,0.0,0,alert,img_f_16008.jpg
0.3209838800860214,0.0,0.0,0.0,0,alert,img_e_812.jpg
0.3070237071347123,0.0,0.0,0.0,0,alert,img_f_12093.jpg
0.2778752701961639,0.008521833136793586,0.0,0.0,0,alert,img_f_14384.jpg
0.3213794867718421,0.1764366709511325,0.0,0.0,0,alert,image_180 (6).jpg
0.2935960786065829,0.0,0.0,0.0,0,alert,image_420 (5).jpg
0.265575918269823,0.006367360476291625,0.0,0.0,0,alert,img_h_18990.jpg
0.32358345242373926,0.010989010868252628,0.0,0.0,0,alert,image_5249 (2).jpg
0.23712589523165417,0.0,0.0,0.0,0,alert,img_h_3570.jpg
0.3032263682504562,0.0,0.0,0.0,0,alert,img_i_14529.jpg
0.24735743838788046,0.008609180830555355,0.0,0.0,0,alert,img_f_12905.jpg
0.3239903491964147,0.004212683375968527,0.0,0.0,0,alert,img_k_10650.jpg
0.26466136552616526,0.004662397331971788,0.0,0.0,0,alert,img_k_8310.jpg
0.30018612797017397,0.00831919110513487,0.0,0.0,0,alert,img_f_10121.jpg
0.23223321343812356,0.1292802210609495,0.0,0.0,0,alert,image_2001 (2).jpg
0.311013416088488,0.007611443368064121,0.0,0.0,0,alert,img_j_1334.jpg
0.3482245776890033,0.03408210764274454,0.0,0.0,0,alert,img_e_3660.jpg
0.27881958336088775,0.0062927938974366585,0.0,0.0,0,alert,img_h_17490.jpg
0.29675423836521236,0.01041158401750599,0.0,0.0,0,alert,image_0237.jpg
0.3986950978050241,0.12498007268674934,0.0,0.0,0,alert,image_2070 (4).jpg
0.3055767807489252,0.0,0.0,0.0,0,alert,img_i_377.jpg
0.2669321900491284,0.18306867802158752,0.0,0.0,0,alert,image_330 (2).jpg
0.2679060743769415,0.007673939406414161,0.0,0.0,0,alert,img_f_3828.jpg
0.3094601735632768,0.004725347036779935,0.0,0.0,0,alert,img_k_16590.jpg
0.3034542028407139,0.01187743943352436,0.0,0.0,0,alert,image__1537 (2).jpg
0.3178748630489805,0.0,0.0,0.0,0,alert,image_10875.jpg
0.2531914907289899,0.0,0.0,0.0,0,alert,image_0223.jpg
0.31627720028664197,0.006859943358641531,0.0,0.0,0,alert,img_i_2726.jpg
0.25415066127564967,0.0064398295731947506,0.0,0.0,0,alert,img_h_18600.jpg
0.2894601549447183,0.0,0.0,0.0,0,alert,img_f_2465.jpg
0.3069444124194718,0.0,0.0,0.0,0,alert,image_15892.jpg
0.27812647758143055,0.09999999800000005,0.0,0.0,0,alert,image_1200 (4).jpg
0.299422004393983,0.0,0.0,0.0,0,alert,img_i_17168.jpg
0.29110079800686367,0.0,0.0,0.0,0,alert,image_15138.jpg
0.2519437823126426,0.006397126503411075,0.0,0.0,0,alert,img_h_15330.jpg
0.2365192837596478,0.0,0.0,0.0,0,alert,img_h_2040.jpg
0.3157975368149258,0.0,0.0,0.0,0,alert,img_i_6554.jpg
0.33493551600460036,0.006813449897227106,0.0,0.0,0,alert,img_i_5075.jpg
0.25523652427557997,0.0,0.0,0.0,0,alert,img_h_10260.jpg
0.28300361177207606,0.0,0.0,0.0,0,alert,img_f_899.jpg
0.26741264161282563,0.0,0.0,0.0,0,alert,image_1920.jpg
0.24564000249722867,0.0,0.0,0.0,0,alert,img_h_14760.jpg
0.2786076978672653,0.0,0.0,0.0,0,alert,img_f_5336.jpg
0.3435828921784002,0.0,0.0,0.0,0,alert,img_i_5713.jpg
0.3311730980574252,0.0,0.0,0.0,0,alert,image_0394.jpg
0.33173501912464237,0.006825342265713199,0.0,0.0,0,alert,img_i_12992.jpg
0.2926315980612437,0.007918125440185624,0.0,0.0,0,alert,img_k_60.jpg
0.2815531848961265,0.007748213940347044,0.0,0.0,0,alert,image_8910.jpg
0.27730609773574655,0.0,0.0,0.0,0,alert,image_480 (9).jpg
0.29166745545739775,0.0,0.0,0.0,0,alert,img_i_17632.jpg
0.3105626110580749,0.0,0.0,0.0,0,alert,image__11339.jpg
0.3218892348698713,0.006849636366907321,0.0,0.0,0,alert,img_i_6583.jpg
0.2683016241476097,0.008966896977337166,0.0,0.0,0,alert,img_h_4380.jpg
0.3131666676625172,0.0,0.0,0.0,0,alert,image_0419.jpg
0.27373249357264023,0.007628033522687718,0.0,0.0,0,alert,image_16380.jpg
0.3049724123218742,0.0,0.0,0.0,0,alert,image_15689.jpg
0.27628311818304163,0.21363380253199857,0.0,0.0,0,alert,image_1500 (3).jpg
0.269041986537386,0.0,0.0,0.0,0,alert,img_h_7530 - Copy.jpg
0.277279285504604,0.00810840419109578,0.0,0.0,0,alert,img_e_5365.jpg
0.29792295940452573,0.004378852842734592,0.0,0.0,0,alert,image__667.jpg
0.3182696835137115,0.0,0.0,0.0,0,alert,img_i_2929.jpg
0.2889553966223652,0.008169323877789299,0.0,0.0,0,alert,img_f_16356.jpg
0.33217406566973373,0.0073678944474152965,0.0,0.0,0,alert,img_i_203.jpg
0.25426028330868966,0.0,0.0,0.0,0,alert,img_c_3567.jpg
0.2563166225945137,0.006486808660585596,0.0,0.0,0,alert,img_h_9840.jpg
0.32518786317836323,0.0,0.0,0.0,0,alert,image_0425.jpg
0.30622930398586534,0.0,0.0,0.0,0,alert,image_9367.jpg
0.3554703645090124,0.0,0.0,0.0,0,alert,image_0431.jpg
0.30565918722029206,0.0,0.0,0.0,0,alert,img_i_17197.jpg
0.27243051986541444,0.04176683906239823,0.0,0.0,0,alert,image_3886.jpg
0.3233114123364961,0.0,0.0,0.0,0,alert,img_i_12789.jpg
0.30932538020677225,0.011123133251081427,0.0,0.0,0,alert,img_f_696.jpg
0.30554339781519624,0.007995907079111518,0.0,0.0,0,alert,img_f_319.jpg
0.3485612652762865,0.0,0.0,0.0,0,alert,img_i_10411.jpg
0.23304078923939567,0.0,0.0,0.0,0,alert,img_c_15254.jpg
0.310205474380595,0.0037989599726817097,0.0,0.0,0,alert,img_k_11610.jpg
0.26644334797820457,0.006388113794095076,0.0,0.0,0,alert,img_h_6030.jpg
0.2588735538302041,0.0,0.0,0.0,0,alert,img_h_11340.jpg
0.30765092537694794,0.0,0.0,0.0,0,alert,image_12441.jpg
0.2993654551211926,0.0,0.0,0.0,0,alert,img_a_15.jpg
0.2982940498097457,0.0,0.0,0.0,0,alert,image_1827 (2).jpg
0.3389025467189895,0.0,0.0,0.0,0,alert,img_i_5539.jpg
0.2484438226806256,0.012341917227085853,0.0,0.0,0,alert,img_c_1827.jpg
0.30550189070217915,0.0,0.0,0.0,0,alert,img_i_17342.jpg
0.3271935960689981,0.0,0.0,0.0,0,alert,img_j_667.jpg
0.23634901498118144,0.007997696930887328,0.0,0.0,0,alert,img_e_4292.jpg
0.313958223078573,0.23569501630976783,0.0,0.0,0,alert,image_0182.jpg
0.32096708921987366,0.0,0.0,0.0,0,alert,image_15312.jpg
0.26929413201914126,0.008304547916408481,0.0,0.0,0,alert,img_f_14964.jpg
0.25589726004190183,0.0,0.0,0.0,0,alert,image_0196.jpg
0.2405855892893361,0.006484762456249365,0.0,0.0,0,alert,img_h_10710.jpg
0.2939118284371815,0.0,0.0,0.0,0,alert,image_0 (7).jpg
0.29827021007720467,0.010989010868252628,0.0,0.0,0,alert,image_16182.jpg
0.3093925307378994,0.0,0.0,0.0,0,alert,image_10295.jpg
0.21825149624474727,0.0,0.0,0.0,0,alert,img_c_15283.jpg
0.2563403125310393,0.0064018439556611925,0.0,0.0,0,alert,img_h_1950.jpg
0.258014691519999,0.0,0.0,0.0,0,alert,image_0169.jpg
0.3184747116864219,0.015368255369126829,0.0,0.0,0,alert,img_e_3270.jpg
0.26316168730052014,0.004624750309294547,0.0,0.0,0,alert,img_k_4890.jpg
0.3159765484662943,0.010866997586516148,0.0,0.0,0,alert,image_3306.jpg
0.2722960981679152,0.004796066513328706,0.0,0.0,0,alert,image__1334.jpg
0.28364052573620735,0.13139902376178833,0.0,0.0,0,alert,img_e_2146.jpg
0.31652667579023586,0.004979501728573143,0.0,0.0,0,alert,img_k_12480.jpg
0.26696961177765466,0.0,0.0,0.0,0,alert,image_2030.jpg
0.34802043812749967,0.0,0.0,0.0,0,alert,img_i_4814.jpg
0.27388474484775993,0.0,0.0,0.0,0,alert,image_0141.jpg
0.2824611654435002,0.11458568345294866,0.0,0.0,0,alert,image_180.jpg
0.2539350067031722,0.0,0.0,0.0,0,alert,img_h_8790.jpg
0.30091606353456457,0.008179155253185938,0.0,0.0,0,alert,img_a_615.jpg
0.25497748974028095,0.0,0.0,0.0,0,alert,img_e_14239.jpg
0.32300210435277354,0.0,0.0,0.0,0,alert,img_a_165.jpg
0.33194177270547176,0.0,0.0,0.0,0,alert,img_j_5568.jpg
0.25984783938402956,0.006619178879432618,0.0,0.0,0,alert,img_h_210.jpg
0.2785955030982694,0.0,0.0,0.0,0,alert,img_f_2842.jpg
0.28856664873100146,0.003209450199877818,0.0,0.0,0,alert,img_k_4110.jpg
0.3228871290495544,0.010307087577371865,0.0,0.0,0,alert,image_0157.jpg
0.2904269055432041,0.003517987711275222,0.0,0.0,0,alert,img_k_16800.jpg
0.2778183832177522,0.00924935219342726,0.0,0.0,0,alert,img_h_6240 - Copy.jpg
0.31015591639328477,0.00843799229672402,0.0,0.0,0,alert,img_f_10527.jpg
0.27884276985027223,0.00919785729046856,0.0,0.0,0,alert,image__1450.jpg
0.3542705587469288,0.0,0.0,0.0,0,alert,image_0180.jpg
0.3043598762319778,0.011284856061043593,0.0,0.0,0,alert,img_f_7047.jpg
0.262472511944138,0.0,0.0,0.0,0,alert,img_h_2160 - Copy.jpg
0.32348825692475136,0.0,0.0,0.0,0,alert,img_i_12238.jpg
0.2777926634252351,0.0,0.0,0.0,0,alert,img_h_19050.jpg
0.35803768132097386,0.2349909174839832,0.0,0.0,0,alert,image_0194.jpg
0.3052670166216179,0.0,0.0,0.0,0,alert,img_i_15225.jpg
0.2975118861876156,0.0,0.0,0.0,0,alert,img_g_1350.jpg
0.3151006209900293,0.0,0.0,0.0,0,alert,img_j_5597.jpg
0.2860391026430284,0.0,0.0,0.0,0,alert,img_b_4785.jpg
0.30328493587175687,0.0,0.0,0.0,0,alert,img_i_16704.jpg
0.3129477522610199,0.0,0.0,0.0,0,alert,image_12325.jpg
0.3460004057921561,0.0,0.0,0.0,0,alert,img_i_6032.jpg
0.30323486948126543,0.003526201807349987,0.0,0.0,0,alert,img_k_7380.jpg
0.26477237138614007,0.01075268805642271,0.0,0.0,0,alert,image_4872 (2).jpg
0.3122716755873499,0.003557277506325998,0.0,0.0,0,alert,img_k_11160.jpg
0.2689243888452937,0.00823750051327353,0.0,0.0,0,alert,img_f_2117.jpg
0.3297441122595205,0.0,0.0,0.0,0,alert,image_0427.jpg
0.31037330998533286,0.0,0.0,0.0,0,alert,image_1131 (2).jpg
0.2925665579746888,0.0,0.0,0.0,0,alert,image_240 (3).jpg
0.2956639883339411,0.004775024309703872,0.0,0.0,0,alert,img_k_16380.jpg
0.31441670920399856,0.0,0.0,0.0,0,alert,image_5365 (2).jpg
0.30793688782193407,0.0,0.0,0.0,0,alert,img_i_8584.jpg
0.3156241580637686,0.0,0.0,0.0,0,alert,image_3741 (2).jpg
0.35702412603986333,0.0,0.0,0.0,0,alert,image_0433.jpg
0.2803041005788456,0.0034383959682426643,0.0,0.0,0,alert,img_k_9150.jpg
0.24107232890606725,0.00987416556074331,0.0,0.0,0,alert,image_1363 (3).jpg
0.30882407172044796,0.007894600101597978,0.0,0.0,0,alert,img_j_7627.jpg
0.2463724323299224,0.006558540408653103,0.0,0.0,0,alert,img_h_990.jpg
0.2265022885233294,0.0,0.0,0.0,0,alert,img_e_14761.jpg
0.2631704898965034,0.0,0.0,0.0,0,alert,image_17922.jpg
0.3020045615269401,0.0,0.0,0.0,0,alert,img_e_14007.jpg
0.26230951517364803,0.0,0.0,0.0,0,alert,image_1140 (4).jpg
0.2148388972578842,0.0,0.0,0.0,0,alert,img_c_12934.jpg
0.3062282702037181,0.0,0.0,0.0,0,alert,image_3660.jpg
0.27268857253122997,0.0,0.0,0.0,0,alert,img_f_870.jpg
0.29371478685102603,0.004926018704955148,0.0,0.0,0,alert,img_k_12870.jpg
0.275141507837218,0.0,0.0,0.0,0,alert,image_1711.jpg
0.31095541180295194,0.0,0.0,0.0,0,alert,img_k_1530.jpg
0.2597453915753961,0.024385207389503706,0.0,0.0,0,alert,image_4669.jpg
0.2543271730522591,0.006340553658876265,0.0,0.0,0,alert,img_h_17280.jpg
0.3253419885266545,0.011235245746052327,0.0,0.0,0,alert,img_e_780.jpg
0.3012070699884919,0.0,0.0,0.0,0,alert,img_f_5452.jpg
0.2711949610775981,0.09968152586633114,0.0,0.0,0,alert,image_2610 (2).jpg
0.24872549787360668,0.0,0.0,0.0,0,alert,img_e_11194.jpg
0.2836936445532979,0.0,0.0,0.0,0,alert,image_2581.jpg
0.2822793177103565,0.0651558349993661,0.0,0.0,0,alert,image_540 (4).jpg
0.057261348879229644,0.0,1.0,0.0,0,alert,image_4234 (2).jpg
0.2841850276876845,0.03627519304694739,0.0,0.0,0,alert,img_k_7800.jpg
0.29946017821910276,0.00669319449513194,0.0,0.0,0,alert,img_i_13456.jpg
0.2490707980395637,0.0065004997028711015,0.0,0.0,0,alert,img_h_3360.jpg
0.3188376877792578,0.0,0.0,0.0,0,alert,image_0396.jpg
0.2655572214135891,0.0,0.0,0.0,0,alert,img_h_14010.jpg
0.2767146785846649,0.006598360588251247,0.0,0.0,0,alert,img_k_660.jpg
0.3139292106529975,0.0,0.0,0.0,0,alert,image_10730.jpg
0.32578729573305365,0.0,0.0,0.0,0,alert,img_i_12006.jpg
0.2534042091618023,0.006318870853446664,0.0,0.0,0,alert,img_h_2730.jpg
0.24196045279177478,0.006479859455445223,0.0,0.0,0,alert,img_h_7890.jpg
0.32915702712409023,0.0,0.0,0.0,0,alert,image_1650 (3).jpg
0.3140085398593305,0.0,0.0,0.0,0,alert,img_i_12760.jpg
0.2726843498368575,0.0,0.0,0.0,0,alert,img_a_1335.jpg
0.321946107548818,0.0,0.0,0.0,0,alert,image_1247 (2).jpg
0.2676768094858407,0.07220035593410856,0.0,0.0,0,alert,image_4872.jpg
0.28950554635502945,0.0,0.0,0.0,0,alert,img_f_4002.jpg
0.31938950921009646,0.0,0.0,0.0,0,alert,img_i_11484.jpg
0.25215763966239935,0.006561787106190817,0.0,0.0,0,alert,img_h_600.jpg
0.2659504801973283,0.09158719760423395,0.0,0.0,0,alert,image_0235.jpg
0.2876599281417703,0.0,0.0,0.0,0,alert,image_0221.jpg
0.3156402879983268,0.0,0.0,0.0,0,alert,image_2436.jpg
0.2802736037957576,0.004582890764677053,0.0,0.0,0,alert,img_k_4500.jpg
0.27130854098446966,0.021157210471076954,0.0,0.0,0,alert,image_2430 (3).jpg
0.28029034748070153,0.034187721860931906,0.0,0.0,0,alert,image_2378.jpg
0.28341273252186605,0.007987485362796603,0.0,0.0,0,alert,img_h_7680 - Copy.jpg
0.25784726824285964,0.010635890632165756,0.0,0.0,0,alert,image_0209.jpg
0.2768424326642532,0.006318870853446664,0.0,0.0,0,alert,img_h_4590.jpg
0.2981631880430635,0.007022776636941237,0.0,0.0,0,alert,img_j_1450.jpg
0.27262321698750147,0.08816105802791376,0.0,0.0,0,alert,image_5365.jpg
0.36897519689929115,0.08479982860275603,0.0,0.0,0,alert,image_1470 (2).jpg
0.314179877563401,0.008473359199846027,0.0,0.0,0,alert,image__1479 (2).jpg
0.22406854424730635,0.010025849817077197,0.0,0.0,0,alert,image_1508 (2).jpg
0.3508294632597781,0.0,0.0,0.0,0,alert,img_e_1920.jpg
0.3266025658927738,0.0,0.0,0.0,0,alert,img_i_10759.jpg
0.2626400869427524,0.006482445763883839,0.0,0.0,0,alert,img_h_10470.jpg
0.31921916055689364,0.009888879878902487,0.0,0.0,0,alert,img_b_2900.jpg
0.2664917786546062,0.004143353935157827,0.0,0.0,0,alert,image_1856.jpg
0.2772142400538496,0.0,0.0,0.0,0,alert,img_f_1740.jpg
0.23957013363248392,0.012794252924975697,0.0,0.0,0,alert,img_c_12673.jpg
0.28646568857121746,0.0,0.0,0.0,0,alert,img_j_261.jpg
0.2971102919997473,0.0,0.0,0.0,0,alert,image_551.jpg
0.2580464205166583,0.0,0.0,0.0,0,alert,img_f_3625.jpg
0.289329758252053,0.011373922102745964,0.0,0.0,0,alert,img_f_8758.jpg
0.3017398378699654,0.0,0.0,0.0,0,alert,img_i_16472.jpg
0.3208551449789324,0.010628679043234593,0.0,0.0,0,alert,img_e_810.jpg
0.3345441383069085,0.007584032039630348,0.0,0.0,0,alert,img_i_4553.jpg
0.27598571549203327,0.006710049404866868,0.0,0.0,0,alert,image_232 (3).jpg
0.3022086337707686,0.010862829290603036,0.0,0.0,0,alert,img_f_4176.jpg
0.3102165253001148,0.006681978472063022,0.0,0.0,0,alert,img_i_9077.jpg
0.3164954336407541,0.0,0.0,0.0,0,alert,img_b_3161.jpg
0.3263890603265747,0.0,0.0,0.0,0,alert,image_2146.jpg
0.3033747656791448,0.00721308495583541,0.0,0.0,0,alert,img_k_13830.jpg
0.3054107342514136,0.0,0.0,0.0,0,alert,img_f_290.jpg
0.24279251995069617,0.012632950639746765,0.0,0.0,0,alert,img_c_3161.jpg
0.29595637813483044,0.0,0.0,0.0,0,alert,img_f_1595.jpg
0.2811628857149107,0.16017647700910553,0.0,0.0,0,alert,image_2280 (2).jpg
0.2815971450734459,0.004273465232616488,0.0,0.0,0,alert,image__10353.jpg
0.2763410899028926,0.0,0.0,0.0,0,alert,image__261.jpg
0.2497382575975771,0.0685662254850338,0.0,0.0,0,alert,image_960.jpg
0.3021966985033966,0.0,0.0,0.0,0,alert,img_e_3306.jpg
0.24780234596458023,0.0,0.0,0.0,0,alert,img_h_12930.jpg
0.32605423275410494,0.0,0.0,0.0,0,alert,img_a_1080.jpg
0.3046305040868474,0.009035447772640504,0.0,0.0,0,alert,img_i_8816.jpg
0.31175096175221073,0.0,0.0,0.0,0,alert,image_4292.jpg
0.29539374533595375,0.0,0.0,0.0,0,alert,img_i_3770.jpg
0.33207845578415107,0.0,0.0,0.0,0,alert,img_e_390.jpg
0.32406375992397163,0.0,0.0,0.0,0,alert,img_i_3016.jpg
0.3062095059529597,0.0,0.0,0.0,0,alert,image_5829 (2).jpg
0.23588367884131334,0.009082468510635527,0.0,0.0,0,alert,img_h_14400.jpg
0.26999908157867547,0.006968641090701599,0.0,0.0,0,alert,img_k_270.jpg
0.2998597842734393,0.0,0.0,0.0,0,alert,img_k_6840.jpg
0.25700488105365055,0.0,0.0,0.0,0,alert,img_h_11550.jpg
0.3128191542878137,0.008027016173916206,0.0,0.0,0,alert,img_f_1218.jpg
0.30875463065748737,0.0,0.0,0.0,0,alert,image_16037.jpg
0.3018626532178625,0.0,0.0,0.0,0,alert,img_i_2320.jpg
0.2088585067440303,0.0,0.0,0.0,0,alert,img_c_13021.jpg
0.31666354996802626,0.0,0.0,0.0,0,alert,image_2813.jpg
0.26689794062123207,0.0,0.0,0.0,0,alert,img_h_630 - Copy.jpg
0.30415165196992777,0.011173358630955183,0.0,0.0,0,alert,img_j_6699.jpg
0.3354910119074189,0.0,0.0,0.0,0,alert,img_i_4988.jpg
0.2691235861583117,0.0,0.0,0.0,0,alert,img_f_9889.jpg
0.2923882255433534,0.008314876246334575,0.0,0.0,0,alert,img_a_945.jpg
0.3146887046334892,0.0,0.0,0.0,0,alert,image_9947.jpg
0.3465518378182171,0.007422082765235152,0.0,0.0,0,alert,img_j_4930.jpg
0.33964619871126656,0.006641769750436667,0.0,0.0,0,alert,img_i_9512.jpg
0.32572433074839835,0.014879041330768086,0.0,0.0,0,alert,img_e_2970.jpg
0.30134099504867123,0.0,0.0,0.0,0,alert,image_2340 (3).jpg
0.30153087471698703,0.003254843443622387,0.0,0.0,0,alert,img_k_13170.jpg
0.2936232573591139,0.0033828213922185903,0.0,0.0,0,alert,img_k_1860.jpg
0.3199270733038889,0.07985638604300166,0.0,0.0,0,alert,image_2190.jpg
0.3078434737052631,0.0,0.0,0.0,0,alert,img_i_11136.jpg
0.24823268886481317,0.004761661810139506,0.0,0.0,0,alert,img_k_16020.jpg
0.27721354860034125,0.008915786815777395,0.0,0.0,0,alert,img_b_4814.jpg
0.27133744722659714,0.0,0.0,0.0,0,alert,img_c_12470.jpg
0.26128823600922546,0.00837384670815618,0.0,0.0,0,alert,img_f_14152.jpg
0.24880815993680916,0.0,0.0,0.0,0,alert,img_h_2490.jpg
0.2768054156606792,0.0072093724571308535,0.0,0.0,0,alert,img_i_638.jpg
0.284538152437812,0.0,0.0,0.0,0,alert,img_f_5916.jpg
0.3028040592602803,0.0,0.0,0.0,0,alert,img_e_1276.jpg
0.29544242673607785,0.008259950648098298,0.0,0.0,0,alert,img_a_1095.jpg
0.20941830577859466,0.0,0.0,0.0,0,alert,img_c_13949.jpg
0.2956277675651183,0.0,0.0,0.0,0,alert,img_f_16037.jpg
0.30814757755125,0.0,0.0,0.0,0,alert,image_4640 (2).jpg
0.36285158759865355,0.007427813471909662,0.0,0.0,0,alert,img_i_1827.jpg
0.2641498043310717,0.0,0.0,0.0,0,alert,img_f_13601.jpg
0.29695349322228237,0.008333043927111398,0.0,0.0,0,alert,image__3132 (2).jpg
0.33722309684352403,0.011229577105116363,0.0,0.0,0,alert,img_e_420.jpg
0.266871526665602,0.0076724937251159185,0.0,0.0,0,alert,img_k_2400.jpg
0.28156179044170015,0.0034006524321887814,0.0,0.0,0,alert,img_k_11940.jpg
0.29421456020381975,0.0,0.0,0.0,0,alert,img_i_11687.jpg
0.23678523324410494,0.0072234652035022395,0.0,0.0,0,alert,img_e_9164.jpg
0.31139655021984847,0.0,0.0,0.0,0,alert,img_i_4234.jpg
0.2628785933037654,0.007382939374651156,0.0,0.0,0,alert,img_f_4611.jpg
0.3125838223278909,0.01187743943352436,0.0,0.0,0,alert,image__1827 (2).jpg
0.27925963490493677,0.007981834829177852,0.0,0.0,0,alert,img_k_17100.jpg
0.2743275892388317,0.0,0.0,0.0,0,alert,img_f_1769.jpg
0.28698131468072063,0.1542654522195219,0.0,0.0,0,alert,img_h_5880.jpg
0.34401796808841345,0.009423484415764011,0.0,0.0,0,alert,img_b_2929.jpg
0.3246131555543491,0.006752288312878758,0.0,0.0,0,alert,img_i_6351.jpg
0.32679430504678786,0.0,0.0,0.0,0,alert,img_i_12615.jpg
0.23683171586483404,0.013652592601849013,0.0,0.0,0,alert,img_c_2929.jpg
0.3175666534260424,0.003429124600226622,0.0,0.0,0,alert,img_k_9780.jpg
0.3084505408928787,0.007062245465589176,0.0,0.0,0,alert,img_i_3567.jpg
0.27758459253370926,0.0,0.0,0.0,0,alert,img_i_17023.jpg
0.27049922751078925,0.0068227206156792316,0.0,0.0,0,alert,image__1914.jpg
0.2604390306102609,0.0,0.0,0.0,0,alert,img_h_5670.jpg
0.31045326642972415,0.010752066495802473,0.0,0.0,0,alert,image_3973 (2).jpg
0.30982855288256217,0.0,0.0,0.0,0,alert,image_7598.jpg
0.28204461301510375,0.0,0.0,0.0,0,alert,image_1102.jpg
0.27797554359414056,0.0,0.0,0.0,0,alert,img_c_2726.jpg
0.29315248269199556,0.1807825828397904,0.0,0.0,0,alert,image_930 (5).jpg
0.28415173994661735,0.0,0.0,0.0,0,alert,img_h_7740 - Copy.jpg
0.2956214976718693,0.0049604431564859545,0.0,0.0,0,alert,img_k_7020.jpg
0.3425092636343572,0.0,0.0,0.0,0,alert,img_b_2726.jpg
0.28289338346459303,0.006340553658876265,0.0,0.0,0,alert,img_h_11790.jpg
0.29179532488089666,0.00330884655130703,0.0,0.0,0,alert,img_k_10860.jpg
0.29132949959070686,0.014418744914261707,0.0,0.0,0,alert,img_i_348.jpg
0.26505627781331964,0.0,0.0,0.0,0,alert,image__10150.jpg
0.2693962806311698,0.010978410107798845,0.0,0.0,0,alert,image_0208.jpg
0.2564268589103993,0.0,0.0,0.0,0,alert,image_0220.jpg
0.2647170693453136,0.007684037000144384,0.0,0.0,0,alert,img_k_15930.jpg
0.27971167465239993,0.0,0.0,0.0,0,alert,img_i_406.jpg
0.2893228757792715,0.0,0.0,0.0,0,alert,img_b_5075.jpg
0.2954552045268357,0.0,0.0,0.0,0,alert,img_e_150.jpg
0.29890667631263423,0.0,0.0,0.0,0,alert,image_0234.jpg
0.2961750148724681,0.010339265964930847,0.0,0.0,0,alert,img_j_1479.jpg
0.28616097227315396,0.0,0.0,0.0,0,alert,image_4495 (2).jpg
0.3108057136428601,0.0,0.0,0.0,0,alert,image_6902.jpg
0.31709705793633214,0.003519360006543555,0.0,0.0,0,alert,img_k_9810.jpg
0.30781290794891114,0.0,0.0,0.0,0,alert,image_8091.jpg
0.28680798493491855,0.004818563698027534,0.0,0.0,0,alert,img_k_13560.jpg
0.3184619657577881,0.13988813142552342,0.0,0.0,0,alert,image_1080 (5).jpg
0.2712940182532974,0.0,0.0,0.0,0,alert,img_a_1320.jpg
0.33488811891127335,0.0,0.0,0.0,0,alert,image_0397.jpg
0.29442418121522074,0.007772751044502364,0.0,0.0,0,alert,img_f_7250.jpg
0.33824461954000706,0.03619531527389773,0.0,0.0,0,alert,img_e_3930.jpg
0.2672729112060232,0.1548464794524155,0.0,0.0,0,alert,image_2580.jpg
0.31174373861237903,0.003605599938391547,0.0,0.0,0,alert,img_k_5970.jpg
0.2929768860935538,0.1343336505110149,0.0,0.0,0,alert,image_390 (2).jpg
0.2479227225281986,0.0,0.0,0.0,0,alert,img_h_8220.jpg
0.23526947195410336,0.009678225001649415,0.0,0.0,0,alert,image_1189 (3).jpg
0.35213881567481464,0.022674628864987105,0.0,0.0,0,alert,image_1530 (6).jpg
0.26513785713754967,0.0069183860534163255,0.0,0.0,0,alert,image__1653.jpg
0.22846958672230022,0.2503655824417219,0.0,0.0,0,alert,image_1710.jpg
0.3002819932310087,0.0051059632206717585,0.0,0.0,0,alert,img_k_7140.jpg
0.28405466977323945,0.0,0.0,0.0,0,alert,image__116.jpg
0.3225380673167584,0.0,0.0,0.0,0,alert,img_a_1485.jpg
0.3008034875817571,0.0,0.0,0.0,0,alert,image_480 (5).jpg
0.29617772185731617,0.008662961561437296,0.0,0.0,0,alert,img_f_15660.jpg
0.35783279736935947,0.010521071022541024,0.0,0.0,0,alert,image_0432.jpg
0.2644297815879736,0.008941947249319756,0.0,0.0,0,alert,img_h_19290.jpg
0.26737148938120925,0.049220474189412076,0.0,0.0,0,alert,image_4640.jpg
0.320102300063415,0.010635890632165756,0.0,0.0,0,alert,image_0426.jpg
0.3162360076463873,0.007653594155323815,0.0,0.0,0,alert,img_k_6510.jpg
0.2733078766836836,0.0,0.0,0.0,0,alert,img_i_957.jpg
0.25202919631758974,0.0,0.0,0.0,0,alert,img_h_17040.jpg
0.3160573903061743,0.0,0.0,0.0,0,alert,image_10527.jpg
0.34224079766561777,0.0,0.0,0.0,0,alert,img_a_1650.jpg
0.2860514847284348,0.0,0.0,0.0,0,alert,img_f_5916 (2).jpg
0.3022064465503411,0.008006151022861435,0.0,0.0,0,alert,img_j_7395.jpg
0.25533207957844173,0.00936565266892346,0.0,0.0,0,alert,img_h_9300.jpg
0.23742125037269785,0.0,0.0,0.0,0,alert,img_c_3799.jpg
0.30552715264299635,0.0,0.0,0.0,0,alert,img_a_825.jpg
0.2734857059596546,0.0035292530004948745,0.0,0.0,0,alert,img_k_9390.jpg
0.2709453562794776,0.02056498998358753,0.0,0.0,0,alert,image_4495.jpg
0.29042231567547916,0.00707779486383125,0.0,0.0,0,alert,img_j_116.jpg
0.37616397789974176,0.01421625314880273,0.0,0.0,0,alert,image_0195.jpg
0.31058034691269437,0.010852589185380247,0.0,0.0,0,alert,img_j_13311.jpg
0.33194549820154956,0.013088960265984146,0.0,0.0,0,alert,image_0181.jpg
0.26486288874455544,0.004910434140378766,0.0,0.0,0,alert,img_k_16140.jpg
0.3856709620128923,0.11926985119663468,0.0,0.0,0,alert,image_1620 (4).jpg
0.31053598699453333,0.010192149592758028,0.0,0.0,0,alert,img_j_1914.jpg
0.2571664617608407,0.00644464220076882,0.0,0.0,0,alert,img_h_16410.jpg
0.24657789587461218,0.1401264551236083,0.0,0.0,0,alert,image_7163.jpg
0.3445679392507829,0.0,0.0,0.0,0,alert,image_2160 (2).jpg
0.31657410320494006,0.0,0.0,0.0,0,alert,image_9628.jpg
0.24759034060273777,0.008263334025047878,0.0,0.0,0,alert,img_e_14210.jpg
0.2827587411229894,0.004682723664289376,0.0,0.0,0,alert,img_k_14970.jpg
0.3089045717829997,0.21362954476641774,0.0,0.0,0,alert,image_1260.jpg
0.30813975396447696,0.008174508238517836,0.0,0.0,0,alert,img_j_7424.jpg
0.30747841929626385,0.0,0.0,0.0,0,alert,image__2001 (2).jpg
0.2721963820036326,0.008531752340575151,0.0,0.0,0,alert,img_f_13775.jpg
0.25711195166665946,0.007865242949881245,0.0,0.0,0,alert,img_e_232.jpg
0.26331693323608263,0.006318870853446664,0.0,0.0,0,alert,img_h_15870.jpg
0.3128239245398754,0.0,0.0,0.0,0,alert,img_i_8787.jpg
0.30146040716209277,0.0,0.0,0.0,0,alert,img_i_16936.jpg
0.2756502791108028,0.019038529767883082,0.0,0.0,0,alert,image__1479.jpg
0.2767496410158079,0.020605841613265695,0.0,0.0,0,alert,image_2755.jpg
0.3380580225461649,0.011229577105116363,0.0,0.0,0,alert,img_e_540.jpg
0.32488822924848204,0.0,0.0,0.0,0,alert,image_6409 (2).jpg
0.2909172843997021,0.0,0.0,0.0,0,alert,img_f_1392.jpg
0.31306770747777907,0.0,0.0,0.0,0,alert,image_1537 (2).jpg
0.25228038997693053,0.009003165087876137,0.0,0.0,0,alert,img_h_210 - Copy.jpg
0.24871460405150728,0.0,0.0,0.0,0,alert,img_h_4680.jpg
0.32750302261110076,0.010750202460471602,0.0,0.0,0,alert,image_841 (2).jpg
0.2573270074794393,0.0063611738163773315,0.0,0.0,0,alert,img_h_1920.jpg
0.2639071664690024,0.0,0.0,0.0,0,alert,img_f_16124.jpg
0.2777241165637909,0.0034502251010645074,0.0,0.0,0,alert,img_k_1740.jpg
0.25423604833229746,0.006450404782376289,0.0,0.0,0,alert,img_h_8910.jpg
0.28512650854135824,0.08303361613379007,0.0,0.0,0,alert,image_5713.jpg
0.25723195232907414,0.0,0.0,0.0,0,alert,img_e_7714.jpg
0.2882639138023313,0.009914849987795581,0.0,0.0,0,alert,img_j_1740.jpg
0.2703095442784073,0.10133769071412999,0.0,0.0,0,alert,image_5075.jpg
0.04219051242194616,0.01075268805642271,1.0,0.0,0,alert,image_4901 (2).jpg
0.3192879144064741,0.008403361273921333,0.0,0.0,0,alert,image__2117.jpg
0.24668637082834682,0.16015006380572955,0.0,0.0,0,alert,image_6554.jpg
0.3325941411749064,0.0,0.0,0.0,0,alert,image_696.jpg
0.2683349720861471,0.0,0.0,0.0,0,alert,img_h_510.jpg
0.29855298992599694,0.1629601654258401,0.0,0.0,0,alert,image_2040.jpg
0.30483065460300207,0.0,0.0,0.0,0,alert,img_f_87.jpg
0.282450710992993,0.0,0.0,0.0,0,alert,img_f_17574.jpg
0.2810307888879727,0.0,0.0,0.0,0,alert,img_c_1102.jpg
0.23581181094216852,0.10238197396232976,0.0,0.0,0,alert,image_1972 (2).jpg
0.3075511218037463,0.0,0.0,0.0,0,alert,image_2726.jpg
0.3008394149790097,0.006608041682072737,0.0,0.0,0,alert,img_i_16762.jpg
0.3539080444527939,0.00682995737109041,0.0,0.0,0,alert,img_i_3886.jpg
0.30267783035134876,0.0,0.0,0.0,0,alert,image_14732.jpg
0.28217362015359565,0.008910653005268672,0.0,0.0,0,alert,img_h_18300.jpg
0.2629119378468693,0.0,0.0,0.0,0,alert,img_f_3509.jpg
0.32265679369490613,0.004620009658755551,0.0,0.0,0,alert,img_k_3180.jpg
0.25910271067831736,0.006522031907814963,0.0,0.0,0,alert,img_h_15630.jpg
0.31294442115028703,0.0,0.0,0.0,0,alert,img_i_9367.jpg
0.3328849380143569,0.0,0.0,0.0,0,alert,image__2842.jpg
0.29761489919310824,0.0,0.0,0.0,0,alert,img_f_1450.jpg
0.27509912194660546,0.004761661810139506,0.0,0.0,0,alert,img_k_14730.jpg
0.314077276302124,0.010750202460471602,0.0,0.0,0,alert,image_2929.jpg
0.2396501226568087,0.0,0.0,0.0,0,alert,img_h_7410.jpg
0.23183345340551928,0.10287167626951409,0.0,0.0,0,alert,image_1856 (3).jpg
0.20741386151678995,0.0,0.0,0.0,0,alert,img_c_14674.jpg
0.27792891000368924,0.006577737477776429,0.0,0.0,0,alert,img_k_10230.jpg
0.24244629255309214,0.007279902362021177,0.0,0.0,0,alert,img_e_10788.jpg
0.2976389476256348,0.04444444345679015,0.0,0.0,0,alert,image_210 (6).jpg
0.24913259626831355,0.16142495387464734,0.0,0.0,0,alert,image_6583.jpg
0.29520548153474624,0.19574006934015029,0.0,0.0,0,alert,image_1500 (4).jpg
0.2695948647472651,0.0032037955319504457,0.0,0.0,0,alert,img_k_1230.jpg
0.2721927228794718,0.00649295891506862,0.0,0.0,0,alert,img_h_17580.jpg
0.2804816956230208,0.0045204695294096915,0.0,0.0,0,alert,img_k_5730.jpg
0.31257056919279314,0.0,0.0,0.0,0,alert,image_1334 (2).jpg
0.25074301229830964,0.0324462544998499,0.0,0.0,0,alert,img_h_13080.jpg
0.28450387596636684,0.008171505563984164,0.0,0.0,0,alert,img_f_8845.jpg
0.29442542588772436,0.0,0.0,0.0,0,alert,image_600 (3).jpg
0.26256243927103773,0.09296741832482637,0.0,0.0,0,alert,image_5539.jpg
0.35118610173270465,0.010978410107798845,0.0,0.0,0,alert,image_0441.jpg
0.31514104773239743,0.0034835593704109218,0.0,0.0,0,alert,img_k_12180.jpg
0.2989732796356061,0.007874015686031372,0.0,0.0,0,alert,img_a_315.jpg
0.3167443611287475,0.0072822183437263235,0.0,0.0,0,alert,img_j_1218.jpg
0.3182019496889733,0.2073995505409703,0.0,0.0,0,alert,image_480.jpg
0.24872339504559893,0.0,0.0,0.0,0,alert,img_h_11640.jpg
0.2844363771552384,0.008392700112195589,0.0,0.0,0,alert,img_h_7590 - Copy.jpg
0.2875276628958111,0.0,0.0,0.0,0,alert,img_e_0.jpg
0.306479329937526,0.0,0.0,0.0,0,alert,image_16327.jpg
0.2726636296007383,0.008169323877789299,0.0,0.0,0,alert,img_f_15834.jpg
0.3192546115215643,0.0,0.0,0.0,0,alert,image_3886 (2).jpg
0.3158141405578848,0.007347976876393864,0.0,0.0,0,alert,image_8790.jpg
0.30000314811243556,0.17757447669395796,0.0,0.0,0,alert,image_1200 (3).jpg
0.22153436831546464,0.022445006458383352,0.0,0.0,0,alert,image_990 (2).jpg
0.32732550524557114,0.007570111583738056,0.0,0.0,0,alert,img_i_2030.jpg
0.30970099661152606,0.01075268805642271,0.0,0.0,0,alert,image_4814.jpg
0.2624784030107209,0.0,0.0,0.0,0,alert,img_f_17951.jpg
0.3083724249144071,0.0,0.0,0.0,0,alert,image_2250 (2).jpg
0.31401454692251907,0.0,0.0,0.0,0,alert,img_i_3306.jpg
0.27900944505699865,0.011781840642502085,0.0,0.0,0,alert,img_f_3045.jpg
0.2390108307080137,0.0,0.0,0.0,0,alert,img_e_29.jpg
0.3047771689476616,0.010989010868252628,0.0,0.0,0,alert,image_17777.jpg
0.2859856795746153,0.0077094333854816335,0.0,0.0,0,alert,img_f_464 (2).jpg
0.29104406809433364,0.003206429555741906,0.0,0.0,0,alert,img_k_10740.jpg
0.30826637940573715,0.1458016927359734,0.0,0.0,0,alert,image_1950.jpg
0.303641929144471,0.0,0.0,0.0,0,alert,img_h_4290.jpg
0.27131337752536333,0.0,0.0,0.0,0,alert,img_h_810 - Copy.jpg
0.2751770602034218,0.012180638279984448,0.0,0.0,0,alert,img_c_2755.jpg
0.297528576533281,0.0032087561825190655,0.0,0.0,0,alert,img_k_1350.jpg
0.25792505362367196,0.18569533389999213,0.0,0.0,0,alert,image_1020 (2).jpg
0.2710993186446542,0.006742534951829501,0.0,0.0,0,alert,image__1740.jpg
0.31236251493377454,0.010806864456584171,0.0,0.0,0,alert,img_f_406 (2).jpg
0.2655740498545977,0.0,0.0,0.0,0,alert,img_e_13108.jpg
0.3097045267713844,0.00700328876728417,0.0,0.0,0,alert,img_j_2117.jpg
0.30109239826271084,0.0,0.0,0.0,0,alert,image_0253.jpg
0.2612690538888589,0.019964096510750415,0.0,0.0,0,alert,image_2070 (3).jpg
0.28127842989782526,0.0,0.0,0.0,0,alert,img_f_5597.jpg
0.30895849277654475,0.0032523463873918887,0.0,0.0,0,alert,img_k_4200.jpg
0.319901246296932,0.0,0.0,0.0,0,alert,image_0247.jpg
0.2947109587220598,0.0,0.0,0.0,0,alert,img_f_18531.jpg
0.2751450147278679,0.0,0.0,0.0,0,alert,img_i_29.jpg
0.2911390935132237,0.010988347420867866,0.0,0.0,0,alert,image_12035.jpg
0.30859977090813107,0.0,0.0,0.0,0,alert,img_i_16414.jpg
0.2842619967301968,0.0,0.0,0.0,0,alert,img_f_5568.jpg
0.2965714366203255,0.007558209735915435,0.0,0.0,0,alert,img_f_6061.jpg
0.32077342700973066,0.010989010868252628,0.0,0.0,0,alert,image_10150.jpg
0.32127381326705895,0.0,0.0,0.0,0,alert,img_i_15109.jpg
0.24334210265989575,0.006470493039816466,0.0,0.0,0,alert,img_h_14880.jpg
0.3395234860207098,0.0,0.0,0.0,0,alert,img_i_6322.jpg
0.2779463929790634,0.01149729117635841,0.0,0.0,0,alert,image_180 (10).jpg
0.25843439144625363,0.00655121777788573,0.0,0.0,0,alert,img_h_14670.jpg
0.29917409604440226,0.0,0.0,0.0,0,alert,image_1830.jpg
0.30788958154536117,0.003032238814391708,0.0,0.0,0,alert,img_k_10620.jpg
0.26046494299254663,0.020226402447453783,0.0,0.0,0,alert,image_3799.jpg
0.22839817881679514,0.013482771416679631,0.0,0.0,0,alert,img_c_12615.jpg
0.315221303827129,0.006512481693154651,0.0,0.0,0,alert,img_i_7772.jpg
0.3178845183736292,0.0,0.0,0.0,0,alert,image_17603.jpg
0.273323325404702,0.040807828492399174,0.0,0.0,0,alert,image_420 (2).jpg
0.2742984429521278,0.007090772031828669,0.0,0.0,0,alert,img_j_87.jpg
0.25345258357156747,0.004572697889789516,0.0,0.0,0,alert,img_k_8610.jpg
0.2519116876109404,0.0,0.0,0.0,0,alert,img_e_14471.jpg
0.349143277436982,0.02511801768301273,0.0,0.0,0,alert,img_e_3360.jpg
0.26756767681355853,0.003449301359744015,0.0,0.0,0,alert,img_k_1620.jpg
0.2958959675758386,0.0,0.0,0.0,0,alert,img_f_10353.jpg
0.24225454229516352,0.0,0.0,0.0,0,alert,img_h_17190.jpg
0.2655640977433005,0.004411647819347442,0.0,0.0,0,alert,img_k_4980.jpg
0.30935862553236826,0.0,0.0,0.0,0,alert,image_12586.jpg
0.27837861557723553,0.0,0.0,0.0,0,alert,image_3570.jpg
0.25433729445104564,0.0,0.0,0.0,0,alert,img_f_9193.jpg
0.28886732505783863,0.0,0.0,0.0,0,alert,img_b_4640.jpg
0.3721119554843794,0.0,0.0,0.0,0,alert,image_1680 (3).jpg
0.36864088169989323,0.024021532686545707,0.0,0.0,0,alert,img_e_2730.jpg
0.28938479607790113,0.0,0.0,0.0,0,alert,img_h_7770 - Copy.jpg
0.32069902839071596,0.0,0.0,0.0,0,alert,img_i_13949.jpg
0.30055688395783453,0.0,0.0,0.0,0,alert,img_i_15486.jpg
0.31290961476078993,0.0,0.0,0.0,0,alert,image_11919.jpg
0.2934042135758598,0.003219764581287047,0.0,0.0,0,alert,img_k_4770.jpg
0.27706247293719893,0.008236382806288,0.0,0.0,0,alert,img_f_17400.jpg
0.2600375306945795,0.0047064165149552995,0.0,0.0,0,alert,image__1218.jpg
0.28833933591346217,0.008043357888813194,0.0,0.0,0,alert,img_a_705.jpg
0.2822259653870738,0.0035106092822184153,0.0,0.0,0,alert,img_k_9240.jpg
0.30403869485642193,0.008006151022861435,0.0,0.0,0,alert,img_j_7279.jpg
0.2756689234124056,0.004764714696638178,0.0,0.0,0,alert,image__1595.jpg
0.2573715702670212,0.0,0.0,0.0,0,alert,img_h_11250.jpg
0.2519979435048336,0.008915786839059844,0.0,0.0,0,alert,img_h_6120.jpg
0.3151744198784343,0.0,0.0,0.0,0,alert,img_i_12470.jpg
0.3166213103363197,0.010989010868252628,0.0,0.0,0,alert,image_17429.jpg
0.2471970655302851,0.006567445039609412,0.0,0.0,0,alert,img_h_15750.jpg
0.2635089514986053,0.004839282495799729,0.0,0.0,0,alert,image__2088.jpg
0.2586113123322736,0.0,0.0,0.0,0,alert,img_c_11136.jpg
0.291237924932435,0.0,0.0,0.0,0,alert,img_f_5742.jpg
0.31341387660789466,0.0,0.0,0.0,0,alert,image_11716.jpg
0.2822651467201154,0.011620838482857106,0.0,0.0,0,alert,img_f_7627.jpg
0.30620933957329477,0.0,0.0,0.0,0,alert,img_k_10350.jpg
0.2798202643468943,0.007441992426779276,0.0,0.0,0,alert,img_f_2987.jpg
0.2992687879439976,0.004743013335343194,0.0,0.0,0,alert,img_k_570.jpg
0.31495769622472514,0.009270193730720688,0.0,0.0,0,alert,img_i_13746.jpg
0.32692758642807884,0.01098635779946758,0.0,0.0,0,alert,image_4176 (2).jpg
0.33492596293802535,0.0,0.0,0.0,0,alert,img_i_13021.jpg
0.31571656661183334,0.0,0.0,0.0,0,alert,image_17400.jpg
0.2561612491048576,0.006641769750436667,0.0,0.0,0,alert,img_h_5400.jpg
0.254104300428284,0.0063210165016989285,0.0,0.0,0,alert,img_h_8130.jpg
0.2932369093627854,0.0,0.0,0.0,0,alert,img_f_11919.jpg
0.28771624018454683,0.0,0.0,0.0,0,alert,img_b_4872.jpg
0.30051508175543684,0.00934906123439014,0.0,0.0,0,alert,img_i_8642.jpg
0.26339138157626985,0.2142515531772846,0.0,0.0,0,alert,image_1740 (2).jpg
0.27630925227952186,0.007887966085983316,0.0,0.0,0,alert,img_e_16298.jpg
0.25327304435211895,0.19269756489695394,0.0,0.0,0,alert,image_720.jpg
0.28452071299133397,0.008020558915925152,0.0,0.0,0,alert,img_f_12586.jpg
0.30053592641980814,0.0,0.0,0.0,0,alert,image_8381.jpg
0.28696714236587495,0.019198844663627604,0.0,0.0,0,alert,image_450 (5).jpg
0.2860828080721363,0.0,0.0,0.0,0,alert,img_c_2581.jpg
0.30962455217795687,0.010988347420867866,0.0,0.0,0,alert,image_10353.jpg
0.29284039446717003,0.005050247399646879,0.0,0.0,0,alert,img_k_17370.jpg
0.31591877379622746,0.0,0.0,0.0,0,alert,img_i_10266.jpg
0.31912144816629007,0.008770580116147217,0.0,0.0,0,alert,image__1885 (2).jpg
0.28049705410929254,0.003105051048685528,0.0,0.0,0,alert,img_k_5490.jpg
0.23362995598714376,0.019376222701113204,0.0,0.0,0,alert,img_h_13320.jpg
0.25789744652133456,0.006542798989569453,0.0,0.0,0,alert,img_h_4050.jpg
0.2561618311969629,0.0,0.0,0.0,0,alert,img_c_1711.jpg
0.2858771343227199,0.0,0.0,0.0,0,alert,img_i_17284.jpg
0.299935174735759,0.011824180837085491,0.0,0.0,0,alert,img_f_11716.jpg
0.26681575640887834,0.00970462225075412,0.0,0.0,0,alert,img_b_4669.jpg
0.2835449346278123,0.0,0.0,0.0,0,alert,img_k_6600.jpg
0.2943579844716633,0.008899883110591776,0.0,0.0,0,alert,img_b_1711.jpg
0.31089308144112066,0.0,0.0,0.0,0,alert,image_1050 (5).jpg
0.3146513455112877,0.0,0.0,0.0,0,alert,image_14848.jpg
0.24574160980556634,0.0,0.0,0.0,0,alert,img_h_6690.jpg
0.30343117227454297,0.008106538995662629,0.0,0.0,0,alert,img_f_7801.jpg
0.24488554403517943,0.009313514503060862,0.0,0.0,0,alert,img_h_3930.jpg
0.25115270161759734,0.08290660207731172,0.0,0.0,0,alert,image_6409.jpg
0.2831258079338298,0.003181085751866693,0.0,0.0,0,alert,img_k_3750.jpg
0.2915965336809987,0.011311174989009033,0.0,0.0,0,alert,img_j_7250.jpg
0.276192867669557,0.007631586816680114,0.0,0.0,0,alert,image_8430.jpg
0.3109068396616833,0.0,0.0,0.0,0,alert,image_9048.jpg
0.28638896259022406,0.0,0.0,0.0,0,alert,img_f_17429.jpg
0.31127776393661244,0.012191043134125735,0.0,0.0,0,alert,image__2958 (2).jpg
0.3196995670929863,0.0,0.0,0.0,0,alert,image_4785.jpg
0.2748916837012171,0.004071639620824603,0.0,0.0,0,alert,image_522.jpg
0.31033946871909235,0.0,0.0,0.0,0,alert,img_k_12750.jpg
0.3019441186257555,0.0,0.0,0.0,0,alert,img_i_14558.jpg
0.32156360173940973,0.0,0.0,0.0,0,alert,image_10179.jpg
0.27917149376981143,0.0047230274791569445,0.0,0.0,0,alert,image__1972.jpg
0.2585539598019895,0.006363105210080961,0.0,0.0,0,alert,img_h_1470.jpg
0.30779525606327596,0.0,0.0,0.0,0,alert,img_i_8468.jpg
0.2655125549183924,0.006470493039816466,0.0,0.0,0,alert,img_h_13650.jpg
0.303734382000298,0.0,0.0,0.0,0,alert,img_j_1392.jpg
0.2587462174272833,0.0,0.0,0.0,0,alert,img_h_840.jpg
0.31565065258635916,0.006808552509822791,0.0,0.0,0,alert,img_i_12673.jpg
0.2978440008328894,0.0,0.0,0.0,0,alert,image_0246.jpg
0.29687901897115043,0.0,0.0,0.0,0,alert,img_i_8497.jpg
0.29671956218559725,0.0033673278539133864,0.0,0.0,0,alert,img_k_2670.jpg
0.28250033402150787,0.008163605255110364,0.0,0.0,0,alert,img_f_17603.jpg
0.2987613259612252,0.008928215480011582,0.0,0.0,0,alert,image__3190 (2).jpg
0.2633888659844281,0.010827432434341963,0.0,0.0,0,alert,image__1769.jpg
0.280073349803043,0.0,0.0,0.0,0,alert,image_0252.jpg
0.2844542129636749,0.009870076502075794,0.0,0.0,0,alert,img_h_5520 - Copy.jpg
0.25299275115120984,0.0,0.0,0.0,0,alert,img_c_11484.jpg
0.3040664904897843,0.0,0.0,0.0,0,alert,img_f_12035.jpg
0.2923341183982542,0.0,0.0,0.0,0,alert,image_1170.jpg
0.2891705744252487,0.0035096362002788703,0.0,0.0,0,alert,img_k_2880.jpg
0.28152830422744646,0.0,0.0,0.0,0,alert,img_c_2813.jpg
0.34560281331366904,0.010868923050453842,0.0,0.0,0,alert,img_e_2490.jpg
0.2449116823620512,0.0,0.0,0.0,0,alert,img_h_12360.jpg
0.2572316017892899,0.0,0.0,0.0,0,alert,img_h_5010.jpg
0.31336749343478487,0.00502563326282744,0.0,0.0,0,alert,img_k_12630.jpg
0.29078924747944046,0.13439191264539324,0.0,0.0,0,alert,image_2280.jpg
0.27792533988374274,0.0,0.0,0.0,0,alert,img_f_1653.jpg
0.32327729663634996,0.0,0.0,0.0,0,alert,image_8961.jpg
0.3420476542428054,0.010411584049255932,0.0,0.0,0,alert,img_j_5916.jpg
0.32622859355393097,0.0,0.0,0.0,0,alert,img_i_1276.jpg
0.2876680500208001,0.0,0.0,0.0,0,alert,image_330.jpg
0.22563908976134595,0.0,0.0,0.0,0,alert,img_c_12760.jpg
0.32244794528999776,0.0,0.0,0.0,0,alert,img_i_9164.jpg
0.2925305146205561,0.008392700112195589,0.0,0.0,0,alert,img_f_9541.jpg
0.27230941535476666,0.008388860208408502,0.0,0.0,0,alert,img_e_0 (2).jpg
0.28123411269569165,0.0034116978067328147,0.0,0.0,0,alert,img_k_17760.jpg
0.23743154221259444,0.0,0.0,0.0,0,alert,img_c_4292.jpg
0.2628001771186408,0.006332412346000857,0.0,0.0,0,alert,img_h_16890.jpg
0.2673665585055134,0.0,0.0,0.0,0,alert,img_h_4440.jpg
0.3133886973899696,0.006762779947077777,0.0,0.0,0,alert,img_i_6525.jpg
0.28906765176458293,0.006372426349957677,0.0,0.0,0,alert,img_k_13260.jpg
0.33127651668821445,0.0,0.0,0.0,0,alert,img_i_12934.jpg
0.22455754283876572,0.010017546000936966,0.0,0.0,0,alert,image_1595 (2).jpg
0.35092399583966216,0.0,0.0,0.0,0,alert,image_0440.jpg
0.30964947452529845,0.007824639874349767,0.0,0.0,0,alert,img_k_6210.jpg
0.24593597463861927,0.0,0.0,0.0,0,alert,img_h_2970.jpg
0.27797241616891477,0.011284856061043593,0.0,0.0,0,alert,img_f_6699.jpg
0.23543247734744382,0.007511157605469308,0.0,0.0,0,alert,img_e_9512.jpg
0.3107534956883784,0.01104854336972306,0.0,0.0,0,alert,img_a_300.jpg
0.30544652658316596,0.0,0.0,0.0,0,alert,image_6757.jpg
0.33512203051285866,0.0,0.0,0.0,0,alert,img_i_9831.jpg
0.27357763766401716,0.0,0.0,0.0,0,alert,image_17951.jpg
0.267724368006421,0.13035898053654604,0.0,0.0,0,alert,image_928 (3).jpg
0.2609830437880717,0.08817387666892132,0.0,0.0,0,alert,image_5510.jpg
0.3341729945584243,0.0068690002473801815,0.0,0.0,0,alert,img_i_5945.jpg
0.3113058590317263,0.010868923050453842,0.0,0.0,0,alert,image_3161.jpg
0.316304064732088,0.010869565099243857,0.0,0.0,0,alert,image_15834.jpg
0.2688645818842815,0.011897176695928014,0.0,0.0,0,alert,img_c_2146.jpg
0.30511506005305267,0.0,0.0,0.0,0,alert,image_840 (3).jpg
0.32104752415270593,0.0,0.0,0.0,0,alert,img_i_2958.jpg
0.33086511848445377,0.006776274653129585,0.0,0.0,0,alert,img_i_17864.jpg
0.2796572791703621,0.0,0.0,0.0,0,alert,img_f_16327.jpg
0.32280287351476383,0.0,0.0,0.0,0,alert,image_17574.jpg
0.2941142679805889,0.01146437739157246,0.0,0.0,0,alert,img_f_9019.jpg
0.24565175441498208,0.1294829992963732,0.0,0.0,0,alert,image_725 (3).jpg
0.31321028675656726,0.0068180409045366696,0.0,0.0,0,alert,img_i_4118.jpg
0.30433715996891564,0.006477004502403835,0.0,0.0,0,alert,img_j_1972.jpg
0.27059520598559783,0.17526646897895828,0.0,0.0,0,alert,image_1260 (4).jpg
0.3092450931672477,0.004644761485123046,0.0,0.0,0,alert,img_k_13710.jpg
0.30897398828820344,0.007378315802543319,0.0,0.0,0,alert,img_i_2233.jpg
0.27388968632199984,0.006655878065626501,0.0,0.0,0,alert,image__1392.jpg
0.3168855015151127,0.010868923050453842,0.0,0.0,0,alert,image_2900.jpg
0.23228079335266844,0.0,0.0,0.0,0,alert,img_c_15225.jpg
0.2872310973981553,0.0,0.0,0.0,0,alert,img_f_1479.jpg
0.30571955819877683,0.0,0.0,0.0,0,alert,image__1218 (2).jpg
0.3092552074180851,0.0,0.0,0.0,0,alert,image_4437 (2).jpg
0.2518401389085031,0.0,0.0,0.0,0,alert,img_c_12238.jpg
0.2662421768912802,0.0,0.0,0.0,0,alert,img_c_1856.jpg
0.3180617229957586,0.0,0.0,0.0,0,alert,image_16124.jpg
0.3110008276176862,0.08148008271292005,0.0,0.0,0,alert,image_1560 (3).jpg
0.2519624288651071,0.0,0.0,0.0,0,alert,img_e_4234.jpg
0.3110603707796263,0.0074764395543310035,0.0,0.0,0,alert,img_j_1769.jpg
0.2643802277615811,0.0,0.0,0.0,0,alert,img_c_2378.jpg
0.3288969408335729,0.010628679043234593,0.0,0.0,0,alert,img_e_240.jpg
0.3098357721863557,0.17911705833969213,0.0,0.0,0,alert,image_660 (4).jpg
0.2962165385588783,0.0,0.0,0.0,0,alert,image_8236.jpg
0.25660067044238233,0.16035358479023187,0.0,0.0,0,alert,image_7105.jpg
0.2768519687341979,0.0,0.0,0.0,0,alert,image_8550.jpg
0.36253016199743315,0.17898459162291866,0.0,0.0,0,alert,image_2520 (2).jpg
0.2990708394190651,0.0,0.0,0.0,0,alert,img_c_2436.jpg
0.27789565555453777,0.0,0.0,0.0,0,alert,img_k_3630.jpg
0.2701691173955303,0.00837384670815618,0.0,0.0,0,alert,img_f_14732.jpg
0.30580752468191247,0.00498863261535614,0.0,0.0,0,alert,img_k_6990.jpg
0.24529490492209644,0.006749211819067105,0.0,0.0,0,alert,img_h_15180.jpg
0.2724837087388805,0.12403473205999331,0.0,0.0,0,alert,image_1560.jpg
0.28926453281503417,0.008196721244289171,0.0,0.0,0,alert,image__1653 (2).jpg
0.25088629588759087,0.007688668887627861,0.0,0.0,0,alert,img_e_6409.jpg
0.2845325426297065,0.0,0.0,0.0,0,alert,img_k_7440.jpg
0.25445830014530735,0.00635654563759296,0.0,0.0,0,alert,img_h_2580.jpg
0.2581612453606267,0.0,0.0,0.0,0,alert,img_h_10950.jpg
0.302233804843309,0.011111110987654323,0.0,0.0,0,alert,image_12383.jpg
0.2576676289841729,0.2888882520953612,0.0,0.0,0,alert,image_2160 (5).jpg
0.30271759005932153,0.0,0.0,0.0,0,alert,img_a_1185.jpg
0.3048157927207796,0.0,0.0,0.0,0,alert,img_f_10556.jpg
0.28872156417911554,0.008304547916408481,0.0,0.0,0,alert,img_f_11890.jpg
0.28575542495742307,0.004620034305637857,0.0,0.0,0,alert,image__1421.jpg
0.3100321742394408,0.005640722257020874,0.0,0.0,0,alert,img_i_15283.jpg
0.27175044430349504,0.0,0.0,0.0,0,alert,img_i_8091.jpg
0.3046459126936641,0.0036089561142126757,0.0,0.0,0,alert,img_k_11850.jpg
0.31712518487838337,0.0,0.0,0.0,0,alert,img_i_6902.jpg
0.3027145927358089,0.0,0.0,0.0,0,alert,img_j_2262.jpg
0.25580159578314704,0.00612007250170039,0.0,0.0,0,alert,image__10295.jpg
0.3374855339453887,0.0,0.0,0.0,0,alert,img_i_4640.jpg
0.3030319098424472,0.0,0.0,0.0,0,alert,image_12354.jpg
0.32543255834239604,0.0,0.0,0.0,0,alert,image_5626 (2).jpg
0.31646067314306403,0.008060323437770698,0.0,0.0,0,alert,img_a_855.jpg
0.3050204686745439,0.008328707488792251,0.0,0.0,0,alert,image__464 (2).jpg
0.2984593435336959,0.006332348885447432,0.0,0.0,0,alert,img_k_5280.jpg
0.26736422325727716,0.0,0.0,0.0,0,alert,img_h_13530.jpg
0.2717612191746922,0.03636363570247935,0.0,0.0,0,alert,image_2670 (2).jpg
0.2463779017760302,0.006279256851977131,0.0,0.0,0,alert,img_h_1710.jpg
0.29720761346492053,0.021271781038087172,0.0,0.0,0,alert,image_1620 (3).jpg
0.30390982086152624,0.0,0.0,0.0,0,alert,image_11107.jpg
0.23845391546917774,0.05928130653689149,0.0,0.0,0,alert,image_551 (2).jpg
0.31116547655563,0.005643955586375411,0.0,0.0,0,alert,img_i_15254.jpg
0.31764591088117,0.007943014644803894,0.0,0.0,0,alert,img_j_7656.jpg
0.21922321578322504,0.0190831352218459,0.0,0.0,0,alert,img_c_12789.jpg
0.33460504519800516,0.010414406732457965,0.0,0.0,0,alert,img_e_1170.jpg
0.3368663601467775,0.0,0.0,0.0,0,alert,img_i_4495.jpg
0.2661307929211577,0.007873478766289828,0.0,0.0,0,alert,img_k_14280.jpg
0.23102974914099333,0.15808348216107976,0.0,0.0,0,alert,image_480 (2).jpg
0.26576187829372994,0.0,0.0,0.0,0,alert,img_h_18840.jpg
0.27692255282194567,0.007324484137715027,0.0,0.0,0,alert,img_j_6206.jpg
0.29472650524659605,0.008367688065496327,0.0,0.0,0,alert,img_f_11310.jpg
0.276165689073651,0.008521833136793586,0.0,0.0,0,alert,img_f_14268.jpg
0.36712146076854035,0.0,0.0,0.0,0,alert,image_0442.jpg
0.28553710573490493,0.0,0.0,0.0,0,alert,img_f_6670.jpg
0.33741362275011677,0.006734350251663265,0.0,0.0,0,alert,img_i_13369.jpg
0.30435173001568916,0.00741005064038539,0.0,0.0,0,alert,img_i_15718.jpg
0.30355609930662686,0.006651901008129606,0.0,0.0,0,alert,img_i_16211.jpg
0.2069396813094605,0.0,0.0,0.0,0,alert,img_c_12992.jpg
0.28754416586109366,0.0049726940565582795,0.0,0.0,0,alert,img_k_17010.jpg
0.30938297447320295,0.007116761728221351,0.0,0.0,0,alert,img_i_2755.jpg
0.3114216877963642,0.0,0.0,0.0,0,alert,image_1080 (2).jpg
0.2663838218064506,0.0,0.0,0.0,0,alert,img_a_1350.jpg
0.3190406934879325,0.0,0.0,0.0,0,alert,image_11339.jpg
0.3229195108155807,0.0,0.0,0.0,0,alert,image_17748.jpg
0.2985067126859495,0.008662961561437296,0.0,0.0,0,alert,img_f_12180.jpg
0.32427394499235274,0.0,0.0,0.0,0,alert,image_8787.jpg
0.2550714325128648,0.006535389328025427,0.0,0.0,0,alert,img_h_9600.jpg
0.26993730126100485,0.00837384670815618,0.0,0.0,0,alert,img_f_14297.jpg
0.2768388940957578,0.0,0.0,0.0,0,alert,img_h_3120 - Copy.jpg
0.30965104334327054,0.0,0.0,0.0,0,alert,img_i_11542.jpg
0.3094269059245144,0.0034661888772934014,0.0,0.0,0,alert,img_k_9690.jpg
0.29313882551091075,0.0,0.0,0.0,0,alert,img_f_5423.jpg
0.2585910013750793,0.006438227758345728,0.0,0.0,0,alert,img_h_8250.jpg
0.26797564200330154,0.006429040461898063,0.0,0.0,0,alert,img_h_5760.jpg
0.3208627641295168,0.006681978472063022,0.0,0.0,0,alert,img_i_9628.jpg
0.27939140575881694,0.006808552509822791,0.0,0.0,0,alert,img_i_13427.jpg
0.3225901695534723,0.006844019344812407,0.0,0.0,0,alert,img_i_7163.jpg
0.27697446750581817,0.006307798792222787,0.0,0.0,0,alert,img_h_16110.jpg
0.26014675916560737,0.0,0.0,0.0,0,alert,image_390 (5).jpg
0.31453302433510605,0.006936253932942728,0.0,0.0,0,alert,img_k_16440.jpg
0.28380837055553243,0.008171505563984164,0.0,0.0,0,alert,img_f_8932.jpg
0.29965646101112314,0.0036446866263852326,0.0,0.0,0,alert,img_k_7050.jpg
0.29800477438370865,0.03807817983825623,0.0,0.0,0,alert,img_e_5510.jpg
0.2481709929326164,0.0,0.0,0.0,0,alert,img_h_2190.jpg
0.30073727784822113,0.007161515955755483,0.0,0.0,0,alert,img_j_1421.jpg
0.28320792125789823,0.0,0.0,0.0,0,alert,img_i_15863.jpg
0.269773178257079,0.0,0.0,0.0,0,alert,image_930 (2).jpg
0.25831992791395814,0.0,0.0,0.0,0,alert,img_c_2030.jpg
0.28777500887945046,0.0,0.0,0.0,0,alert,img_e_120.jpg
0.3144006547914413,0.0,0.0,0.0,0,alert,img_i_10933.jpg
0.2584152580316907,0.007740550142465505,0.0,0.0,0,alert,img_f_3683.jpg
0.32730416193050443,0.012293326857983107,0.0,0.0,0,alert,image__1972 (2).jpg
0.32742194968007965,0.0,0.0,0.0,0,alert,image_12963.jpg
0.29027659156721153,0.0,0.0,0.0,0,alert,image_0244.jpg
0.3236106076116245,0.0,0.0,0.0,0,alert,image_9512.jpg
0.33645939557863963,0.008263334025047878,0.0,0.0,0,alert,image__2262.jpg
0.3140260281148145,0.0,0.0,0.0,0,alert,img_b_3306.jpg
0.272690081544092,0.0,0.0,0.0,0,alert,image_0250.jpg
0.27413608490850794,0.10045401631432106,0.0,0.0,0,alert,image_4988.jpg
0.3266029916892469,0.005167768863815568,0.0,0.0,0,alert,img_k_2100.jpg
0.28004744822341415,0.0,0.0,0.0,0,alert,img_h_11910.jpg
0.30566765024475406,0.0,0.0,0.0,0,alert,img_a_510.jpg
0.30092296287558684,0.007917579377556142,0.0,0.0,0,alert,img_f_8729.jpg
0.28816689203682333,0.011218265553128548,0.0,0.0,0,alert,img_f_2204.jpg
0.2979303109239901,0.003530902621039607,0.0,0.0,0,alert,img_k_9900.jpg
0.279154677544191,0.0,0.0,0.0,0,alert,img_a_1230.jpg
0.2615545698863373,0.0,0.0,0.0,0,alert,img_f_3016 (2).jpg
0.2705476730546036,0.003400396837907152,0.0,0.0,0,alert,img_k_13470.jpg
0.2722996603578546,0.0,0.0,0.0,0,alert,img_j_14036.jpg
0.34257043765949574,0.0,0.0,0.0,0,alert,img_e_2280.jpg
0.27146619173414066,0.0041954266908990085,0.0,0.0,0,alert,image_1827.jpg
0.2375718667728819,0.0,0.0,0.0,0,alert,img_h_12570.jpg
0.2851136425377478,0.13588160368848387,0.0,0.0,0,alert,image_2490.jpg
0.26714049993144906,0.0,0.0,0.0,0,alert,img_e_8961.jpg
0.2929694257290252,0.0,0.0,0.0,0,alert,img_f_2349 (2).jpg
0.24876437021427186,0.013303802016259213,0.0,0.0,0,alert,img_h_9990.jpg
0.2648212864157129,0.0,0.0,0.0,0,alert,img_f_3654.jpg
0.24825472780200225,0.0,0.0,0.0,0,alert,img_c_3886.jpg
0.3694897548060264,0.0,0.0,0.0,0,alert,img_i_7598.jpg
0.2717631255689952,0.00844430759731173,0.0,0.0,0,alert,img_f_13659.jpg
0.3374354282919886,0.01753306991281795,0.0,0.0,0,alert,image__1334 (2).jpg
0.2530780543123135,0.006532460380004618,0.0,0.0,0,alert,img_h_10830.jpg
0.25975980748155697,0.00567371888886913,0.0,0.0,0,alert,image_3567.jpg
0.315848070098741,0.0,0.0,0.0,0,alert,image_16907.jpg
0.2331906904093759,0.1521739097353498,0.0,0.0,0,alert,image_1410 (2).jpg
0.2572762508089196,0.09640927789677035,0.0,0.0,0,alert,image_6351.jpg
0.29145537217266515,0.0,0.0,0.0,0,alert,image__406 (2).jpg
0.30086979292409594,0.007867920396591567,0.0,0.0,0,alert,image__58 (2).jpg
0.296881044993868,0.0,0.0,0.0,0,alert,img_f_17371.jpg
0.2601662533512077,0.024482455241361847,0.0,0.0,0,alert,image_4234.jpg
0.30596640964797683,0.012126781147830359,0.0,0.0,0,alert,img_f_12209.jpg
0.34337431229818105,0.0,0.0,0.0,0,alert,image_2340 (4).jpg
0.29313237008376414,0.0034479478802481624,0.0,0.0,0,alert,img_k_17400.jpg
0.2955738403974301,0.013452914737879306,0.0,0.0,0,alert,image__9860.jpg
0.27641961196220577,0.0,0.0,0.0,0,alert,img_a_1740.jpg
0.3260580991216835,0.0,0.0,0.0,0,alert,image_14645.jpg
0.25117660494354177,0.0,0.0,0.0,0,alert,img_h_9210.jpg
0.2764776497490624,0.0033657825560636733,0.0,0.0,0,alert,img_k_8820.jpg
0.31057436372866043,0.0,0.0,0.0,0,alert,image_15573.jpg
0.2523586674063671,0.012813932649486645,0.0,0.0,0,alert,img_h_8640.jpg
0.22763787626340098,0.0,0.0,0.0,0,alert,img_c_14703.jpg
0.26760295397160627,0.0,0.0,0.0,0,alert,img_h_5370.jpg
0.24985585378071154,0.0,0.0,0.0,0,alert,img_h_12000.jpg
0.34933603205966635,0.0,0.0,0.0,0,alert,img_i_1102.jpg
0.2544471338554922,0.003460186886073461,0.0,0.0,0,alert,img_k_16050.jpg
0.2667642337524643,0.0,0.0,0.0,0,alert,img_h_16500.jpg
0.19952556290336,0.0,1.0,0.0,0,alert,img_c_14065.jpg
0.31025615288453423,0.0,0.0,0.0,0,alert,image_17371.jpg
0.3131694180230905,0.0,0.0,0.0,0,alert,image_12209.jpg
0.3038834934735765,0.009668042514650319,0.0,0.0,0,alert,img_i_5365.jpg
0.28337211374659776,0.004657237013041073,0.0,0.0,0,alert,img_k_3960.jpg
0.27416976292106787,0.0,0.0,0.0,0,alert,img_h_7200.jpg
0.2537867232190145,0.009486026638871992,0.0,0.0,0,alert,img_h_10170.jpg
0.3278552385204122,0.010989010868252628,0.0,0.0,0,alert,image_6960 (2).jpg
0.26775184104960975,0.0,0.0,0.0,0,alert,img_e_13485.jpg
0.26676000946906825,0.008224117981543672,0.0,0.0,0,alert,img_f_16907.jpg
0.2694641344369214,0.0,0.0,0.0,0,alert,img_h_19140.jpg
0.279172392034435,0.007464973415205278,0.0,0.0,0,alert,img_i_2378.jpg
0.312080598846849,0.008683840914428123,0.0,0.0,0,alert,img_a_1755.jpg
0.3208292903543959,0.13820890997843438,0.0,0.0,0,alert,image_2580 (2).jpg
0.28741742425452305,0.0,0.0,0.0,0,alert,img_i_2436.jpg
0.2602910706847329,0.006324555280336758,0.0,0.0,0,alert,img_h_18510.jpg
0.2989642120330688,0.0,0.0,0.0,0,alert,img_k_7290.jpg
0.2798820166889012,0.05658416767865392,0.0,0.0,0,alert,img_k_11070.jpg
0.25277712313719986,0.008946240242818244,0.0,0.0,0,alert,img_h_11520.jpg
0.2730325792451599,0.01264263921507296,0.0,0.0,0,alert,image_4553.jpg
0.3147564126512427,0.0,0.0,0.0,0,alert,image_9077.jpg
0.22880720293840617,0.0,0.0,0.0,0,alert,img_c_11861.jpg
0.2584619965422317,0.009119214992948006,0.0,0.0,0,alert,img_h_300.jpg
0.26503655976854645,0.0,0.0,0.0,0,alert,img_c_4118.jpg
0.287501975307886,0.0,0.0,0.0,0,alert,img_f_15573.jpg
0.32617302726985564,0.006859943358641531,0.0,0.0,0,alert,img_i_12499.jpg
0.3399393094378018,0.014728195245111726,0.0,0.0,0,alert,img_e_2040.jpg
0.3211947762632427,0.0,0.0,0.0,0,alert,image_14877.jpg
0.2595040067508805,0.017043666273587173,0.0,0.0,0,alert,img_f_14123.jpg
0.27259434454627407,0.0,0.0,0.0,0,alert,img_c_2233.jpg
0.28905141156863345,0.0,0.0,0.0,0,alert,img_h_690 - Copy.jpg
0.2748388160922679,0.0,0.0,0.0,0,alert,img_f_14645.jpg
0.3066852237580966,0.0,0.0,0.0,0,alert,image_7714.jpg
0.3154544131775673,0.0,0.0,0.0,0,alert,image_7685 (2).jpg
0.32878642513301903,0.0,0.0,0.0,0,alert,img_i_1856.jpg
0.32825412323803776,0.007506289095506373,0.0,0.0,0,alert,img_j_5336.jpg
0.31232844293703155,0.015371886380447921,0.0,0.0,0,alert,image_8816.jpg
0.3361587685396985,0.010866997586516148,0.0,0.0,0,alert,img_e_690.jpg
0.2727688791943475,0.0,0.0,0.0,0,alert,img_i_17052.jpg
0.28213846011010446,0.011284856061043593,0.0,0.0,0,alert,img_f_8700.jpg
0.30906811401666434,0.0,0.0,0.0,0,alert,image_5771 (2).jpg
0.2787565593897371,0.00831919110513487,0.0,0.0,0,alert,img_f_12963.jpg
0.34969158126414396,0.010628679043234593,0.0,0.0,0,alert,img_e_1950.jpg
0.24274635718533707,0.006575390791117536,0.0,0.0,0,alert,img_h_7770.jpg
0.2672597779253874,0.07244665083920018,0.0,0.0,0,alert,image_870 (10).jpg
0.24912633813757215,0.0066335812240621945,0.0,0.0,0,alert,img_h_14100.jpg
0.25891441709425944,0.006421612949442242,0.0,0.0,0,alert,img_h_3270.jpg
0.23428552543411074,0.0,0.0,0.0,0,alert,image_1218 (2).jpg
0.2754544970552821,0.0,0.0,0.0,0,alert,img_f_1682 (2).jpg
0.26439055690464536,0.0033896552248881555,0.0,0.0,0,alert,img_k_15000.jpg
0.317590338934168,0.0,0.0,0.0,0,alert,img_b_2958.jpg
0.24695836651103248,0.013230823945585099,0.0,0.0,0,alert,img_h_7980.jpg
0.3155071301890163,0.006637817927482018,0.0,0.0,0,alert,img_i_10701.jpg
0.3260884840761595,0.0,0.0,0.0,0,alert,image__3509 (2).jpg
0.3050940457431627,0.0,0.0,0.0,0,alert,img_i_2146.jpg
0.3059463795682943,0.0,0.0,0.0,0,alert,img_h_7620 - Copy.jpg
0.32634676254395223,0.0,0.0,0.0,0,alert,image_406 (2).jpg
0.2702925364237962,0.008935519331177927,0.0,0.0,0,alert,img_h_18060.jpg
0.2579739059102134,0.013290870203834433,0.0,0.0,0,alert,img_c_2958.jpg
0.2891496553007076,0.007016464129840849,0.0,0.0,0,alert,img_k_16290.jpg
0.3181621270736663,0.0,0.0,0.0,0,alert,img_i_2813.jpg
0.2934928296383408,0.0,0.0,0.0,0,alert,image_0251.jpg
0.24971898770462975,0.013110033699811237,0.0,0.0,0,alert,img_h_13860.jpg
0.2826306870236196,0.0039681289819072235,0.0,0.0,0,alert,image_2320.jpg
0.3279473566517334,0.0,0.0,0.0,0,alert,image_2204 (2).jpg
0.26357256232498794,0.0,0.0,0.0,0,alert,img_c_1276.jpg
0.3074004570225547,0.0,0.0,0.0,0,alert,image_0245.jpg
0.22093005918204883,0.0,0.0,0.0,0,alert,img_c_12818.jpg
0.26252016827895774,0.019964096510750415,0.0,0.0,0,alert,image_1470 (5).jpg
0.2495226371178721,0.01656301197992169,0.0,0.0,0,alert,image_522 (3).jpg
0.2508692321950043,0.008588834141533129,0.0,0.0,0,alert,img_e_16066.jpg
0.3084953828444492,0.0,0.0,0.0,0,alert,image_1653 (2).jpg
0.28697402565003177,0.0034383959682426643,0.0,0.0,0,alert,img_k_12960.jpg
0.3259919510799918,0.0,0.0,0.0,0,alert,image_3016.jpg
0.3422111904277206,0.006473881974735836,0.0,0.0,0,alert,img_i_4292.jpg
0.27168740796826807,0.015928166601339378,0.0,0.0,0,alert,image_3770.jpg
0.31561712345512394,0.015539869950658756,0.0,0.0,0,alert,image_11310.jpg
0.21641699113828325,0.21233384290922674,0.0,0.0,0,alert,image_540 (3).jpg
0.2895436918415405,0.01117999042987124,0.0,0.0,0,alert,img_f_7221.jpg
0.26439408339005077,0.0066107845965655415,0.0,0.0,0,alert,img_h_10560.jpg
0.3538781645825283,0.010632884019944812,0.0,0.0,0,alert,img_e_1830.jpg
0.27003031441363085,0.0,0.0,0.0,0,alert,img_h_5880 - Copy.jpg
0.31892598754457646,0.0,0.0,0.0,0,alert,img_i_13340.jpg
0.2785736776030263,0.008333043927111398,0.0,0.0,0,alert,image__2552 (2).jpg
0.2658130855432317,0.12901547566545643,0.0,0.0,0,alert,image_870 (6).jpg
0.306163448716367,0.009799683771263777,0.0,0.0,0,alert,img_h_1470 - Copy.jpg
0.24068272605847404,0.01017182940080166,0.0,0.0,0,alert,image_1885 (2).jpg
0.3219807884184245,0.0,0.0,0.0,0,alert,img_e_900.jpg
0.3175932729161872,0.0,0.0,0.0,0,alert,img_i_14413.jpg
0.30683086035103196,0.0,0.0,0.0,0,alert,image_5220 (2).jpg
0.35640782343799016,0.0784313710111496,0.0,0.0,0,alert,image_1650 (4).jpg
0.24663080679858648,0.012969524828394443,0.0,0.0,0,alert,img_c_986.jpg
0.3134910748320944,0.00436633348432919,0.0,0.0,0,alert,img_k_7680.jpg
0.24779785196404122,0.0,0.0,0.0,0,alert,img_h_11130.jpg
0.3038884260936442,0.0,0.0,0.0,0,alert,image_6032 (2).jpg
0.29651639347696784,0.0,0.0,0.0,0,alert,img_k_11460.jpg
0.3718002700705307,0.0,0.0,0.0,0,alert,image_0443.jpg
0.23932982986703816,0.07959371270867183,0.0,0.0,0,alert,image_6032.jpg
0.3078777828270571,0.0,0.0,0.0,0,alert,image_4524 (2).jpg
0.3270958963377158,0.0,0.0,0.0,0,alert,img_i_10846.jpg
0.3880840195663241,0.0,0.0,0.0,0,alert,image_2100 (2).jpg
0.2520439044224727,0.014492753518168453,0.0,0.0,0,alert,image_464 (2).jpg
0.302417556419788,0.008330730317333288,0.0,0.0,0,alert,image__2465.jpg
0.31296167221354554,0.005874126758844295,0.0,0.0,0,alert,img_i_15080.jpg
0.29091965740599857,0.0,0.0,0.0,0,alert,image_240 (4).jpg
0.28323710048483297,0.09780052617352746,0.0,0.0,0,alert,image_5249.jpg
0.2616961407573938,0.0,0.0,0.0,0,alert,img_e_12412.jpg
0.3103806782913092,0.00447032582537808,0.0,0.0,0,alert,img_k_5040.jpg
0.30674381234447623,0.0,0.0,0.0,0,alert,image_7163 (2).jpg
0.3040115543570048,0.0,0.0,0.0,0,alert,image_12180.jpg
0.31128340417994693,0.008051696757454924,0.0,0.0,0,alert,image__551 (2).jpg
0.31992731921410256,0.010752066495802473,0.0,0.0,0,alert,image_2755 (2).jpg
0.30366034872261166,0.00844430759731173,0.0,0.0,0,alert,img_f_11339.jpg
0.307106422742926,0.0,0.0,0.0,0,alert,image_5713 (2).jpg
0.28574189575391373,0.0,0.0,0.0,0,alert,img_f_17748.jpg
0.30504249790656457,0.0,0.0,0.0,0,alert,image_1140 (3).jpg
0.30359053931103364,0.0,0.0,0.0,0,alert,img_f_1334.jpg
0.36595771761394436,0.007533504372778714,0.0,0.0,0,alert,img_i_1711.jpg
0.2615820564789967,0.006168610046928294,0.0,0.0,0,alert,img_h_19020.jpg
0.3433386356816772,0.0,0.0,0.0,0,alert,img_i_4669.jpg
0.3130839291795177,0.0,0.0,0.0,0,alert,img_i_13630.jpg
0.3118398244779436,0.006687130856898013,0.0,0.0,0,alert,img_k_360.jpg
0.27325782292786527,0.0,0.0,0.0,0,alert,img_h_3660.jpg
0.33054556876845265,0.008184358365741586,0.0,0.0,0,alert,img_j_7482.jpg
0.3063979184234116,0.0,0.0,0.0,0,alert,image_11890.jpg
0.2768230224982444,0.011850304324119133,0.0,0.0,0,alert,img_f_14094.jpg
0.3009588444704473,0.0,0.0,0.0,0,alert,img_a_840.jpg
0.3193440845192509,0.0,0.0,0.0,0,alert,image_10556.jpg
0.305708513404753,0.0,0.0,0.0,0,alert,image_8584.jpg
0.2852003831725178,0.0,0.0,0.0,0,alert,img_h_8730 (2).jpg
0.3216030383721457,0.0,0.0,0.0,0,alert,image_1860 (3).jpg
0.3624047027669634,0.0,0.0,0.0,0,alert,img_a_1635.jpg
0.291103766633428,0.004756380414428729,0.0,0.0,0,alert,img_k_16680.jpg
0.29155396093620595,0.0,0.0,0.0,0,alert,img_f_5191.jpg
0.3300021237827161,0.0,0.0,0.0,0,alert,img_i_4872.jpg
0.2991299157803765,0.0,0.0,0.0,0,alert,image_2730.jpg
0.2775403962606061,0.0,0.0,0.0,0,alert,img_h_17970.jpg
0.3198234304659934,0.0067277934667447515,0.0,0.0,0,alert,img_i_13195.jpg
0.28845426207725994,0.008291976516326368,0.0,0.0,0,alert,img_f_11107.jpg
0.2792909525348634,0.14041398628715673,0.0,0.0,0,alert,image_870.jpg
0.3266408667422991,0.007271429295410696,0.0,0.0,0,alert,img_i_2581.jpg
0.34743513233442047,0.011360702547581513,0.0,0.0,0,alert,img_e_3570.jpg
0.29213322639052686,0.00809776323621539,0.0,0.0,0,alert,img_f_12354.jpg
0.3069237584631894,0.09992009387537387,0.0,0.0,0,alert,image_3360.jpg
0.30139095829770957,0.012078475032463683,0.0,0.0,0,alert,img_f_2407 (2).jpg
0.2508806519184015,0.024086869280414796,0.0,0.0,0,alert,image_4437.jpg
0.31094685894181223,0.0,0.0,0.0,0,alert,img_i_10498.jpg
0.3477628842281969,0.02378661098687503,0.0,0.0,0,alert,img_e_2130.jpg
0.27792907604691064,0.004876569481527941,0.0,0.0,0,alert,img_k_12390.jpg
0.298477384134902,0.0045837813731733285,0.0,0.0,0,alert,img_k_4170.jpg
0.254045669286846,0.0,0.0,0.0,0,alert,img_h_270.jpg
0.3332633770512383,0.00763358772798788,0.0,0.0,0,alert,img_a_105.jpg
0.2723914513573992,0.1174516838757839,0.0,0.0,0,alert,image_690.jpg
0.2663172068802868,0.007275854705570639,0.0,0.0,0,alert,img_e_10759.jpg
0.33333019648444434,0.0,0.0,0.0,0,alert,image_10585.jpg
0.2719267126488272,0.0031079740146237466,0.0,0.0,0,alert,img_k_8010.jpg
0.25362526553482356,0.009414710051329817,0.0,0.0,0,alert,img_h_90.jpg
0.33184074203688996,0.0,0.0,0.0,0,alert,image_3364.jpg
0.3445056089352406,0.0,0.0,0.0,0,alert,img_i_3857.jpg
0.29476257315988363,0.007916338824877094,0.0,0.0,0,alert,img_j_7337.jpg
0.2998712021818908,0.004887740810130932,0.0,0.0,0,alert,img_k_1020.jpg
0.2712293373240482,0.028504029214436705,0.0,0.0,0,alert,image_4379.jpg
0.2499036747480567,0.00795029111160134,0.0,0.0,0,alert,img_e_16472.jpg
0.27934663733348575,0.0,0.0,0.0,0,alert,img_h_17790.jpg
0.2880173257415932,0.00502741125907809,0.0,0.0,0,alert,img_k_16860.jpg
0.2706170372083764,0.0033353165722637503,0.0,0.0,0,alert,img_k_5520.jpg
0.25002914929195746,0.0,0.0,0.0,0,alert,img_h_13290.jpg
0.2810633390607262,0.0,0.0,0.0,0,alert,img_i_11745.jpg
0.3028272327848498,0.0,0.0,0.0,0,alert,img_f_435.jpg
0.2581896275810423,0.0,0.0,0.0,0,alert,img_c_11078.jpg
0.323111750908056,0.0,0.0,0.0,0,alert,image_10208.jpg
0.27903997202121117,0.009072557514181224,0.0,0.0,0,alert,img_b_4901.jpg
0.3645589957865218,0.006651901008129606,0.0,0.0,0,alert,img_i_1073.jpg
0.30098971591298496,0.0,0.0,0.0,0,alert,image_15370.jpg
0.2784537108177018,0.003179493524190626,0.0,0.0,0,alert,img_k_3810.jpg
0.28728072764432716,0.05577459284902807,0.0,0.0,0,alert,img_k_11100.jpg
0.2608037025745774,0.0,0.0,0.0,0,alert,img_h_6720.jpg
0.3077183817694722,0.0,0.0,0.0,0,alert,image_11658.jpg
0.2845333038559037,0.0078446453439889,0.0,0.0,0,alert,img_f_9744.jpg
0.2440294488854902,0.0,0.0,0.0,0,alert,img_h_2220.jpg
0.24619313832703793,0.006792669456492079,0.0,0.0,0,alert,img_h_15150.jpg
0.32708432381382,0.0072093724571308535,0.0,0.0,0,alert,img_i_2552.jpg
0.27248612953076345,0.02883415960279651,0.0,0.0,0,alert,img_h_3390 - Copy.jpg
0.306593698028347,0.0,0.0,0.0,0,alert,image_3799 (2).jpg
0.25298989224605994,0.1693297531232069,0.0,0.0,0,alert,image_1860 (2).jpg
0.32569755352803387,0.010869565099243857,0.0,0.0,0,alert,image_58.jpg
0.2698778845827302,0.012330652925613746,0.0,0.0,0,alert,img_c_3277.jpg
0.2603375041081016,0.003608204267929433,0.0,0.0,0,alert,img_k_17940.jpg
0.31118504729796737,0.03992819302150083,0.0,0.0,0,alert,image_2250.jpg
0.2770826017285496,0.0,0.0,0.0,0,alert,img_f_4089.jpg
0.3778409645234528,0.0,0.0,0.0,0,alert,image_0447.jpg
0.24750422593406118,0.10565788688382091,0.0,0.0,0,alert,image_240 (5).jpg
0.2625519891918183,0.04505857800031855,0.0,0.0,0,alert,image_4147.jpg
0.34281570067135947,0.0,0.0,0.0,0,alert,img_i_261.jpg
0.2905510050281461,0.017533069759113683,0.0,0.0,0,alert,image_3600.jpg
0.3418856903835362,0.0,0.0,0.0,0,alert,img_i_6293.jpg
0.3161505176176596,0.0034942614444407895,0.0,0.0,0,alert,img_k_12810.jpg
0.2982269372670833,0.0,0.0,0.0,0,alert,image_8033.jpg
0.23948119154595165,0.0,0.0,0.0,0,alert,img_c_16298.jpg
0.2813212630555958,0.008103344510212185,0.0,0.0,0,alert,img_f_17980.jpg
0.2586520063709552,0.204324557193017,0.0,0.0,0,alert,image_1140 (2).jpg
0.3014089666345018,0.006986347993003862,0.0,0.0,0,alert,img_j_2059.jpg
0.2632273705623209,0.015399201180985747,0.0,0.0,0,alert,image_540 (2).jpg
0.2712469298005086,0.0,0.0,0.0,0,alert,img_j_13166.jpg
0.2777219433360272,0.004270152216903806,0.0,0.0,0,alert,img_k_7860.jpg
0.24266589218988055,0.0,0.0,0.0,0,alert,img_h_3300.jpg
0.25899809533097873,0.0,0.0,0.0,0,alert,img_h_14070.jpg
0.2649336519306667,0.00752071041339125,0.0,0.0,0,alert,img_f_2349.jpg
0.2881858185432058,0.0,0.0,0.0,0,alert,img_f_10962.jpg
0.2882128067547939,0.003366068561826431,0.0,0.0,0,alert,img_k_600.jpg
0.2948976758200009,0.007684127709020993,0.0,0.0,0,alert,img_f_145.jpg
0.33755893475178145,0.1764705847750866,0.0,0.0,0,alert,image_870 (7).jpg
0.3358923090134604,0.0,0.0,0.0,0,alert,img_i_5771.jpg
0.32896955948158113,0.00978700359084786,0.0,0.0,0,alert,img_i_5017.jpg
0.30946689384690806,0.010637695824199184,0.0,0.0,0,alert,image_2610 (4).jpg
0.347814612436005,0.0,0.0,0.0,0,alert,img_i_4321.jpg
0.2999789858869414,0.0,0.0,0.0,0,alert,img_k_3390.jpg
0.2920642132226406,0.0,0.0,0.0,0,alert,img_f_2407.jpg
0.2595581806707874,0.0,0.0,0.0,0,alert,img_h_15420.jpg
0.23656883755191332,0.0,0.0,0.0,0,alert,img_c_11252.jpg
0.3036685231010072,0.008298540802493655,0.0,0.0,0,alert,img_f_11513.jpg
0.3465549567200769,0.015370978386341374,0.0,0.0,0,alert,img_e_2520.jpg
0.31764248118403027,0.0,0.0,0.0,0,alert,image_5655 (2).jpg
0.2820451049582937,0.07558756169919822,0.0,0.0,0,alert,image_0241.jpg
0.3355905813014124,0.0,0.0,0.0,0,alert,img_i_12847.jpg
0.2773278799367611,0.008130081234714787,0.0,0.0,0,alert,img_h_2880 - Copy.jpg
0.30814540603486873,0.0034983644474014175,0.0,0.0,0,alert,img_k_12780.jpg
0.32074667424683834,0.0,0.0,0.0,0,alert,image_10817.jpg
0.28747546793701023,0.004659157481543485,0.0,0.0,0,alert,img_k_4560.jpg
0.29243584062076616,0.0,0.0,0.0,0,alert,img_i_17081.jpg
0.24541530433526926,0.006508756056317992,0.0,0.0,0,alert,img_h_660.jpg
0.30419932908033287,0.012337220017753088,0.0,0.0,0,alert,image_0255.jpg
0.31882655725026376,0.0,0.0,0.0,0,alert,image_522 (2).jpg
0.286848483554536,0.007974522164695996,0.0,0.0,0,alert,img_f_16240.jpg
0.2724541082377382,0.2835505042648269,0.0,0.0,0,alert,image_1470 (4).jpg
0.23221211987363977,0.007087743576311314,0.0,0.0,0,alert,image_1653 (3).jpg
0.278412009870111,0.0,0.0,0.0,0,alert,img_h_5910 - Copy.jpg
0.3334776680942837,0.0,0.0,0.0,0,alert,img_a_1590.jpg
0.25429510823637447,0.006372529838162525,0.0,0.0,0,alert,img_h_16920.jpg
0.2742262041853042,0.0032385022616898142,0.0,0.0,0,alert,img_k_5130.jpg
0.2707811680123271,0.0,0.0,0.0,0,alert,img_h_13680.jpg
0.23471398012420674,0.0,0.0,0.0,0,alert,img_c_174.jpg
0.31734816243752173,0.0,0.0,0.0,0,alert,image_2320 (2).jpg
0.31139205619544774,0.0067277934667447515,0.0,0.0,0,alert,img_i_13224.jpg
0.2888911463058024,0.0,0.0,0.0,0,alert,image_16269.jpg
0.2935730721509153,0.0,0.0,0.0,0,alert,img_f_5220.jpg
0.23551367823860753,0.006446784612516086,0.0,0.0,0,alert,img_h_10410.jpg
0.28935637705672324,0.007186391485090056,0.0,0.0,0,alert,img_k_10140.jpg
0.33675019894802927,0.0,0.0,0.0,0,alert,img_i_14239.jpg
0.32538404040922875,0.007203945332664451,0.0,0.0,0,alert,img_i_1305.jpg
0.2882794814491361,0.0,0.0,0.0,0,alert,img_k_2850.jpg
0.25639296057124966,0.0,0.0,0.0,0,alert,img_h_11040.jpg
0.2897603946819961,0.0,0.0,0.0,0,alert,img_c_2784.jpg
0.2558276777602456,0.006488583605358198,0.0,0.0,0,alert,img_h_15540.jpg
0.3069743135903763,0.007537098429412431,0.0,0.0,0,alert,img_k_990.jpg
0.33887691618449534,0.006968514165814794,0.0,0.0,0,alert,img_i_3248.jpg
0.29914480598801174,0.0,0.0,0.0,0,alert,img_e_870.jpg
0.30958477250676425,0.0,0.0,0.0,0,alert,img_i_10063.jpg
0.27576444153517155,0.0,0.0,0.0,0,alert,img_i_11194.jpg
0.3346872189400365,0.0,0.0,0.0,0,alert,image_2640.jpg
0.3078252241890019,0.0,0.0,0.0,0,alert,image_3683 (2).jpg
0.3136017604032028,0.0,0.0,0.0,0,alert,img_i_6873.jpg
0.29904527250474966,0.0083998030403659,0.0,0.0,0,alert,img_f_3219 (2).jpg
0.3219228016989133,0.0,0.0,0.0,0,alert,image_9715.jpg
0.29496632251480304,0.0,0.0,0.0,0,alert,image_6844 (2).jpg
0.26067999708303585,0.0,0.0,0.0,0,alert,img_h_4080.jpg
0.25139505095208614,0.1589504210782474,0.0,0.0,0,alert,image_7076.jpg
0.22334023090037097,0.018710391723838444,0.0,0.0,0,alert,img_c_14935.jpg
0.2748413177032878,0.1223471060481254,0.0,0.0,0,alert,image_3210.jpg
0.318509968045043,0.0,0.0,0.0,0,alert,image_2668.jpg
0.2807035420178148,0.004741840074556074,0.0,0.0,0,alert,img_k_1140.jpg
0.2726746978025487,0.004731107942647114,0.0,0.0,0,alert,image__2059.jpg
0.34547414861322917,0.2608079392421883,0.0,0.0,0,alert,image_2280 (4).jpg
0.2843277298154214,0.10757778709965245,0.0,0.0,0,alert,image_900.jpg
0.27665832208260627,0.007935508250389604,0.0,0.0,0,alert,image_450 (8).jpg
0.2385588119919679,0.0,0.0,0.0,0,alert,img_h_14460.jpg
0.25458700951670366,0.00777909838878129,0.0,0.0,0,alert,img_k_14130.jpg
0.29843095150195154,0.0,0.0,0.0,0,alert,img_i_15457.jpg
0.2900591806245115,0.007997952757489582,0.0,0.0,0,alert,img_k_210.jpg
0.3198620587453155,0.0,0.0,0.0,0,alert,image_2697.jpg
0.2818744696512709,0.007718614017881151,0.0,0.0,0,alert,img_f_3335.jpg
0.2811638564918094,0.0,0.0,0.0,0,alert,img_f_2465 (2).jpg
0.2955393002049045,0.0,0.0,0.0,0,alert,image_5858 (2).jpg
0.27238251397660884,0.0,0.0,0.0,0,alert,img_f_4466.jpg
0.2754737636000888,0.008535791922666654,0.0,0.0,0,alert,img_f_16095.jpg
0.3055788448455002,0.0,0.0,0.0,0,alert,image_12557.jpg
0.24821237057534898,0.008890030342292899,0.0,0.0,0,alert,img_h_2340.jpg
0.24668547104626845,0.006466838961217031,0.0,0.0,0,alert,img_h_15030.jpg
0.3435052186699414,0.009204771089022925,0.0,0.0,0,alert,img_i_14007.jpg
0.36307858442689317,0.09514439920052821,0.0,0.0,0,alert,img_i_14761.jpg
0.3081003999462735,0.0,0.0,0.0,0,alert,img_i_1885.jpg
0.28932024674218665,0.0,0.0,0.0,0,alert,img_a_930.jpg
0.3048037052028544,0.0,0.0,0.0,0,alert,img_f_10382.jpg
0.3404462869537406,0.015368255369126829,0.0,0.0,0,alert,img_e_2910.jpg
0.26359109039832695,0.0,0.0,0.0,0,alert,img_h_13440.jpg
0.31063755570330376,0.0048540257736430555,0.0,0.0,0,alert,img_k_13110.jpg
0.2586440494340485,0.006403812643293603,0.0,0.0,0,alert,img_h_1890.jpg
0.3016314359225283,0.008060323437770698,0.0,0.0,0,alert,image__377 (2).jpg
0.2631594297575046,0.004358136322973762,0.0,0.0,0,alert,img_k_4950.jpg
0.2628547325865348,0.010049870495186951,0.0,0.0,0,alert,img_h_2190 - Copy.jpg
0.305374246615999,0.0,0.0,0.0,0,alert,img_f_232.jpg
0.3009929932242232,0.006637817927482018,0.0,0.0,0,alert,img_i_17255.jpg
0.28365451368802297,0.003526442980377593,0.0,0.0,0,alert,img_k_1800.jpg
0.310036708887781,0.00494371485581757,0.0,0.0,0,alert,img_k_12540.jpg
0.29251522802057883,0.0,0.0,0.0,0,alert,img_f_1537.jpg
0.28499636595010824,0.0,0.0,0.0,0,alert,image__4263 (2).jpg
0.29672402613721127,0.007506289095506373,0.0,0.0,0,alert,img_j_6148.jpg
0.31761235361631474,0.010989010868252628,0.0,0.0,0,alert,image_10382.jpg
0.28033038981590386,0.025946082180483082,0.0,0.0,0,alert,img_f_12557.jpg
0.28030195554765397,0.008588834141533129,0.0,0.0,0,alert,img_f_13891.jpg
0.251915861453704,0.010989010868252628,0.0,0.0,0,alert,image_16095.jpg
0.2953966598812404,0.0,0.0,0.0,0,alert,img_i_11803.jpg
0.3007115926280294,0.008934583112377605,0.0,0.0,0,alert,img_k_3030.jpg
0.28304216659246717,0.0,0.0,0.0,0,alert,img_k_7530.jpg
0.2935882513164647,0.009679585071405684,0.0,0.0,0,alert,img_h_4620 - Copy.jpg
0.2519629084739078,0.006558540408653103,0.0,0.0,0,alert,img_h_11280.jpg
0.34108480286786863,0.0,0.0,0.0,0,alert,image_1410 (3).jpg
0.2739329690537641,0.007718614017881151,0.0,0.0,0,alert,img_i_116.jpg
0.2904774636281576,0.004848402912799289,0.0,0.0,0,alert,img_k_2460.jpg
0.28043491941575205,0.0,0.0,0.0,0,alert,img_k_10380.jpg
0.30535402350615404,0.0,0.0,0.0,0,alert,img_j_6612.jpg
0.2911219952832194,0.008254320910135164,0.0,0.0,0,alert,img_f_9802.jpg
0.24863037521741374,0.05050247381612122,0.0,0.0,0,alert,image_609 (2).jpg
0.23769610522076776,0.014049711329865178,0.0,0.0,0,alert,img_c_7366.jpg
0.3112569420414174,0.007718614017881151,0.0,0.0,0,alert,img_j_5858.jpg
0.32200931731429194,0.0,0.0,0.0,0,alert,image_2581 (2).jpg
0.26429121770099745,0.0,0.0,0.0,0,alert,img_k_1380.jpg
0.3293099752384565,0.0,0.0,0.0,0,alert,img_i_14210.jpg
0.24751154759855953,0.0,0.0,0.0,0,alert,img_h_17430.jpg
0.30019656118906474,0.0,0.0,0.0,0,alert,img_i_17719.jpg
0.3073183701871678,0.0,0.0,0.0,0,alert,img_i_11368.jpg
0.27091271971098085,0.0035086855243504837,0.0,0.0,0,alert,img_k_17160.jpg
0.256232361263458,0.0,0.0,0.0,0,alert,img_c_11455.jpg
0.30789900625726824,0.010988347420867866,0.0,0.0,0,alert,image_16240.jpg
0.35015608277259397,0.0,0.0,0.0,0,alert,img_i_11426.jpg
0.30658768565372696,0.004748651780923779,0.0,0.0,0,alert,img_k_16530.jpg
0.27703597227841037,0.004077524913615818,0.0,0.0,0,alert,image_1189.jpg
0.26843582179722225,0.0,0.0,0.0,0,alert,img_h_5610.jpg
0.3046158557310273,0.006975970749201885,0.0,0.0,0,alert,image_17610.jpg
0.28035212412927696,0.0034954566621073096,0.0,0.0,0,alert,img_k_12030.jpg
0.3062847713414545,0.0,0.0,0.0,0,alert,img_i_5162.jpg
0.26944785712806063,0.004347456262361661,0.0,0.0,0,alert,image_2494.jpg
0.323760448527047,0.010989010868252628,0.0,0.0,0,alert,image_4698 (2).jpg
0.2879982976692592,0.006696345116398194,0.0,0.0,0,alert,img_i_13543.jpg
0.3213520770212571,0.010988347420867866,0.0,0.0,0,alert,image_11513.jpg
0.3161177343823099,0.008392700112195589,0.0,0.0,0,alert,image__1856 (2).jpg
0.24794507797887436,0.00803841892741483,0.0,0.0,0,alert,img_e_14674.jpg
0.24004080190686755,0.0,0.0,0.0,0,alert,img_h_14850.jpg
0.29806422761761153,0.0,0.0,0.0,0,alert,img_f_14442.jpg
0.2748228811470498,0.003201840680723176,0.0,0.0,0,alert,img_k_3540.jpg
0.2849811681517318,0.004664146619931509,0.0,0.0,0,alert,img_k_10800.jpg
0.26759104162066183,0.0,0.0,0.0,0,alert,img_f_696 (2).jpg
0.3105523294089457,0.0,0.0,0.0,0,alert,img_i_7946.jpg
0.2811781285183285,0.0,0.0,0.0,0,alert,image_930 (3).jpg
0.2956855789443309,0.0,0.0,0.0,0,alert,img_f_16269.jpg
0.26820102224654396,0.006452284310094712,0.0,0.0,0,alert,img_h_18930.jpg
0.28892128396402406,0.0,0.0,0.0,0,alert,img_h_2940 - Copy.jpg
0.30837384869733586,0.0,0.0,0.0,0,alert,image_0254.jpg
0.26265473151645635,0.009077415444245493,0.0,0.0,0,alert,image_0240.jpg
0.34484245263401636,0.0,0.0,0.0,0,alert,img_i_11397.jpg
0.2904218854914141,0.006660416186578882,0.0,0.0,0,alert,img_k_13500.jpg
0.27004389328522976,0.0,0.0,0.0,0,alert,img_f_928 (2).jpg
0.2876137162195799,0.0,0.0,0.0,0,alert,image_16320.jpg
0.23646905248621902,0.0441898583428119,0.0,0.0,0,alert,img_h_13050.jpg
0.29180421904238557,0.006203526427937453,0.0,0.0,0,alert,img_h_4320.jpg
0.2643701306182202,0.0,0.0,0.0,0,alert,img_h_17550.jpg
0.3480988374671947,0.0,0.0,0.0,0,alert,image_1080 (3).jpg
0.28426717225115006,0.0,0.0,0.0,0,alert,image_17980.jpg
0.29085969664262534,0.0035313649294663194,0.0,0.0,0,alert,img_k_9870.jpg
0.33376809103748295,0.006393203249492676,0.0,0.0,0,alert,img_j_348.jpg
0.33711911892607505,0.0062969095657748825,0.0,0.0,0,alert,img_j_406.jpg
0.26422873100073463,0.2130002958450177,0.0,0.0,0,alert,image_450.jpg
0.30493424004202785,0.010863790752714077,0.0,0.0,0,alert,image_1943.jpg
0.29650222106449653,0.0,0.0,0.0,0,alert,image_15167.jpg
0.30980528482357916,0.0,0.0,0.0,0,alert,img_i_8526.jpg
0.30333131078932174,0.003557615163775019,0.0,0.0,0,alert,img_k_12150.jpg
0.3094421390788471,0.0,0.0,0.0,0,alert,image_6786.jpg
0.30709835109692973,0.0,0.0,0.0,0,alert,image_390 (4).jpg
0.3153646668224528,0.0,0.0,0.0,0,alert,image_9338.jpg
0.24943622473542842,0.0,0.0,0.0,0,alert,img_c_3538.jpg
0.30423685629148844,0.010859305985691502,0.0,0.0,0,alert,img_j_7134.jpg
0.2784876179929914,0.0,0.0,0.0,0,alert,img_e_1160.jpg
0.24343205388599307,0.0,0.0,0.0,0,alert,img_h_15390.jpg
0.29994191549465443,0.01957400693401503,0.0,0.0,0,alert,image_1770.jpg
0.32069779797654097,0.1223471060481254,0.0,0.0,0,alert,image_1980.jpg
0.37733761083705086,0.0,0.0,0.0,0,alert,image_0446.jpg
0.25984818660033765,0.10714012324602214,0.0,0.0,0,alert,image_493.jpg
0.3373382905634361,0.0,0.0,0.0,0,alert,img_k_2070.jpg
0.23701395650456902,0.13201951360975764,0.0,0.0,0,alert,image_6989.jpg
0.28122401161376065,0.0034711761269193542,0.0,0.0,0,alert,img_k_6570.jpg
0.303571880692723,0.0,0.0,0.0,0,alert,img_f_1682.jpg
0.3183810119950297,0.0,0.0,0.0,0,alert,image__638.jpg
0.29090635176015894,0.09185780355280951,0.0,0.0,0,alert,image_480 (3).jpg
0.3256109211657666,0.0,0.0,0.0,0,alert,image_2523.jpg
0.31249577713942234,0.007784753482964469,0.0,0.0,0,alert,img_f_7627 (2).jpg
0.29419618259203717,0.0,0.0,0.0,0,alert,image_10962.jpg
0.2578993567084822,0.009302224901769759,0.0,0.0,0,alert,img_h_9360.jpg
0.28644058366353237,0.0066897489120761105,0.0,0.0,0,alert,img_j_638.jpg
0.2551673606129861,0.004568115357415105,0.0,0.0,0,alert,img_k_4830.jpg
0.23960575029726533,0.00650476155977945,0.0,0.0,0,alert,img_h_4650.jpg
0.27733029083278044,0.0,0.0,0.0,0,alert,image__29.jpg
0.26637932851514307,0.0,0.0,0.0,0,alert,image_1620 (2).jpg
0.25462572487880764,0.006363234032220475,0.0,0.0,0,alert,img_h_16470.jpg
0.26899035586005743,0.004893208884769851,0.0,0.0,0,alert,img_k_12420.jpg
0.23795101267704744,0.0,0.0,0.0,0,alert,img_e_6380.jpg
0.30770812226220734,0.007147051745960849,0.0,0.0,0,alert,img_i_3103.jpg
0.2593379154483096,0.0,0.0,0.0,0,alert,img_h_8730.jpg
0.2477441643179874,0.012803687829355174,0.0,0.0,0,alert,img_c_203.jpg
0.28477110863922056,0.007873039487710731,0.0,0.0,0,alert,image_120.jpg
0.27668674193516757,0.006353850527334593,0.0,0.0,0,alert,img_h_6090.jpg
0.28713845103511815,0.004621390842335479,0.0,0.0,0,alert,img_k_14910.jpg
0.2614763291214264,0.0,0.0,0.0,0,alert,img_e_12615.jpg
0.27678803603105223,0.0,0.0,0.0,0,alert,img_b_4727.jpg
0.32038507712773523,0.15787044070603454,0.0,0.0,0,alert,image_1200.jpg
0.26992832218941143,0.0,0.0,0.0,0,alert,image_1566.jpg
0.2566081177656871,0.00803841892741483,0.0,0.0,0,alert,img_e_8352.jpg
0.31512602021925684,0.006726727894714257,0.0,0.0,0,alert,img_i_11977.jpg
0.32420501845949673,0.00475651492554705,0.0,0.0,0,alert,img_k_3150.jpg
0.3377331956492922,0.01098635779946758,0.0,0.0,0,alert,img_e_1410.jpg
0.30414328790822426,0.009460733640328694,0.0,0.0,0,alert,img_i_6090.jpg
0.2576703092374627,0.12694326282646173,0.0,0.0,0,alert,image_2160 (4).jpg
0.26419341377338296,0.010787668492266343,0.0,0.0,0,alert,image__406.jpg
0.31481657099571314,0.006722318769563786,0.0,0.0,0,alert,img_i_8903.jpg
0.3007246425520649,0.012241635211528627,0.0,0.0,0,alert,img_f_11658.jpg
0.30599431107273706,0.009587062268680367,0.0,0.0,0,alert,img_b_3074.jpg
0.2905720601534262,0.007718843954099928,0.0,0.0,0,alert,img_f_725 (2).jpg
0.32255461071220504,0.0,0.0,0.0,0,alert,image_9106.jpg
0.2725650939852696,0.0,0.0,0.0,0,alert,img_f_15370.jpg
0.32780351418368403,0.0,0.0,0.0,0,alert,image_6235.jpg
0.2796076247337341,0.0,0.0,0.0,0,alert,img_f_9976.jpg
0.30236916376881634,0.0,0.0,0.0,0,alert,image__348.jpg
0.30770751158190945,0.007651846273346749,0.0,0.0,0,alert,img_k_6000.jpg
0.25068502979680013,0.0,0.0,0.0,0,alert,img_h_15810.jpg
0.32574770211139625,0.011094003801427662,0.0,0.0,0,alert,image_14906.jpg
0.26934774471692874,0.0,0.0,0.0,0,alert,img_c_3074.jpg
0.26512092303350887,0.020150808675637764,0.0,0.0,0,alert,image_4350.jpg
0.3049165600653553,0.008116947224283542,0.0,0.0,0,alert,img_a_660.jpg
0.3372665948875774,0.0,0.0,0.0,0,alert,image_1560 (2).jpg
0.3186707705508841,0.004159649553714426,0.0,0.0,0,alert,img_k_10590.jpg
0.28357269459090934,0.008268982237571162,0.0,0.0,0,alert,img_j_7308.jpg
0.30487230873756477,0.0,0.0,0.0,0,alert,img_a_1815.jpg
0.2662815444488273,0.008594859502633346,0.0,0.0,0,alert,img_f_13717.jpg
0.23529613975182406,0.2110792604487906,0.0,0.0,0,alert,image_660 (5).jpg
0.26474919906010275,0.011662253566376358,0.0,0.0,0,alert,img_e_14500.jpg
0.28825713626029914,0.008384436092707602,0.0,0.0,0,alert,img_f_15428.jpg
0.2916779679941002,0.0,0.0,0.0,0,alert,img_h_4590 - Copy.jpg
0.28835499086104677,0.007493212294420321,0.0,0.0,0,alert,img_f_5800.jpg
0.3000091485245667,0.0,0.0,0.0,0,alert,image_16849.jpg
0.2916245296161941,0.004967506987905421,0.0,0.0,0,alert,img_k_7320.jpg
0.2596794169320624,0.0,0.0,0.0,0,alert,img_c_1885.jpg
0.3402696696634752,0.14350433018544514,0.0,0.0,0,alert,img_i_14819.jpg
0.2493269264017492,0.008920574600682095,0.0,0.0,0,alert,img_h_3840.jpg
0.24305738125472895,0.00640907136937154,0.0,0.0,0,alert,img_h_11490.jpg
0.3224113520261995,0.010988347420867866,0.0,0.0,0,alert,image_4408.jpg
0.30464033958572967,0.00498478843246575,0.0,0.0,0,alert,img_k_9480.jpg
0.3167850133986855,0.0,0.0,0.0,0,alert,image_725 (2).jpg
0.309543221425447,0.0,0.0,0.0,0,alert,img_i_11020.jpg
0.2842207679817508,0.006797846736943916,0.0,0.0,0,alert,img_j_174.jpg
0.2578876549075827,0.0,0.0,0.0,0,alert,img_h_12600.jpg
0.2938568885521097,0.004725347036779935,0.0,0.0,0,alert,img_k_16650.jpg
0.3065241855019638,0.007621163116209226,0.0,0.0,0,alert,img_f_348 (2).jpg
0.3207972919379645,0.0,0.0,0.0,0,alert,img_e_15805.jpg
0.3149156282210036,0.0,0.0,0.0,0,alert,img_i_12267.jpg
0.27744352642383174,0.007991565294258651,0.0,0.0,0,alert,img_f_5829 (2).jpg
0.2843204696968822,0.0,0.0,0.0,0,alert,img_i_14616.jpg
0.2767400246399484,0.0,0.0,0.0,0,alert,img_h_2220 - Copy.jpg
0.29662230642468707,0.010858025633638205,0.0,0.0,0,alert,img_a_60.jpg
0.33043522004768894,0.0,0.0,0.0,0,alert,image_5452 (2).jpg
0.3035653394403679,0.0,0.0,0.0,0,alert,image_16646.jpg
0.30529004634050677,0.008254320910135164,0.0,0.0,0,alert,img_a_1140.jpg
0.3722154155896459,0.19523740780149654,0.0,0.0,0,alert,image_2220 (4).jpg
0.3024110232497743,0.0,0.0,0.0,0,alert,img_f_4263.jpg
0.28092307359678204,0.0,0.0,0.0,0,alert,img_f_15399.jpg
0.3179761784425385,0.01098635779946758,0.0,0.0,0,alert,img_e_720.jpg
0.29147983088710766,0.0,0.0,0.0,0,alert,img_f_1508 (2).jpg
0.29120934559355804,0.0,0.0,0.0,0,alert,img_f_5394.jpg
0.3755396664609587,0.011086501631051803,0.0,0.0,0,alert,image_0444.jpg
0.35916676517000967,0.0,0.0,0.0,0,alert,image_0450.jpg
0.30815340611492886,0.00682995737109041,0.0,0.0,0,alert,img_i_17690.jpg
0.27537897567812364,0.007464973446009758,0.0,0.0,0,alert,img_k_2700.jpg
0.2557129157270822,0.0,0.0,0.0,0,alert,img_c_1305.jpg
0.2931857301852879,0.0,0.0,0.0,0,alert,img_f_15602.jpg
0.2965366417458695,0.006826296347522828,0.0,0.0,0,alert,img_i_2784.jpg
0.24606317540093936,0.0,0.0,0.0,0,alert,img_c_13485.jpg
0.32415662615826046,0.0,0.0,0.0,0,alert,image_928 (2).jpg
0.2778494237063502,0.006366947493004395,0.0,0.0,0,alert,img_k_7650.jpg
0.24894756006539775,0.006522031907814963,0.0,0.0,0,alert,img_h_2790.jpg
0.2884598096238417,0.008123372249425458,0.0,0.0,0,alert,image__174.jpg
0.2762534682233512,0.0,0.0,0.0,0,alert,img_f_10034.jpg
0.2365263227450379,0.006399614969786011,0.0,0.0,0,alert,img_h_7830.jpg
0.27701533514033094,0.007920559085112487,0.0,0.0,0,alert,img_f_3915.jpg
0.29772153578189875,0.008337387145942551,0.0,0.0,0,alert,img_j_7888.jpg
0.27067857771503995,0.012180638279984448,0.0,0.0,0,alert,img_c_3248.jpg
0.31264052140964105,0.0,0.0,0.0,0,alert,image_4089 (2).jpg
0.27410053497201237,0.007345795791168416,0.0,0.0,0,alert,img_e_13079.jpg
0.28005562901418524,0.0,0.0,0.0,0,alert,image_840 (2).jpg
0.27707129962561394,0.008539214515996735,0.0,0.0,0,alert,img_a_1395.jpg
0.3062800652070524,0.0,0.0,0.0,0,alert,img_f_12151.jpg
0.2979882961342559,0.00762945427677567,0.0,0.0,0,alert,img_k_16320.jpg
0.25248892795249844,0.0088831878751268,0.0,0.0,0,alert,img_h_1500.jpg
0.2703673252861496,0.0,0.0,0.0,0,alert,img_h_840 - Copy.jpg
0.2909287959566822,0.0,0.0,0.0,0,alert,img_h_2520 - Copy.jpg
0.31850023998919397,0.0,0.0,0.0,0,alert,img_i_10672.jpg
0.28628812718165964,0.0,0.0,0.0,0,alert,img_k_1590.jpg
0.2552193004631842,0.006249389698775046,0.0,0.0,0,alert,img_h_17220.jpg
0.24192427983116455,0.13824813604204644,0.0,0.0,0,alert,image_6960.jpg
0.29822233056136727,0.0078718197502368,0.0,0.0,0,alert,img_a_270.jpg
0.2847608312191088,0.04736386725143774,0.0,0.0,0,alert,image_0256.jpg
0.23458201142927276,0.24655220710843656,0.0,0.0,0,alert,image_1350 (6).jpg
0.3438951779077074,0.010416666558159723,0.0,0.0,0,alert,img_e_1980.jpg
0.26152216053726807,0.07010496057166112,0.0,0.0,0,alert,image_4756.jpg
0.30246253531491774,0.0049074767598868635,0.0,0.0,0,alert,img_k_6360.jpg
0.30174686724740407,0.0,0.0,0.0,0,alert,image__290 (2).jpg
0.30946851536689485,0.010988347420867866,0.0,0.0,0,alert,image_8178.jpg
0.3166433664924163,0.007008274599896648,0.0,0.0,0,alert,img_i_464.jpg
0.2710947428592192,0.008032970646377724,0.0,0.0,0,alert,img_f_15776.jpg
0.26922105478484826,0.0,0.0,0.0,0,alert,image_0242.jpg
0.3052775152249557,0.0,0.0,0.0,0,alert,img_f_783.jpg
0.31560680458544593,0.0,0.0,0.0,0,alert,img_i_6496.jpg
0.3206913871285717,0.0,0.0,0.0,0,alert,image_17835.jpg
0.27766303323366825,0.008531752340575151,0.0,0.0,0,alert,img_f_14326.jpg
0.3400146673572024,0.01074709788815257,0.0,0.0,0,alert,img_e_1770.jpg
0.2465320876313405,0.0,0.0,0.0,0,alert,img_h_7950.jpg
0.29125625064117194,0.0,0.0,0.0,0,alert,image_15950.jpg
0.29436576250431734,0.0,0.0,0.0,0,alert,img_j_5133.jpg
0.3174078583308488,0.0,0.0,0.0,0,alert,image_1160.jpg
0.2837949878150842,0.0,0.0,0.0,0,alert,img_j_5655.jpg
0.30390741856545245,0.010988347420867866,0.0,0.0,0,alert,image_7511.jpg
0.31007053202021795,0.0,0.0,0.0,0,alert,image_3944.jpg
0.26583365890696675,0.0,0.0,0.0,0,alert,image_240.jpg
0.2931631286628691,0.0,0.0,0.0,0,alert,img_f_754.jpg
0.24687549449921536,0.008521833136793586,0.0,0.0,0,alert,img_f_15979.jpg
0.2849617342428068,0.0034983644474014175,0.0,0.0,0,alert,img_k_9090.jpg
0.33258019293460717,0.0,0.0,0.0,0,alert,img_i_3277.jpg
0.295831704568816,0.1034419871077713,0.0,0.0,0,alert,image_4959.jpg
0.2407804416506814,0.0,0.0,0.0,0,alert,img_h_5160.jpg
0.24603804865303686,0.0,0.0,0.0,0,alert,img_h_12210.jpg
0.24987728541117993,0.006408544913700511,0.0,0.0,0,alert,img_h_16710.jpg
0.2615920907152231,0.0,0.0,0.0,0,alert,img_h_4530.jpg
0.31901051062361396,0.0,0.0,0.0,0,alert,image_16530.jpg
0.25424960486766224,0.0,0.0,0.0,0,alert,img_h_17340.jpg
0.3339594297501286,0.0,0.0,0.0,0,alert,img_i_4524.jpg
0.2777083583220804,0.004761661810139506,0.0,0.0,0,alert,img_k_17610.jpg
0.24574105439141936,0.14102101586957586,0.0,0.0,0,alert,image_696 (2).jpg
0.2379139205897609,0.014062207986997055,0.0,0.0,0,alert,img_c_10991.jpg
0.24492646934458562,0.0,0.0,0.0,0,alert,img_h_9000.jpg
0.27921415069772404,0.0,0.0,0.0,0,alert,img_e_6235.jpg
0.25090008353853543,0.0,0.0,0.0,0,alert,img_e_9106.jpg
0.3310825998595333,0.0,0.0,0.0,0,alert,img_i_4901.jpg
0.25954210224644547,0.0,0.0,0.0,0,alert,img_c_1073.jpg
0.2789408455660361,0.01095993240208607,0.0,0.0,0,alert,img_e_4350.jpg
0.24666694092319613,0.013697344839357587,0.0,0.0,0,alert,img_d_87.jpg
0.29117536694187773,0.0,0.0,0.0,0,alert,img_i_16820.jpg
0.27560647334587995,0.0032329294241119667,0.0,0.0,0,alert,img_k_2310.jpg
0.30446940500090103,0.0,0.0,0.0,0,alert,image_1050 (4).jpg
0.315009495017536,0.019227213861657447,0.0,0.0,0,alert,image_1410.jpg
0.3269856978132908,0.010989010868252628,0.0,0.0,0,alert,image_8352.jpg
0.35178159332137593,0.015203082117855557,0.0,0.0,0,alert,img_e_1200.jpg
0.279480549723521,0.0,0.0,0.0,0,alert,img_c_2552.jpg
0.2874965600942574,0.10528969841067087,0.0,0.0,0,alert,image_5104.jpg
0.2921530254684304,0.008029862312487894,0.0,0.0,0,alert,img_f_5974.jpg
0.2959614737783971,0.0,0.0,0.0,0,alert,image__10324.jpg
0.3136491580165969,0.010869565099243857,0.0,0.0,0,alert,image_2233 (2).jpg
0.2859331573581267,0.008771929747614652,0.0,0.0,0,alert,img_a_1785.jpg
0.25990887188678213,0.009172767889999107,0.0,0.0,0,alert,img_h_16260.jpg
0.2636319418751636,0.0092751767952892,0.0,0.0,0,alert,img_h_1110.jpg
0.2853055914900382,0.0,0.0,0.0,0,alert,img_f_1247.jpg
0.2646701742830445,0.007012926167238995,0.0,0.0,0,alert,img_i_8120.jpg
0.248235387933316,0.08692640768329227,0.0,0.0,0,alert,image_6380.jpg
0.24788182580077153,0.012782749650724151,0.0,0.0,0,alert,img_c_12412.jpg
0.3427958552429425,0.0,0.0,0.0,0,alert,image_1740 (3).jpg
0.3258938802251223,0.006797846736943916,0.0,0.0,0,alert,img_i_6119.jpg
0.27929276149672994,0.00844430759731173,0.0,0.0,0,alert,img_f_13688.jpg
0.25686007679477885,0.006450404782376289,0.0,0.0,0,alert,img_h_9570.jpg
0.31466964379751844,0.07497657160678041,0.0,0.0,0,alert,image_450 (4).jpg
0.30522086732159687,0.008455166895609106,0.0,0.0,0,alert,img_f_20242.jpg
0.2378416210293982,0.019026059510213515,0.0,0.0,0,alert,img_c_15341.jpg
0.26846783658596357,0.0,0.0,0.0,0,alert,img_c_3857.jpg
0.3339713082880393,0.0,0.0,0.0,0,alert,img_i_9570.jpg
0.28351089701628435,0.0,0.0,0.0,0,alert,img_a_1020.jpg
0.05071247448197602,0.01075268805642271,1.0,0.0,0,alert,image_11049.jpg
0.2530007079200806,0.020437551005764342,0.0,0.0,0,alert,img_h_12990.jpg
0.31893659411454456,0.0,0.0,0.0,0,alert,image_6554 (2).jpg
0.2846581019681319,0.0,0.0,0.0,0,alert,img_i_841.jpg
0.2961074364226848,0.15872240205490973,0.0,0.0,0,alert,image_2700 (2).jpg
0.24731189603536832,0.02039440732975617,0.0,0.0,0,alert,image_2871.jpg
0.29013948330507394,0.008662961561437296,0.0,0.0,0,alert,img_f_1508.jpg
0.24968509547459766,0.0,0.0,0.0,0,alert,img_a_0.jpg
0.26058909782175554,0.006443036792915484,0.0,0.0,0,alert,img_h_2430.jpg
0.2892310598339757,0.0046967253361703196,0.0,0.0,0,alert,img_k_15210.jpg
0.3357905469500442,0.0,0.0,0.0,0,alert,img_i_4727.jpg
0.2910257853227026,0.0,0.0,0.0,0,alert,img_h_18270.jpg
0.3261409197919653,0.0,0.0,0.0,0,alert,img_j_5481.jpg
0.2973734938914553,0.0,0.0,0.0,0,alert,image_16733.jpg
0.30464614033655946,0.00826192377946089,0.0,0.0,0,alert,img_a_1035.jpg
0.3356400372085805,0.01588102024176996,0.0,0.0,0,alert,img_e_480.jpg
0.3172303806387044,0.010868923050453842,0.0,0.0,0,alert,image_4582.jpg
0.36442946161955037,0.005809144599859004,0.0,0.0,0,alert,img_i_14993.jpg
0.252714483367539,0.0,0.0,0.0,0,alert,img_c_58.jpg
0.2529839732599281,0.0,0.0,0.0,0,alert,img_h_7560.jpg
0.30462336579975,0.006883305261397738,0.0,0.0,0,alert,img_i_3074.jpg
0.28741213214150313,0.11381936755003334,0.0,0.0,0,alert,image_725.jpg
0.27812272872122745,0.0,0.0,0.0,0,alert,img_f_3451.jpg
0.31848762152626864,0.0,0.0,0.0,0,alert,img_i_3712.jpg
0.2758089743458284,0.0,0.0,0.0,0,alert,img_h_14310.jpg
0.23764517656417378,0.006333428295358573,0.0,0.0,0,alert,img_h_3060.jpg
0.26807309842244037,0.004843168713894279,0.0,0.0,0,alert,img_k_14640.jpg
0.31228960143443973,0.0,0.0,0.0,0,alert,img_i_8874.jpg
0.2792561064979126,0.0,0.0,0.0,0,alert,image_1363.jpg
0.31013019632582967,0.007778157031718526,0.0,0.0,0,alert,img_f_1537 (2).jpg
0.27299696249510835,0.0,0.0,0.0,0,alert,image__5046.jpg
0.284339262421403,0.004696129707729769,0.0,0.0,0,alert,image__203.jpg
0.2541233503064697,0.007934259252477182,0.0,0.0,0,alert,img_e_4379.jpg
0.27277927429805554,0.0067795051898358934,0.0,0.0,0,alert,img_k_16080.jpg
0.224447157628742,0.23363594759881884,0.0,0.0,0,alert,image_1680 (2).jpg
0.23903967147278088,0.0,0.0,0.0,0,alert,img_e_4437.jpg
0.3602925238760881,0.08239622023395976,0.0,0.0,0,alert,image_2130.jpg
0.25865391337026644,0.012337220017753088,0.0,0.0,0,alert,img_c_3103.jpg
0.2821331133802343,0.08474902424614686,0.0,0.0,0,alert,image_5887.jpg
0.26334983492107394,0.0,0.0,0.0,0,alert,img_i_667.jpg
0.27667937398636144,0.004415064805779478,0.0,0.0,0,alert,image__696 (2).jpg
0.2825622511853599,0.0,0.0,0.0,0,alert,img_f_7192.jpg
0.29531764648402403,0.013582519007141473,0.0,0.0,0,alert,img_b_3103.jpg
0.30581551009378477,0.007554542325086287,0.0,0.0,0,alert,img_j_6177.jpg
0.2868352348513732,0.0,0.0,0.0,0,alert,img_f_522 (2).jpg
0.3614657315673786,0.0,0.0,0.0,0,alert,img_a_1545.jpg
0.330356789990646,0.0,0.0,0.0,0,alert,img_i_9773.jpg
0.30134977446282674,0.010868923050453842,0.0,0.0,0,alert,image_6815.jpg
0.2958179893868698,0.0,0.0,0.0,0,alert,img_i_3538.jpg
0.30960504773801617,0.003667558385821426,0.0,0.0,0,alert,img_k_7080.jpg
0.13485015355627994,0.0,1.0,0.0,0,alert,img_f_17835.jpg
0.23507049133385743,0.0,0.0,0.0,0,alert,img_h_11730.jpg
0.2683627059703929,0.006372529838162525,0.0,0.0,0,alert,img_h_3510.jpg
0.3029140002953453,0.007889438866333556,0.0,0.0,0,alert,img_f_377 (2).jpg
0.25777726781701354,0.007791130300878465,0.0,0.0,0,alert,img_k_15990.jpg
0.3537218006678575,0.1311475388336469,0.0,0.0,0,alert,image_900 (6).jpg
0.3071556561319856,0.11223368756461569,0.0,0.0,0,alert,image_420 (3).jpg
0.26205774105637136,0.006199233659661938,0.0,0.0,0,alert,img_h_19350.jpg
0.3241702168352435,0.006920456606585612,0.0,0.0,0,alert,img_i_8323.jpg
0.31140389291324716,0.01075268805642271,0.0,0.0,0,alert,image_4379 (2).jpg
0.2988899198048478,0.0,0.0,0.0,0,alert,img_k_5640.jpg
0.3301166296781899,0.0,0.0,0.0,0,alert,image_5307.jpg
0.3354131583777878,0.06520198551909688,0.0,0.0,0,alert,img_e_3600.jpg
0.2526742191665629,0.0,0.0,0.0,0,alert,img_h_5820.jpg
0.27508175351101205,0.0,0.0,0.0,0,alert,image_1020 (3).jpg
0.27170187647868693,0.0,0.0,0.0,0,alert,img_f_16530.jpg
0.31538589342423384,0.0,0.0,0.0,0,alert,image_0243.jpg
0.2803009977294315,0.00489866596400701,0.0,0.0,0,alert,img_k_9720.jpg
0.29743490373124437,0.00806346729411053,0.0,0.0,0,alert,img_e_899.jpg
0.2865072655555918,0.007372698813122647,0.0,0.0,0,alert,img_j_3219.jpg
0.2920650429529643,0.0,0.0,0.0,0,alert,image_2070 (2).jpg
0.3019203091374253,0.0,0.0,0.0,0,alert,image_4031.jpg
0.28781363525124626,0.0,0.0,0.0,0,alert,image_0257.jpg
0.34573225868429824,0.010637695824199184,0.0,0.0,0,alert,img_e_2250.jpg
0.305897505573248,0.027151266505196482,0.0,0.0,0,alert,image_330 (4).jpg
0.3091248510693599,0.0,0.0,0.0,0,alert,image_15979.jpg
0.27174933478980157,0.0,0.0,0.0,0,alert,img_f_4060.jpg
0.30338333536682804,0.0,0.0,0.0,0,alert,image_12151.jpg
0.29812807375564543,0.0,0.0,0.0,0,alert,img_f_7569.jpg
0.22645580174640556,0.013258122498247905,0.0,0.0,0,alert,img_c_15022.jpg
0.2562787145877704,0.0,0.0,0.0,0,alert,img_h_18660.jpg
0.31645715970352273,0.01075268805642271,0.0,0.0,0,alert,image_10034.jpg
0.3290424411545938,0.006954849572541516,0.0,0.0,0,alert,img_i_12702.jpg
0.3117199351980099,0.0,0.0,0.0,0,alert,img_a_1425.jpg
0.33204317456046306,0.0,0.0,0.0,0,alert,img_i_12064.jpg
0.24815046836136467,0.0,0.0,0.0,0,alert,image_1200 (2).jpg
0.31952211760129134,0.22996935514810576,0.0,0.0,0,alert,image_990 (3).jpg
0.28558115458060784,0.14804663929979509,0.0,0.0,0,alert,image_2250 (3).jpg
0.32807707312145784,0.0,0.0,0.0,0,alert,image_15602.jpg
0.2596058117148987,0.0,0.0,0.0,0,alert,img_h_19230.jpg
0.29175340102301417,0.0,0.0,0.0,0,alert,img_i_11223.jpg
0.3257169344657724,0.0076017607139289445,0.0,0.0,0,alert,img_j_377.jpg
0.28924280339489133,0.0,0.0,0.0,0,alert,image_4263 (2).jpg
0.3293193448425208,0.005741061633435202,0.0,0.0,0,alert,img_i_15051.jpg
0.27521055223786084,0.006421612949442242,0.0,0.0,0,alert,img_h_7170.jpg
0.254196376745672,0.0,0.0,0.0,0,alert,img_h_10200.jpg
0.30336701755910045,0.010868923050453842,0.0,0.0,0,alert,image_2291.jpg
0.2776232366744803,0.0,0.0,0.0,0,alert,image_1798.jpg
0.2923802977939126,0.0035086855243504837,0.0,0.0,0,alert,img_k_14250.jpg
0.26110605941516496,0.006542798989569453,0.0,0.0,0,alert,img_h_14700.jpg
0.29613813427022184,0.0,0.0,0.0,0,alert,img_g_15270.jpg
0.28420698045148374,0.010902785251960052,0.0,0.0,0,alert,img_f_812.jpg
0.30266219204855505,0.0,0.0,0.0,0,alert,image_1015.jpg
0.30773455401076,0.0,0.0,0.0,0,alert,img_a_1380.jpg
0.2718097020927183,0.009038769018007181,0.0,0.0,0,alert,img_h_5940.jpg
0.274817889280454,0.01061705133414759,0.0,0.0,0,alert,image__1624.jpg
0.23250080783127924,0.0,0.0,0.0,0,alert,image_1334 (3).jpg
0.2606288447685637,0.012985917745820209,0.0,0.0,0,alert,img_c_957.jpg
0.2533708822261325,0.0,0.0,0.0,0,alert,img_e_14703.jpg
0.39521478772208596,0.0,0.0,0.0,0,alert,image_600 (2).jpg
0.27821072744817826,0.0,0.0,0.0,0,alert,img_f_13514.jpg
0.26601791432899613,0.1525204643048678,0.0,0.0,0,alert,image_2520.jpg
0.2601293077602156,0.0,0.0,0.0,0,alert,img_h_8280.jpg
0.3633950461413695,0.0,0.0,0.0,0,alert,image_0445.jpg
0.3010199706031539,0.009239871348252156,0.0,0.0,0,alert,img_b_5162.jpg
0.3259127579543811,0.0,0.0,0.0,0,alert,img_i_8294.jpg
0.28713661984333505,0.0,0.0,0.0,0,alert,img_f_6844.jpg
0.3087521052829022,0.007692080060171119,0.0,0.0,0,alert,img_a_75.jpg
0.26841076860512,0.0,0.0,0.0,0,alert,img_f_2175.jpg
0.28609912596809983,0.0,0.0,0.0,0,alert,img_a_1155.jpg
0.2872637853214626,0.007258583761557228,0.0,0.0,0,alert,img_j_3190.jpg
0.27586822329925137,0.0,0.0,0.0,0,alert,img_f_16849.jpg
0.2530185205483916,0.006659419198372711,0.0,0.0,0,alert,img_h_10980.jpg
0.2615561415607901,0.006394379467679339,0.0,0.0,0,alert,img_h_2550.jpg
0.30118003928774895,0.0037377497292016763,0.0,0.0,0,alert,img_k_11670.jpg
0.3150685130472878,0.0,0.0,0.0,0,alert,img_i_12528.jpg
0.2900753202564329,0.0,0.0,0.0,0,alert,img_f_5626.jpg
0.2990539672807778,0.0032756088996724786,0.0,0.0,0,alert,img_k_11880.jpg
0.24755876936168064,0.006532460380004618,0.0,0.0,0,alert,img_h_10770.jpg
0.3012165211290219,0.0,0.0,0.0,0,alert,image_1856 (2).jpg
0.29055293629726797,0.00973653979887634,0.0,0.0,0,alert,img_i_7366.jpg
0.26783783851845555,0.008093518569080251,0.0,0.0,0,alert,img_f_7743.jpg
0.27603835198594184,0.0,0.0,0.0,0,alert,image_210 (7).jpg
0.30525258047905857,0.0,0.0,0.0,0,alert,image_8555.jpg
0.27779723073617907,0.09516069767874002,0.0,0.0,0,alert,image_841 (3).jpg
0.2687758321779876,0.033791407143814865,0.0,0.0,0,alert,img_e_2668.jpg
0.3193574524899844,0.0,0.0,0.0,0,alert,image_15399.jpg
0.2874041510333428,0.00325712163409984,0.0,0.0,0,alert,img_k_5250.jpg
0.3384715262603742,0.0,0.0,0.0,0,alert,img_j_7453.jpg
0.3505607519695836,0.015198691589576612,0.0,0.0,0,alert,img_e_3210.jpg
0.3144071035902228,0.010752066495802473,0.0,0.0,0,alert,image_5974 (2).jpg
0.30304976474604695,0.01159035703027743,0.0,0.0,0,alert,img_a_885.jpg
0.2861465622187316,0.006624914026790134,0.0,0.0,0,alert,image__377.jpg
0.2915133817405401,0.0033221857893597022,0.0,0.0,0,alert,img_k_8760.jpg
0.3188556566369154,0.00831919110513487,0.0,0.0,0,alert,img_a_675.jpg
0.31055109409966813,0.006822323643757992,0.0,0.0,0,alert,img_i_11948.jpg
0.2903684818478168,0.0,0.0,0.0,0,alert,image_16860.jpg
0.33175842520227317,0.0240381834735,0.0,0.0,0,alert,img_e_2640.jpg
0.2711756378419279,0.010370632052948442,0.0,0.0,0,alert,img_e_9715.jpg
0.2971105176467131,0.0,0.0,0.0,0,alert,img_f_5829.jpg
0.21577250978558207,0.0,0.0,0.0,0,alert,img_c_13862.jpg
0.2470677405333955,0.007296160804954771,0.0,0.0,0,alert,img_i_17487.jpg
0.34944935298293106,0.015363720221271663,0.0,0.0,0,alert,img_e_1350.jpg
0.25708787001877786,0.019473541134826598,0.0,0.0,0,alert,img_h_3870.jpg
0.29524024096011103,0.0,0.0,0.0,0,alert,img_e_16327.jpg
0.3376117522394775,0.29856367444963566,0.0,0.0,0,alert,image_660 (6).jpg
0.33307399297047807,0.0,0.0,0.0,0,alert,img_i_5597.jpg
0.20704810618108427,0.012632950639746765,0.0,0.0,0,alert,img_c_580.jpg
0.24011919345648586,0.00668332141835558,0.0,0.0,0,alert,img_h_7380.jpg
0.2872774622355786,0.0,0.0,0.0,0,alert,img_h_2250 - Copy.jpg
0.27011304351900933,0.0,0.0,0.0,0,alert,img_f_16878.jpg
0.3333826705114251,0.0,0.0,0.0,0,alert,img_i_5568.jpg
0.2541913249717905,0.00924302841488521,0.0,0.0,0,alert,img_h_60.jpg
0.2509165157490554,0.018749633682608065,0.0,0.0,0,alert,img_h_9420.jpg
0.3289277977094235,0.0,0.0,0.0,0,alert,img_i_6061.jpg
0.30953791794402497,0.007924288454708925,0.0,0.0,0,alert,img_f_348.jpg
0.252110870255449,0.006253665292063929,0.0,0.0,0,alert,img_h_4110.jpg
0.28046925334218753,0.009186691816123863,0.0,0.0,0,alert,img_h_13260.jpg
0.3359262670736045,0.0,0.0,0.0,0,alert,img_i_10440.jpg
0.29482113660145476,0.005010407386520359,0.0,0.0,0,alert,img_k_16890.jpg
0.2653232363935061,0.0,0.0,0.0,0,alert,img_h_17760.jpg
0.2865333782603755,0.008259950648098298,0.0,0.0,0,alert,img_a_1170.jpg
0.3208009229587942,0.004944772422194799,0.0,0.0,0,alert,img_k_12360.jpg
0.2965344172975518,0.007934259252477182,0.0,0.0,0,alert,img_f_406.jpg
0.28276931638598335,0.0,0.0,0.0,0,alert,img_f_14935.jpg
0.2474252999378445,0.0,0.0,0.0,0,alert,img_h_12630.jpg
0.2463537287337763,0.0081190872051165,0.0,0.0,0,alert,img_f_7308 (2).jpg
0.3074747426001958,0.0,0.0,0.0,0,alert,image_17226.jpg
0.28974268863506547,0.006677656701342802,0.0,0.0,0,alert,img_i_17313.jpg
0.28096357930490395,0.12492035456414438,0.0,0.0,0,alert,image_660.jpg
0.2905310446518844,0.008093518569080251,0.0,0.0,0,alert,img_f_7772.jpg
0.27072690287127,0.0,0.0,0.0,0,alert,img_h_8070.jpg
0.33138813132096623,0.0,0.0,0.0,0,alert,img_i_9193.jpg
0.27464975090955257,0.0,0.0,0.0,0,alert,image__11368.jpg
0.32046327413667636,0.0,0.0,0.0,0,alert,image__2639 (2).jpg
0.24806734951544052,0.0,0.0,0.0,0,alert,img_e_14732.jpg
0.3305894302841663,0.016910333806312978,0.0,0.0,0,alert,img_i_15921.jpg
0.3478864908007704,0.009883565484323061,0.0,0.0,0,alert,image_0448.jpg
0.2947660755039143,0.004760987183701395,0.0,0.0,0,alert,img_k_15180.jpg
0.3398974953265401,0.010853547930745635,0.0,0.0,0,alert,img_e_1620.jpg
0.2976365821414876,0.006498221011704973,0.0,0.0,0,alert,img_k_3360.jpg
0.23999474103242474,0.006527031336773871,0.0,0.0,0,alert,img_h_7800.jpg
0.30168975866689957,0.0,0.0,0.0,0,alert,image__11426.jpg
0.3130624083088426,0.010989010868252628,0.0,0.0,0,alert,image_10788.jpg
0.28645585150389496,0.008047784684978793,0.0,0.0,0,alert,img_e_7279.jpg
0.30908853708299255,0.007993607605876552,0.0,0.0,0,alert,image__319 (2).jpg
0.3047791779516892,0.0,0.0,0.0,0,alert,image_15196.jpg
0.2830539674512097,0.004786003965827104,0.0,0.0,0,alert,img_k_2730.jpg
0.28970985732709587,0.003105859659640204,0.0,0.0,0,alert,img_k_7890.jpg
0.29568230803818096,0.008055091839002593,0.0,0.0,0,alert,image__261 (2).jpg
0.2632312013987105,0.01104551004631123,0.0,0.0,0,alert,img_e_4002.jpg
0.30188605586552675,0.0,0.0,0.0,0,alert,image__2320.jpg
0.2671111479015067,0.0,0.0,0.0,0,alert,img_h_2550 - Copy.jpg
0.2826569098475321,0.13524229276708272,0.0,0.0,0,alert,image_870 (8).jpg
0.231284007378374,0.0,0.0,0.0,0,alert,img_c_11513.jpg
0.28343912650137515,0.006677656701342802,0.0,0.0,0,alert,img_i_17139.jpg
0.2682952200617487,0.012694894771475286,0.0,0.0,0,alert,image_3828.jpg
0.3053219347948771,0.0,0.0,0.0,0,alert,image_4727 (2).jpg
0.264128204319937,0.0,0.0,0.0,0,alert,img_h_13710.jpg
0.30989807200454156,0.0,0.0,0.0,0,alert,image_10005.jpg
0.32038833291546,0.0,0.0,0.0,0,alert,image_667 (2).jpg
0.30296421541352325,0.0,0.0,0.0,0,alert,image_7482.jpg
0.3184565678194373,0.0,0.0,0.0,0,alert,img_i_17893.jpg
0.26564514499721703,0.026429621088039985,0.0,0.0,0,alert,img_h_9150.jpg
0.24973682666272215,0.006601702755173541,0.0,0.0,0,alert,img_h_900.jpg
0.25021897625919565,0.36751722134198445,0.0,0.0,0,alert,image_1170 (4).jpg
0.30730901868538396,0.0,0.0,0.0,0,alert,image_11455.jpg
0.31777791983779813,0.0,0.0,0.0,0,alert,img_i_7627.jpg
0.326543430005926,0.00730257791963468,0.0,0.0,0,alert,img_i_2987.jpg
0.30993312364662606,0.0,0.0,0.0,0,alert,image_5510 (2).jpg
0.2702438336714844,0.0,0.0,0.0,0,alert,img_h_1530.jpg
0.2639543419944236,0.0,0.0,0.0,0,alert,image__11397.jpg
0.3175361714571756,0.0,0.0,0.0,0,alert,img_i_5742.jpg
0.317452658178805,0.004643884937826999,0.0,0.0,0,alert,img_k_960.jpg
0.3329884657892631,0.0,0.0,0.0,0,alert,img_e_1740.jpg
0.2721925869557157,0.0,0.0,0.0,0,alert,img_i_14587.jpg
0.28057717974283664,0.0,0.0,0.0,0,alert,img_f_957.jpg
0.2730750059494852,0.11090342510306687,0.0,0.0,0,alert,image_5336.jpg
0.28067238491092295,0.008241695970710049,0.0,0.0,0,alert,img_f_16501.jpg
0.3244877918331438,0.0,0.0,0.0,0,alert,image_2465.jpg
0.30876433711092066,0.0,0.0,0.0,0,alert,img_h_6390 - Copy.jpg
0.32308914514512244,0.007934259252477182,0.0,0.0,0,alert,img_a_240.jpg
0.2584172773291936,0.0078718197502368,0.0,0.0,0,alert,img_e_4176.jpg
0.2617444095352208,0.18181817768595052,0.0,0.0,0,alert,image_1350 (5).jpg
0.29368061634790465,0.0,0.0,0.0,0,alert,img_h_3690 - Copy.jpg
0.30602980207790115,0.008367688065496327,0.0,0.0,0,alert,img_f_11252.jpg
0.29567760493830386,0.1428042832216914,0.0,0.0,0,alert,image_174 (3).jpg
0.25423061629024873,0.006369297512416869,0.0,0.0,0,alert,img_h_9030.jpg
0.2851263211916658,0.0,0.0,0.0,0,alert,img_i_3509.jpg
0.30065236442330734,0.01149729117635841,0.0,0.0,0,alert,image__203 (2).jpg
0.22402263987493654,0.22966355863045457,0.0,0.0,0,alert,image_2400 (3).jpg
0.2517632372485488,0.0,0.0,0.0,0,alert,img_h_4500.jpg
0.26987088461474823,0.003222086926807958,0.0,0.0,0,alert,img_k_13320.jpg
0.27456529113957406,0.007743566498781875,0.0,0.0,0,alert,img_f_3886.jpg
0.2525151497665769,0.006257704613950862,0.0,0.0,0,alert,img_h_17370.jpg
0.336547056904384,0.010866997586516148,0.0,0.0,0,alert,img_e_3180.jpg
0.30561844098400615,0.011111110987654323,0.0,0.0,0,alert,image_15747.jpg
0.28959705788087786,0.0,0.0,0.0,0,alert,img_j_13021.jpg
0.296425004475078,0.010750202460471602,0.0,0.0,0,alert,image_1450 (2).jpg
0.2862135732798988,0.0,0.0,0.0,0,alert,img_f_16298.jpg
0.275888930476553,0.09319022556241004,0.0,0.0,0,alert,image_270.jpg
0.38877149961906177,0.0,0.0,0.0,0,alert,img_i_1450.jpg
0.24246991371371837,0.15314096964128637,0.0,0.0,0,alert,image_1440 (2).jpg
0.24977766780851976,0.006651901008129606,0.0,0.0,0,alert,img_h_690.jpg
0.3158072964623964,0.010988347420867866,0.0,0.0,0,alert,image_8410.jpg
0.3042946519223061,0.006375637505172554,0.0,0.0,0,alert,img_i_8845.jpg
0.27293708315907605,0.0,0.0,0.0,0,alert,img_j_3770.jpg
0.24347028684114025,0.0,0.0,0.0,0,alert,img_c_14906.jpg
0.2534216497413382,0.012180638279984448,0.0,0.0,0,alert,img_c_2204.jpg
0.29162945149324054,0.00663518730723666,0.0,0.0,0,alert,image__232.jpg
0.343754340248714,0.01588102024176996,0.0,0.0,0,alert,img_e_1230.jpg
0.2860018544320775,0.0,0.0,0.0,0,alert,img_f_15544.jpg
0.25177845451967845,0.0,0.0,0.0,0,alert,img_c_3654.jpg
0.23294301494223568,0.006429040461898063,0.0,0.0,0,alert,img_h_6840.jpg
0.2568856809606199,0.0,0.0,0.0,0,alert,img_c_3132.jpg
0.305350554864535,0.007934259252477182,0.0,0.0,0,alert,image_1050 (7).jpg
0.2645488528854176,0.0,0.0,0.0,0,alert,img_h_14490.jpg
0.301931683910706,0.0,0.0,0.0,0,alert,img_e_300.jpg
0.30649382706914274,0.006944109522470997,0.0,0.0,0,alert,img_j_2320.jpg
0.3244634755477642,0.0,0.0,0.0,0,alert,img_b_3132.jpg
0.31213581265248036,0.04938647874171464,0.0,0.0,0,alert,image_960 (2).jpg
0.3006589862146427,0.007808688033454694,0.0,0.0,0,alert,img_e_2088.jpg
0.2754785801739056,0.00475476717060671,0.0,0.0,0,alert,img_k_13650.jpg
0.30344901650704237,0.26410393228438445,0.0,0.0,0,alert,image_450 (7).jpg
0.2389360047747578,0.006491317136912764,0.0,0.0,0,alert,img_h_9540.jpg
0.326866261509987,0.0,0.0,0.0,0,alert,img_i_3045.jpg
0.28120806594617576,0.0,0.0,0.0,0,alert,img_f_3248 (2).jpg
0.2539820933245696,0.009086967195083064,0.0,0.0,0,alert,img_h_12750.jpg
0.24108363986382836,0.0,0.0,0.0,0,alert,img_c_3683.jpg
0.2808595921247212,0.0,0.0,0.0,0,alert,img_f_3306.jpg
0.40977489663703803,0.0,0.0,0.0,0,alert,img_i_1653.jpg
0.309232527996525,0.0,0.0,0.0,0,alert,img_f_1276.jpg
0.2520437129303522,0.0,0.0,0.0,0,alert,img_h_10620.jpg
0.2968023988014806,0.007766278747916643,0.0,0.0,0,alert,img_k_2490.jpg
0.2881369112322387,0.004810138897646937,0.0,0.0,0,alert,img_k_14670.jpg
0.3158690700035066,0.0,0.0,0.0,0,alert,image_6989 (2).jpg
0.2920470773949454,0.0,0.0,0.0,0,alert,img_i_11165.jpg
0.29522672352292684,0.010580677671988068,0.0,0.0,0,alert,img_j_1827.jpg
0.27834909988327083,0.10909090710743806,0.0,0.0,0,alert,image_720 (2).jpg
0.30993432756116013,0.0,0.0,0.0,0,alert,image_15544.jpg
0.28291653613209267,0.006261506267171411,0.0,0.0,0,alert,img_h_18240.jpg
0.2724409510229935,0.07454993131417441,0.0,0.0,0,alert,image_5684.jpg
0.2896749505900713,0.0,0.0,0.0,0,alert,img_a_1005.jpg
0.29134031302897356,0.0034244767927978552,0.0,0.0,0,alert,img_k_14880.jpg
0.3234723020881256,0.0,0.0,0.0,0,alert,image_11078.jpg
0.33114472936796147,0.006780167408604895,0.0,0.0,0,alert,img_i_9541.jpg
0.3028693158172443,0.0,0.0,0.0,0,alert,img_h_2670 - Copy.jpg
0.24612575219050736,0.0,0.0,0.0,0,alert,img_h_2400.jpg
0.2724332625161435,0.007227426005611357,0.0,0.0,0,alert,img_i_870.jpg
0.3215556831667054,0.0,0.0,0.0,0,alert,img_i_4930.jpg
0.23265468279159257,0.0,0.0,0.0,0,alert,img_h_450.jpg
0.301967440082346,0.0,0.0,0.0,0,alert,img_f_9831.jpg
0.318519095269162,0.0,0.0,0.0,0,alert,img_i_6699.jpg
0.3216236495937553,0.0,0.0,0.0,0,alert,image_203 (2).jpg
0.314744802949955,0.0,0.0,0.0,0,alert,image_8439.jpg
0.324769747448553,0.2155433165306804,0.0,0.0,0,alert,image_2370 (3).jpg
0.3233695913669668,0.0,0.0,0.0,0,alert,image_2100.jpg
0.3644342257541366,0.1504500999954532,0.0,0.0,0,alert,img_i_14790.jpg
0.3354906722112948,0.042003460438798844,0.0,0.0,0,alert,image_1320 (2).jpg
0.26914756164592735,0.0,0.0,0.0,0,alert,image_1421.jpg
0.2811884896472947,0.0,0.0,0.0,0,alert,img_f_2958.jpg
0.2535142557139952,0.0,0.0,0.0,0,alert,img_h_1860.jpg
0.2657494573592923,0.008455166895609106,0.0,0.0,0,alert,img_f_13108.jpg
0.283658275008427,0.008029862312487894,0.0,0.0,0,alert,img_f_5945.jpg
0.26031510844233763,0.006535389328025427,0.0,0.0,0,alert,img_h_8850.jpg
0.284020489381687,0.0,0.0,0.0,0,alert,image_8820.jpg
0.30903048776422537,0.0,0.0,0.0,0,alert,image_900 (5).jpg
0.23725934143594718,0.012186968468386123,0.0,0.0,0,alert,img_c_3480.jpg
0.30828257548392746,0.010866997586516148,0.0,0.0,0,alert,image_9280.jpg
0.3142335103970472,0.0,0.0,0.0,0,alert,img_i_9019.jpg
0.2804584999428702,0.0,0.0,0.0,0,alert,img_f_4118.jpg
0.24047223611038665,0.0,0.0,0.0,0,alert,img_h_10350.jpg
0.3013514411586673,0.0,0.0,0.0,0,alert,image_16501.jpg
0.2645145582213302,0.018540785805195553,0.0,0.0,0,alert,img_h_11700.jpg
0.25663521317947235,0.06057498345743861,0.0,0.0,0,alert,image_180 (3).jpg
0.21559819413457806,0.007684127709020993,0.0,0.0,0,alert,img_e_14848.jpg
0.33864751244958124,0.0,0.0,0.0,0,alert,img_a_1575.jpg
0.3631819796134701,0.0,0.0,0.0,0,alert,img_i_1479.jpg
0.2806449605599502,0.008263334025047878,0.0,0.0,0,alert,img_f_2233.jpg
0.3198960549811728,0.0,0.0,0.0,0,alert,image_16298.jpg
0.2619323309491105,0.003363363958669345,0.0,0.0,0,alert,img_k_5880.jpg
0.30935297978132426,0.0,0.0,0.0,0,alert,img_i_10904.jpg
0.31422170646213465,0.0,0.0,0.0,0,alert,image_8149.jpg
0.2717845587449743,0.021257357860531553,0.0,0.0,0,alert,image_1590 (3).jpg
0.29200778029222585,0.0,0.0,0.0,0,alert,img_f_15747.jpg
0.29697226613778094,0.0,0.0,0.0,0,alert,img_a_255.jpg
0.3410150225198867,0.0,0.0,0.0,0,alert,img_j_6351.jpg
0.24872146912367182,0.006408150157073311,0.0,0.0,0,alert,img_h_120.jpg
0.2654162991627205,0.00843799229672402,0.0,0.0,0,alert,img_f_14471.jpg
0.3147556431094023,0.0,0.0,0.0,0,alert,img_i_10092.jpg
0.25496441429983463,0.0,0.0,0.0,0,alert,img_h_9780.jpg
0.293706247019382,0.0,0.0,0.0,0,alert,img_i_16385.jpg
0.27648732045116875,0.0,0.0,0.0,0,alert,img_j_3567.jpg
0.26829909736636415,0.003330669851312603,0.0,0.0,0,alert,img_k_8340.jpg
0.3027099169181684,0.004626828937830412,0.0,0.0,0,alert,img_k_5670.jpg
0.292416861475365,0.006919752429110273,0.0,0.0,0,alert,img_k_17190.jpg
0.34612452417944234,0.015537056201090483,0.0,0.0,0,alert,img_e_3630.jpg
0.32229224634986,0.0,0.0,0.0,0,alert,image_8613.jpg
0.35223188883294787,0.0,0.0,0.0,0,alert,image_690 (4).jpg
0.3133865057375552,0.0,0.0,0.0,0,alert,img_i_7975.jpg
0.25745734760545913,0.006458740900371068,0.0,0.0,0,alert,img_h_7140.jpg
0.2319844202788144,0.012896517521223137,0.0,0.0,0,alert,img_h_10230.jpg
0.3439601529072044,0.007554111215874419,0.0,0.0,0,alert,img_i_290.jpg
0.34148574780223384,0.0,0.0,0.0,0,alert,img_j_435.jpg
0.2904107244245181,0.0,0.0,0.0,0,alert,img_i_17110.jpg
0.24112668231454815,0.0,0.0,0.0,0,alert,img_h_14730.jpg
0.2795090497006209,0.006244027088671504,0.0,0.0,0,alert,img_h_19200.jpg
0.29495343787774797,0.0,0.0,0.0,0,alert,img_f_10788.jpg
0.2730412415948398,0.006786487948223696,0.0,0.0,0,alert,image__1827.jpg
0.2848600626019048,0.0035809186930359136,0.0,0.0,0,alert,img_k_30.jpg
0.3153443964628936,0.0067308407508132545,0.0,0.0,0,alert,img_i_10643.jpg
0.26234590620282916,0.04344975059075742,0.0,0.0,0,alert,image_1914 (2).jpg
0.2878115623767151,0.0,0.0,0.0,0,alert,img_f_3277 (2).jpg
0.25124677725935923,0.006558540408653103,0.0,0.0,0,alert,img_h_15360.jpg
0.24215220483490318,0.0,0.0,0.0,0,alert,img_h_2010.jpg
0.2977632325585645,0.0,0.0,0.0,0,alert,img_f_4147 (2).jpg
0.2475677676273474,0.01295971882691329,0.0,0.0,0,alert,img_c_783.jpg
0.32660730140782596,0.0,0.0,0.0,0,alert,image_2262.jpg
0.25527628388749235,0.0,0.0,0.0,0,alert,img_h_9810.jpg
0.31353726949698296,0.01178511292156652,0.0,0.0,0,alert,image__2088 (2).jpg
0.2624186970875993,0.0,0.0,0.0,0,alert,img_c_1334.jpg
0.2751700541514689,0.009950371803089992,0.0,0.0,0,alert,img_h_2490 - Copy.jpg
0.30410442578794616,0.0,0.0,0.0,0,alert,img_f_11455.jpg
0.25893532364348065,0.17304492475491703,0.0,0.0,0,alert,image_1830 (3).jpg
0.3493067878450752,0.011491216752853224,0.0,0.0,0,alert,img_e_3750.jpg
0.2731705176036092,0.008860145453197056,0.0,0.0,0,alert,img_h_5970.jpg
0.26431801073371225,0.0,0.0,0.0,0,alert,img_e_16124.jpg
0.3005719591921824,0.0,0.0,0.0,0,alert,img_f_10005.jpg
0.36855024893264177,0.0,0.0,0.0,0,alert,image_0449.jpg
0.2931609173601132,0.007688668887627861,0.0,0.0,0,alert,image__145.jpg
0.2788360934381861,0.0,0.0,0.0,0,alert,img_h_120 - Copy.jpg
0.2801963249626712,0.0,0.0,0.0,0,alert,image_210 (4).jpg
0.36114046189409427,0.1594415095413642,0.0,0.0,0,alert,image_1980 (5).jpg
0.20766580723932687,0.013867504713323039,0.0,0.0,0,alert,img_c_13891.jpg
0.26291110188601097,0.0,0.0,0.0,0,alert,img_i_7424.jpg
0.29733372187471785,0.0,0.0,0.0,0,alert,img_j_145.jpg
0.2805490315038043,0.009173732784319402,0.0,0.0,0,alert,img_h_10740.jpg
0.3213961102382218,0.0,0.0,0.0,0,alert,img_i_10469.jpg
0.3150858382867632,0.0,0.0,0.0,0,alert,image_1110 (3).jpg
0.2822489196825638,0.0,0.0,0.0,0,alert,img_f_58.jpg
0.3442915347628358,0.0,0.0,0.0,0,alert,img_e_15834.jpg
0.29036320692046935,0.0,0.0,0.0,0,alert,image_7859.jpg
0.3232229052431282,0.07835542014494598,0.0,0.0,0,alert,img_k_11640.jpg
0.3262484967670325,0.010869565099243857,0.0,0.0,0,alert,image_261 (2).jpg
0.25797496352102506,0.006235281608217499,0.0,0.0,0,alert,img_h_6060.jpg
0.23003608877841186,0.006530927739906085,0.0,0.0,0,alert,img_h_11310.jpg
0.2995937243183505,0.0,0.0,0.0,0,alert,image_4321 (2).jpg
0.2874444322302966,0.007737074107525198,0.0,0.0,0,alert,img_a_45.jpg
0.3090460255741051,0.011111110987654323,0.0,0.0,0,alert,image_9860.jpg
0.28861779396738996,0.00837384670815618,0.0,0.0,0,alert,img_f_8468.jpg
0.3045439454643517,0.01075268805642271,0.0,0.0,0,alert,image_6206.jpg
0.24324031708798277,0.0,0.0,0.0,0,alert,img_h_12180.jpg
0.3266200700086922,0.0,0.0,0.0,0,alert,image_9135.jpg
0.23262934435104232,0.006890654946952618,0.0,0.0,0,alert,image_1276 (3).jpg
0.2639239181992581,0.0,0.0,0.0,0,alert,img_i_7395.jpg
0.3318588095480032,0.014879041330768086,0.0,0.0,0,alert,img_e_2670.jpg
0.2999343783527235,0.008157355760299152,0.0,0.0,0,alert,img_f_17226.jpg
0.3101207133031789,0.0,0.0,0.0,0,alert,img_i_16965.jpg
0.2805845508257141,0.13865936240952273,0.0,0.0,0,alert,image_510 (3).jpg
0.3060117146728335,0.008112939316888525,0.0,0.0,0,alert,img_a_645.jpg
0.28428807419033814,0.007747516290642282,0.0,0.0,0,alert,img_f_8497.jpg
0.26455958723705886,0.017464484832307704,0.0,0.0,0,alert,img_e_261.jpg
0.38571457495694056,0.005032310496021089,0.0,0.0,0,alert,img_k_9300.jpg
0.3075577371796022,0.010866997586516148,0.0,0.0,0,alert,image_14935.jpg
0.25837729421084743,0.01935443579117021,0.0,0.0,0,alert,img_h_9390.jpg
0.3459224205320668,0.010863790752714077,0.0,0.0,0,alert,img_e_2880.jpg
0.2793404829664846,0.010781772939861876,0.0,0.0,0,alert,image__435.jpg
0.324141781820707,0.0,0.0,0.0,0,alert,image_7656.jpg
0.3002958931640171,0.004857116671576367,0.0,0.0,0,alert,img_k_13080.jpg
0.3222200996227465,0.0,0.0,0.0,0,alert,image_3654 (2).jpg
0.2793518575569506,0.00503075009457097,0.0,0.0,0,alert,img_k_17580.jpg
0.2919156175210995,0.0,0.0,0.0,0,alert,img_f_319 (2).jpg
0.31090534619775345,0.007873039487710731,0.0,0.0,0,alert,img_a_90.jpg
0.3334100069075353,0.007158029202299296,0.0,0.0,0,alert,img_j_812.jpg
0.3033745541415761,0.0,0.0,0.0,0,alert,img_h_1770 - Copy.jpg
0.2970165473776463,0.008450033675986597,0.0,0.0,0,alert,img_f_12412.jpg
0.3241633188783585,0.0,0.0,0.0,0,alert,img_i_8932.jpg
0.32638354897355815,0.007071598151613458,0.0,0.0,0,alert,img_j_5510.jpg
0.26746989552741657,0.011290608871445137,0.0,0.0,0,alert,img_e_8439.jpg
0.24654729872467007,0.0,0.0,0.0,0,alert,img_h_240.jpg
0.31550832604423196,0.011048206210374095,0.0,0.0,0,alert,img_a_135.jpg
0.31668047685335543,0.009599422423962712,0.0,0.0,0,alert,img_b_3045.jpg
0.31932501813173153,0.010869565099243857,0.0,0.0,0,alert,image_9889.jpg
0.24963416886082834,0.0066897489120761105,0.0,0.0,0,alert,img_h_1080.jpg
0.25495332727760867,0.0,0.0,0.0,0,alert,img_c_3045.jpg
0.31285294304460665,0.0,0.0,0.0,0,alert,image_2378 (2).jpg
0.33488300480277694,0.0,0.0,0.0,0,alert,img_e_2100.jpg
0.266303665273274,0.008941947249319756,0.0,0.0,0,alert,img_h_5580.jpg
0.30564373191544625,0.008174508238517836,0.0,0.0,0,alert,image_17580.jpg
0.3075993215043922,0.0,0.0,0.0,0,alert,img_i_3683.jpg
0.2965534615112932,0.003219113889535558,0.0,0.0,0,alert,img_k_4140.jpg
0.2634896546510108,0.008991693207308145,0.0,0.0,0,alert,img_h_18450.jpg
0.2840850918854901,0.0,0.0,0.0,0,alert,img_f_2494 (2).jpg
0.3120310092079659,0.0,0.0,0.0,0,alert,image_6322 (2).jpg
0.3020055068882025,0.010868923050453842,0.0,0.0,0,alert,image_16675.jpg
0.33442521126957925,0.007152717120564966,0.0,0.0,0,alert,img_j_609.jpg
0.29162149254333813,0.007646632155870708,0.0,0.0,0,alert,img_k_11130.jpg
0.2918836633083172,0.0,0.0,0.0,0,alert,img_i_2204.jpg
0.25550684623170783,0.009003165111617178,0.0,0.0,0,alert,img_h_11460.jpg
0.31577621317590443,0.006384597436781529,0.0,0.0,0,alert,img_i_8729.jpg
0.3147792485411802,0.0,0.0,0.0,0,alert,img_k_6780.jpg
0.27057591628270977,0.0,0.0,0.0,0,alert,img_j_13340.jpg
0.31784356641531136,0.007052403589831776,0.0,0.0,0,alert,img_i_3654.jpg
0.2813413541950104,0.0033090639334818674,0.0,0.0,0,alert,img_k_2280.jpg
0.2995556972934786,0.0,0.0,0.0,0,alert,img_i_3132.jpg
0.28263653130415145,0.09201072342678294,0.0,0.0,0,alert,image_5916.jpg
0.30744513358637293,0.0,0.0,0.0,0,alert,image_7105 (2).jpg
0.29785108244508907,0.008043357888813194,0.0,0.0,0,alert,img_a_690.jpg
0.2949776271101181,0.011132434251341273,0.0,0.0,0,alert,img_f_377.jpg
0.3089676133345505,0.012401088754661577,0.0,0.0,0,alert,image__1450 (2).jpg
0.24686050234347062,0.0,0.0,0.0,0,alert,img_c_232.jpg
0.31726663619532297,0.0,0.0,0.0,0,alert,image_9686.jpg
0.3030741859049314,0.0,0.0,0.0,0,alert,image_9309.jpg
0.23640892617618053,0.0,0.0,0.0,0,alert,img_c_3509.jpg
0.296615111358252,0.0064935064724236805,0.0,0.0,0,alert,img_k_8550.jpg
0.30216788533163547,0.00808875128789615,0.0,0.0,0,alert,img_j_7105.jpg
0.2775993191656274,0.007999999936,0.0,0.0,0,alert,image_3630.jpg
0.30904269748816093,0.0,0.0,0.0,0,alert,image_5800 (2).jpg
0.29095384391996537,0.007892878564521234,0.0,0.0,0,alert,img_f_7598.jpg
0.2957399964184636,0.003348172569409357,0.0,0.0,0,alert,img_k_1560.jpg
0.2476116335547195,0.0,0.0,0.0,0,alert,img_e_12354.jpg
0.26518164126812777,0.0035959824981799506,0.0,0.0,0,alert,img_k_17970.jpg
0.2602745350946589,0.019989767777696957,0.0,0.0,0,alert,image_4611.jpg
0.274830078489669,0.004145062123879718,0.0,0.0,0,alert,image_1769.jpg
0.2579770964710008,0.0,0.0,0.0,0,alert,img_h_13920.jpg
0.24807064753606345,0.0,0.0,0.0,0,alert,img_h_16680.jpg
0.24375441590086058,0.11109206197921795,0.0,0.0,0,alert,image_240 (6).jpg
0.2967778264720985,0.0,0.0,0.0,0,alert,img_f_10991.jpg
0.25292471579446535,0.007979344211185378,0.0,0.0,0,alert,img_e_11107.jpg
0.3093869799954974,0.008609180830555355,0.0,0.0,0,alert,image__609.jpg
0.28916406276640794,0.0,0.0,0.0,0,alert,img_f_15631.jpg
0.2612275316694943,0.0,0.0,0.0,0,alert,img_j_13195.jpg
0.253036453046367,0.0,0.0,0.0,0,alert,img_c_1450.jpg
0.26677760629016395,0.008468192794933469,0.0,0.0,0,alert,img_f_18473.jpg
0.2570281629595775,0.007788766668626078,0.0,0.0,0,alert,img_e_12383.jpg
0.25747511048978466,0.0063164753597712425,0.0,0.0,0,alert,img_h_2760.jpg
0.30214034904080683,0.0,0.0,0.0,0,alert,img_a_1365.jpg
0.3161633869753827,0.0,0.0,0.0,0,alert,img_i_14355.jpg
0.26428491599113557,0.0,0.0,0.0,0,alert,img_h_18120.jpg
0.3201271968875887,0.0,0.0,0.0,0,alert,image_1972.jpg
0.2557282068860024,0.0,0.0,0.0,0,alert,img_f_1421 (2).jpg
0.3217664281911483,0.0,0.0,0.0,0,alert,img_i_8265.jpg
0.27845239061449856,0.0,0.0,0.0,0,alert,image_870 (4).jpg
0.2670757432143882,0.0,0.0,0.0,0,alert,img_e_9280.jpg
0.28429952350934173,0.008620369269878008,0.0,0.0,0,alert,image__812.jpg
0.23735282647158795,0.006495972079852143,0.0,0.0,0,alert,img_h_3330.jpg
0.2670212756915465,0.006458740900371068,0.0,0.0,0,alert,img_h_14040.jpg
0.2994828033877772,0.003321965811048494,0.0,0.0,0,alert,img_k_630.jpg
0.31573904233169314,0.0,0.0,0.0,0,alert,image_7250.jpg
0.2686983528105682,0.008309994180014466,0.0,0.0,0,alert,img_e_14645.jpg
0.2851796326886021,0.0044672915561888024,0.0,0.0,0,alert,img_k_5100.jpg
0.2785300633399249,0.0,0.0,0.0,0,alert,img_i_319.jpg
0.33484161889608777,0.0,0.0,0.0,0,alert,image_17806.jpg
0.28550658898517967,0.0,0.0,0.0,0,alert,image_0259.jpg
0.28016285602999497,0.0033196220914309374,0.0,0.0,0,alert,img_k_8430.jpg
0.23817515844059306,0.19947315977452765,0.0,0.0,0,alert,image_1950 (2).jpg
0.3020445841541135,0.007497633876411601,0.0,0.0,0,alert,img_j_6409.jpg
0.2814356852339508,0.010833148968423799,0.0,0.0,0,alert,image__6757.jpg
0.31613302290487083,0.0,0.0,0.0,0,alert,img_j_580.jpg
0.2995201726005126,0.008455166895609106,0.0,0.0,0,alert,img_a_525.jpg
0.25344976051899176,0.0,0.0,0.0,0,alert,img_c_2987.jpg
0.2560267279885782,0.009345386208563905,0.0,0.0,0,alert,img_h_5190.jpg
0.31011173079260457,0.009407208595340399,0.0,0.0,0,alert,img_b_2987.jpg
0.3205381401830102,0.0,0.0,0.0,0,alert,img_i_12122.jpg
0.3172400316218643,0.010869565099243857,0.0,0.0,0,alert,image_10614.jpg
0.3366136769219823,0.01074709788815257,0.0,0.0,0,alert,img_e_840.jpg
0.3229511061965499,0.0,0.0,0.0,0,alert,img_i_12644.jpg
0.24403019383199465,0.006325947141820766,0.0,0.0,0,alert,img_h_11070.jpg
0.2669549812932994,0.009038769018007181,0.0,0.0,0,alert,img_h_15570.jpg
0.31662078273248007,0.0034612023298822817,0.0,0.0,0,alert,img_k_6390.jpg
0.27525698275465943,0.008309994180014466,0.0,0.0,0,alert,img_f_13485.jpg
0.2847486907664295,0.003355402425450173,0.0,0.0,0,alert,img_k_750.jpg
0.28780331316111746,0.13070731024865903,0.0,0.0,0,alert,image__8961.jpg
0.2618111984464969,0.10962700453134132,0.0,0.0,0,alert,image_957 (3).jpg
0.3033837740773361,0.010868923050453842,0.0,0.0,0,alert,image_15022.jpg
0.26503597995418005,0.0,0.0,0.0,0,alert,img_f_4495.jpg
0.276567172061177,0.011473428812653667,0.0,0.0,0,alert,img_f_16066.jpg
0.3042986031920945,0.0,0.0,0.0,0,alert,img_i_11832.jpg
0.322746952591327,0.38533552959445333,0.0,0.0,0,alert,image_930.jpg
0.2659119517539339,0.012843225898884484,0.0,0.0,0,alert,img_h_12960.jpg
0.2679523857670884,0.0060851019225345235,0.0,0.0,0,alert,img_k_1170.jpg
0.31113068952648537,0.0,0.0,0.0,0,alert,image_2670.jpg
0.27782173205027916,0.004611773004170061,0.0,0.0,0,alert,img_k_4020.jpg
0.296489742703992,0.0,0.0,0.0,0,alert,img_k_13860.jpg
0.23618405757929553,0.007391001114681318,0.0,0.0,0,alert,img_e_9135.jpg
0.27737063127671235,0.0,0.0,0.0,0,alert,img_i_899.jpg
0.2635674416792291,0.0,0.0,0.0,0,alert,img_e_6206.jpg
0.24712404576469849,0.0,0.0,0.0,0,alert,img_h_16290.jpg
0.23243896178120477,0.006988736196497338,0.0,0.0,0,alert,image_1711 (3).jpg
0.2660363159624105,0.005096968378147469,0.0,0.0,0,alert,img_k_9510.jpg
0.3192321978153807,0.0033288608582213493,0.0,0.0,0,alert,img_k_6810.jpg
0.2401624106157498,0.0,0.0,0.0,0,alert,img_h_2370.jpg
0.25682956063313145,0.0,0.0,0.0,0,alert,img_h_15000.jpg
0.3022964541145059,0.0,0.0,0.0,0,alert,img_a_900.jpg
0.2943485471971776,0.0,0.0,0.0,0,alert,img_h_3600 - Copy.jpg
0.3274583655803437,0.0,0.0,0.0,0,alert,img_i_11629.jpg
0.2954321719298755,0.007171822419009795,0.0,0.0,0,alert,img_f_2755.jpg
0.27579321116715805,0.004110217675659027,0.0,0.0,0,alert,image_1392.jpg
0.3199610513928828,0.009760860050668712,0.0,0.0,0,alert,img_i_6670.jpg
0.28649889825202496,0.011857383235157571,0.0,0.0,0,alert,image__580.jpg
0.29670322784635705,0.0,0.0,0.0,0,alert,img_f_7163.jpg
0.30078997838213667,0.0,0.0,0.0,0,alert,image_360 (5).jpg
0.2771127687046039,0.0,0.0,0.0,0,alert,img_f_203 (2).jpg
0.28513485659355137,0.0,0.0,0.0,0,alert,img_f_203.jpg
0.25659225469869945,0.006105625071447978,0.0,0.0,0,alert,img_h_3720.jpg
0.25419917174200257,0.0034339735921920704,0.0,0.0,0,alert,img_k_14100.jpg
0.3356993173894475,0.0,0.0,0.0,0,alert,img_i_5423.jpg
0.26908654898297507,0.007450869763230809,0.0,0.0,0,alert,img_i_696.jpg
0.2757656588705413,0.0063164753597712425,0.0,0.0,0,alert,img_i_17516.jpg
0.25675894330266064,0.006916317329608606,0.0,0.0,0,alert,img_j_4785.jpg
0.23517762418550936,0.1293391831510451,0.0,0.0,0,alert,image_2030 (3).jpg
0.3108484069525401,0.006973426043665961,0.0,0.0,0,alert,img_j_754.jpg
0.32698436285153437,0.0068180409045366696,0.0,0.0,0,alert,img_i_11600.jpg
0.24415623918411278,0.0,0.0,0.0,0,alert,img_c_7395.jpg
0.2951880111425089,0.00491791051741285,0.0,0.0,0,alert,img_k_1830.jpg
0.29086453692741854,0.003619175961767795,0.0,0.0,0,alert,img_k_12570.jpg
0.25589373709866264,0.009870076502075794,0.0,0.0,0,alert,img_h_1350 - Copy.jpg
0.2575085053759028,0.00635654563759296,0.0,0.0,0,alert,img_h_1650.jpg
0.22534213320819363,0.0,0.0,0.0,0,alert,img_c_435.jpg
0.29246290829504734,0.006880209114200537,0.0,0.0,0,alert,img_j_3799.jpg
0.31046817257631626,0.0,0.0,0.0,0,alert,img_i_7221.jpg
0.3150597738981089,0.012083323789997892,0.0,0.0,0,alert,image__1914 (2).jpg
0.2917508415335772,0.0,0.0,0.0,0,alert,img_a_915.jpg
0.33021806461416103,0.009345182167513986,0.0,0.0,0,alert,img_i_16153.jpg
0.2833367721667418,0.007818228278884834,0.0,0.0,0,alert,img_f_1566 (2).jpg
0.3126365671832483,0.0,0.0,0.0,0,alert,image_2842.jpg
0.24121675178490595,0.0,0.0,0.0,0,alert,img_h_13470.jpg
0.337982573571162,0.0,0.0,0.0,0,alert,img_i_14036.jpg
0.3103289628554291,0.0,0.0,0.0,0,alert,image_16066.jpg
0.2507004357549104,0.0,0.0,0.0,0,alert,img_c_1914.jpg
0.2685159662194483,0.00844430759731173,0.0,0.0,0,alert,img_f_13862.jpg
0.31726663619532297,0.010869565099243857,0.0,0.0,0,alert,image_2088 (2).jpg
0.3216509132505975,0.0,0.0,0.0,0,alert,image__2726.jpg
0.27201329584073775,0.008459703984399011,0.0,0.0,0,alert,img_f_13137.jpg
0.268104766789678,0.0,0.0,0.0,0,alert,img_c_7424.jpg
0.2502596332983046,0.006382516407588037,0.0,0.0,0,alert,img_h_3090.jpg
0.28502307181871556,0.0,0.0,0.0,0,alert,image_2117.jpg
0.24465431619305728,0.006601702755173541,0.0,0.0,0,alert,img_h_7590.jpg
0.32640133346385636,0.009842548221542612,0.0,0.0,0,alert,img_j_783.jpg
0.31326076350227666,0.010989010868252628,0.0,0.0,0,alert,image_7047.jpg
0.2760007150001826,0.0,0.0,0.0,0,alert,img_k_7500.jpg
0.28422300848295967,0.017541160078448283,0.0,0.0,0,alert,image_1350.jpg
0.3101537236512323,0.0,0.0,0.0,0,alert,image__87 (2).jpg
0.2505859224977308,0.006438227758345728,0.0,0.0,0,alert,img_h_8310.jpg
0.2261879612951308,0.012649110480673518,0.0,0.0,0,alert,img_c_145.jpg
0.25090608822509236,0.0,0.0,0.0,0,alert,img_e_14877.jpg
0.27738886571215476,0.0,0.0,0.0,0,alert,img_h_16050.jpg
0.30830452952383036,0.004991117458345791,0.0,0.0,0,alert,img_k_16500.jpg
0.34363561006788734,0.0,0.0,0.0,0,alert,img_i_1334.jpg
0.2793800675667464,0.008024689764767388,0.0,0.0,0,alert,img_f_1711.jpg
0.2908878134159171,0.003545742599541612,0.0,0.0,0,alert,img_k_12000.jpg
0.2786306697809041,0.007747981369505182,0.0,0.0,0,alert,img_f_4669.jpg
0.279293724866382,0.0,0.0,0.0,0,alert,image_1890 (3).jpg
0.2816669677660784,0.012191496122255164,0.0,0.0,0,alert,image__783.jpg
0.257042777958172,0.006332412346000857,0.0,0.0,0,alert,img_h_17400.jpg
0.23209828827632376,0.0,0.0,0.0,0,alert,img_c_13514.jpg
0.2606701743602336,0.0,0.0,0.0,0,alert,image_2040 (4).jpg
0.27499344544973137,0.008169323877789299,0.0,0.0,0,alert,img_f_17806.jpg
0.33621853039351507,0.0,0.0,0.0,0,alert,img_i_6467.jpg
0.31814578739853694,0.0,0.0,0.0,0,alert,img_k_6420.jpg
0.32179455155615827,0.0,0.0,0.0,0,alert,img_i_12876.jpg
0.24863866063389045,0.004997189853166527,0.0,0.0,0,alert,img_k_15960.jpg
0.30344469166320553,0.0,0.0,0.0,0,alert,image_1710 (2).jpg
0.31503764550820235,0.010868923050453842,0.0,0.0,0,alert,image_7279.jpg
0.2958094641817597,0.0,0.0,0.0,0,alert,img_i_5191.jpg
0.25231476908063194,0.0,0.0,0.0,0,alert,img_h_18900.jpg
0.2829977546770638,0.04618989361265104,0.0,0.0,0,alert,image_4002.jpg
0.32697576914037896,0.00854669630578744,0.0,0.0,0,alert,image__3654 (2).jpg
0.25541467551894953,0.10173406465668869,0.0,0.0,0,alert,image_5452.jpg
0.2947800723329343,0.1598721502005982,0.0,0.0,0,alert,image_1620.jpg
0.3078904663071528,0.012649110480673518,0.0,0.0,0,alert,image_0258.jpg
0.2856600479512059,0.0032820773035854623,0.0,0.0,0,alert,img_k_3570.jpg
0.30625696383523227,0.008582189252612225,0.0,0.0,0,alert,img_f_10614.jpg
0.29146129473688775,0.003249220270130295,0.0,0.0,0,alert,img_k_10830.jpg
0.29093950415624936,0.0,0.0,0.0,0,alert,img_f_2378.jpg
0.3087048932519353,0.0,0.0,0.0,0,alert,img_i_17661.jpg
0.28478391606761055,0.012146445727929231,0.0,0.0,0,alert,img_f_13282.jpg
0.30955757592974964,0.01075268805642271,0.0,0.0,0,alert,image_10991.jpg
0.2970487117496683,0.0,0.0,0.0,0,alert,image_15631.jpg
0.30010807604282747,0.0,0.0,0.0,0,alert,img_f_5365.jpg
0.2958349409456228,0.010447033875937404,0.0,0.0,0,alert,img_f_174.jpg
0.3075305084007547,0.0,0.0,0.0,0,alert,image_4669 (2).jpg
0.3377079697975086,0.02936101036616038,0.0,0.0,0,alert,image_1530 (3).jpg
0.29009210722697854,0.0,0.0,0.0,0,alert,img_k_9840.jpg
0.3067156890449631,0.004692560734758126,0.0,0.0,0,alert,img_k_13530.jpg
0.2967386852606936,0.021276595291987336,0.0,0.0,0,alert,image_3180.jpg
0.287338564008145,0.0,0.0,0.0,0,alert,img_f_2436.jpg
0.3185071093645802,0.0,0.0,0.0,0,alert,img_i_12731.jpg
0.30825547889413385,0.0,0.0,0.0,0,alert,image_8758.jpg
0.2869159054782776,0.0,0.0,0.0,0,alert,img_i_3480.jpg
0.3176174826614572,0.0,0.0,0.0,0,alert,image_1230 (4).jpg
0.3187138853964467,0.00741005064038539,0.0,0.0,0,alert,img_i_522.jpg
0.30054936131637283,0.007111540926672513,0.0,0.0,0,alert,img_j_2726.jpg
0.2473331069916933,0.0,0.0,0.0,0,alert,img_h_3480.jpg
0.35739596427288334,0.0078718197502368,0.0,0.0,0,alert,img_a_450.jpg
0.2837730006966316,0.003388584708057101,0.0,0.0,0,alert,img_k_2040.jpg
0.272557536791308,0.0,0.0,0.0,0,alert,img_h_11850.jpg
0.28463614117182595,0.007054421356891241,0.0,0.0,0,alert,img_k_180.jpg
0.2600236830059719,0.03634327620653321,0.0,0.0,0,alert,image_4176.jpg
0.3013971838158128,0.003422791360699827,0.0,0.0,0,alert,img_k_6540.jpg
0.26181334351453306,0.0,0.0,0.0,0,alert,img_k_10950.jpg
0.2807644230087103,0.0,0.0,0.0,0,alert,image_0.jpg
0.2762070681041895,0.011195393730481878,0.0,0.0,0,alert,img_f_1856.jpg
0.3147554091444674,0.0,0.0,0.0,0,alert,image_1740.jpg
0.29617661726498057,0.005194367146702942,0.0,0.0,0,alert,img_k_7110.jpg
0.2492556957331446,0.0,0.0,0.0,0,alert,img_c_1479.jpg
0.25619055468324414,0.0,0.0,0.0,0,alert,image_3625.jpg
0.2626164615324821,0.006400532505495904,0.0,0.0,0,alert,img_h_18690.jpg
0.27224222038769047,0.0,0.0,0.0,0,alert,img_i_11774.jpg
0.2672691721448161,0.006488583605358198,0.0,0.0,0,alert,img_h_8700.jpg
0.29397326757135556,0.0,0.0,0.0,0,alert,img_h_960 - Copy.jpg
0.2543486622041753,0.0034124724364836302,0.0,0.0,0,alert,img_k_16110.jpg
0.2712429425279772,0.006318366312499395,0.0,0.0,0,alert,img_h_16440.jpg
0.3090128551388033,0.0,0.0,0.0,0,alert,image_15341.jpg
0.26891455582265483,0.00865646758639688,0.0,0.0,0,alert,img_f_6119 (2).jpg
0.32108342057860406,0.0,0.0,0.0,0,alert,img_i_8700.jpg
0.2654778527963195,0.008683840914428123,0.0,0.0,0,alert,img_b_4930.jpg
0.3006712790716421,0.00341952790719069,0.0,0.0,0,alert,img_k_1950.jpg
0.31842860750306057,0.007544645446621536,0.0,0.0,0,alert,img_j_13427.jpg
0.2721897329670034,0.19174124353537209,0.0,0.0,0,alert,image_810 (3).jpg
0.24264222407962643,0.0,0.0,0.0,0,alert,image_1380 (2).jpg
0.28666284600244796,0.0,0.0,0.0,0,alert,image_2088.jpg
0.2680204979470223,0.0,0.0,0.0,0,alert,img_h_17010.jpg
0.2964606282939778,0.004642958841506651,0.0,0.0,0,alert,img_k_4800.jpg
0.281217956948852,0.0,0.0,0.0,0,alert,img_f_2146.jpg
0.28971285469428004,0.007544645446621536,0.0,0.0,0,alert,img_j_13369.jpg
0.2587751662979441,0.0,0.0,0.0,0,alert,img_e_14297.jpg
0.31773935458972136,0.0,0.0,0.0,0,alert,img_i_10324.jpg
0.3177393910678329,0.0,0.0,0.0,0,alert,image_12412.jpg
0.3100366270535644,0.0,0.0,0.0,0,alert,image_1595.jpg
0.31532588538706097,0.00985843866390912,0.0,0.0,0,alert,img_k_6030.jpg
0.2979942778194462,0.0,0.0,0.0,0,alert,img_h_10680 (2).jpg
0.26806638500483315,0.009029184285388937,0.0,0.0,0,alert,img_h_14280.jpg
0.3336093412631411,0.0,0.0,0.0,0,alert,img_a_120.jpg
0.3105062429591176,0.0,0.0,0.0,0,alert,image_1218.jpg
0.34065906727889356,0.0,0.0,0.0,0,alert,img_j_5539.jpg
0.3321877255434171,0.0,0.0,0.0,0,alert,img_e_510.jpg
0.2568139066540134,0.008403064581732659,0.0,0.0,0,alert,img_e_14268.jpg
0.3035346078302371,0.009219820971068514,0.0,0.0,0,alert,img_b_1653.jpg
0.26971704931076446,0.2187934702217421,0.0,0.0,0,alert,image_780 (2).jpg
0.3848759059902409,0.24996948410337735,0.0,0.0,0,alert,image_210 (8).jpg
0.28026373671562654,0.008331019413172493,0.0,0.0,0,alert,img_f_2813.jpg
0.280614486880038,0.0,0.0,0.0,0,alert,img_f_4292.jpg
0.23732524425196974,0.0,0.0,0.0,0,alert,img_e_16443.jpg
0.3225198059253708,0.0,0.0,0.0,0,alert,img_i_14181.jpg
0.2845858274075961,0.0,0.0,0.0,0,alert,image_1230.jpg
0.32143285605084104,0.006822323643757992,0.0,0.0,0,alert,img_i_12296.jpg
0.33948893972010663,0.0067381711598891395,0.0,0.0,0,alert,img_i_4843.jpg
0.28755981594436486,0.010867254336669588,0.0,0.0,0,alert,img_k_2520.jpg
0.2864953266572079,0.0,0.0,0.0,0,alert,img_c_1131.jpg
0.2688687717386387,0.01113415922061944,0.0,0.0,0,alert,image_210 (9).jpg
0.29862658197627723,0.0,0.0,0.0,0,alert,img_f_11136.jpg
0.21678785202618106,0.0,0.0,0.0,0,alert,img_c_14848.jpg
0.2733854799907961,0.1009103958746369,0.0,0.0,0,alert,image_841.jpg
0.3911636663924064,0.05446449217107614,0.0,0.0,0,alert,image_2160 (6).jpg
0.2871000792669446,0.10712912207105248,0.0,0.0,0,alert,image_5046.jpg
0.27325594080029714,0.004750821643706206,0.0,0.0,0,alert,image__1363.jpg
0.3042712225494384,0.006767579155092838,0.0,0.0,0,alert,img_j_1015.jpg
0.2903925150647948,0.0,0.0,0.0,0,alert,img_e_870 (2).jpg
0.2731483547841057,0.006726727894714257,0.0,0.0,0,alert,img_i_8062.jpg
0.3152727388759903,0.008091663624977142,0.0,0.0,0,alert,img_f_1305.jpg
0.3069369708368015,0.0,0.0,0.0,0,alert,img_j_2291.jpg
0.2856790174201198,0.0,0.0,0.0,0,alert,img_k_8970.jpg
0.2839325828818525,0.0,0.0,0.0,0,alert,img_i_5220.jpg
0.29237613589142236,0.0,0.0,0.0,0,alert,img_f_11687.jpg
0.319354407666927,0.010185010473232557,0.0,0.0,0,alert,img_j_1798.jpg
0.24409983456100498,0.0,0.0,0.0,0,alert,img_h_5220.jpg
0.2582748753458399,0.0,0.0,0.0,0,alert,img_h_12150.jpg
0.3319276918115653,0.020761369532400518,0.0,0.0,0,alert,image_810 (2).jpg
0.34658334291392445,0.019104017632558257,0.0,0.0,0,alert,image_1380 (3).jpg
0.29603711037661834,0.004941782773735556,0.0,0.0,0,alert,img_k_17550.jpg
0.2935196138916617,0.0,0.0,0.0,0,alert,img_i_16037.jpg
0.28076703506010514,0.007590365079231966,0.0,0.0,0,alert,img_f_3248.jpg
0.2414754769608033,0.0,0.0,0.0,0,alert,img_c_3915.jpg
0.35202144751094144,0.014879041330768086,0.0,0.0,0,alert,img_e_2850.jpg
0.2507913974299131,0.0065471446415927715,0.0,0.0,0,alert,img_h_13500.jpg
0.30628099620486887,0.0034355336743175885,0.0,0.0,0,alert,img_k_13050.jpg
0.329037817563365,0.006594234763290255,0.0,0.0,0,alert,img_i_14152.jpg
0.3062433634943527,0.0,0.0,0.0,0,alert,image__2871.jpg
0.3161929685247298,0.010989010868252628,0.0,0.0,0,alert,image_8990.jpg
0.29258718770700787,0.19148935762788602,0.0,0.0,0,alert,image_1230 (5).jpg
0.2718130990718248,0.0,0.0,0.0,0,alert,img_h_18870.jpg
0.2628809912947638,0.0,0.0,0.0,0,alert,img_h_3150 - Copy.jpg
0.30931205576851395,0.0,0.0,0.0,0,alert,image_6003.jpg
0.28156743085420843,0.0,0.0,0.0,0,alert,image_11484.jpg
0.29679874051298943,0.0,0.0,0.0,0,alert,img_h_6450 - Copy.jpg
0.2549810858980575,0.007784753482964469,0.0,0.0,0,alert,img_f_6873.jpg
0.2735534440253842,0.004959101078233042,0.0,0.0,0,alert,img_k_0.jpg
0.27096514126557936,0.10180229554403096,0.0,0.0,0,alert,image_5278.jpg
0.2908864022668258,0.0,0.0,0.0,0,alert,img_f_17023.jpg
0.3334159458116793,0.010632884019944812,0.0,0.0,0,alert,img_e_1140.jpg
0.3125127508446602,0.0,0.0,0.0,0,alert,image_4118 (2).jpg
0.2508837696980244,0.009279768318979958,0.0,0.0,0,alert,img_h_14910.jpg
0.30497621737388536,0.0,0.0,0.0,0,alert,image_7453.jpg
0.3092804000354098,0.0074041579550911596,0.0,0.0,0,alert,image_8760.jpg
0.28066249322880116,0.0,0.0,0.0,0,alert,img_f_116 (2).jpg
0.24792209334995546,0.0,0.0,0.0,0,alert,img_h_12420.jpg
0.3173213502275942,0.011110425180113367,0.0,0.0,0,alert,image_10759.jpg
0.279002393166653,0.01159035703027743,0.0,0.0,0,alert,image_390 (6).jpg
0.32275818978154,0.0,0.0,0.0,0,alert,image_464.jpg
0.3045641407561387,0.0,0.0,0.0,0,alert,img_i_3335.jpg
0.3148263575343859,0.004922526079876402,0.0,0.0,0,alert,img_k_16470.jpg
0.27403994856558006,0.15031221893291022,0.0,0.0,0,alert,image_1530 (2).jpg
0.3086837696579683,0.0,0.0,0.0,0,alert,image_16472.jpg
0.24139993194784679,0.0,0.0,0.0,0,alert,img_h_9630.jpg
0.33849021493300885,0.006988736196497338,0.0,0.0,0,alert,img_i_4466.jpg
0.3215607906681926,0.010869565099243857,0.0,0.0,0,alert,image_4553 (2).jpg
0.3142849510360489,0.010866997586516148,0.0,0.0,0,alert,image_3190.jpg
0.3253060756251824,0.14139307762121986,0.0,0.0,0,alert,image_630 (5).jpg
0.34184375340090456,0.011233118999851644,0.0,0.0,0,alert,img_e_3780.jpg
0.29470602583834826,0.0,0.0,0.0,0,alert,image_0260.jpg
0.24865801603050236,0.0,0.0,0.0,0,alert,img_h_10380.jpg
0.2435258174468206,0.0,0.0,0.0,0,alert,img_e_9454.jpg
0.2834969226550874,0.0,0.0,0.0,0,alert,img_k_2130.jpg
0.31879563909157327,0.0,0.0,0.0,0,alert,image_6351 (2).jpg
0.3958710923114551,0.09608280340662993,0.0,0.0,0,alert,image_1710 (3).jpg
0.3081693085222583,0.0,0.0,0.0,0,alert,image_6177.jpg
0.29645540178657503,0.0,0.0,0.0,0,alert,image__1276 (2).jpg
0.3036066381728195,0.008298540802493655,0.0,0.0,0,alert,img_f_18502.jpg
0.3166496737974739,0.0,0.0,0.0,0,alert,image_3567 (2).jpg
0.3228881640277912,0.007443229220246207,0.0,0.0,0,alert,img_j_5887.jpg
0.25600207896131855,0.012803687829355174,0.0,0.0,0,alert,img_c_1247.jpg
0.3119124603402982,0.009524241407850756,0.0,0.0,0,alert,img_i_17922.jpg
0.3162759441490438,0.0,0.0,0.0,0,alert,image_1624.jpg
0.2583215606476086,0.00812900667996933,0.0,0.0,0,alert,image__1015.jpg
0.30208136638449656,0.0,0.0,0.0,0,alert,img_j_1363.jpg
0.2733114767940722,0.007677783555842933,0.0,0.0,0,alert,img_f_3857.jpg
0.2570444370024526,0.003674459668221524,0.0,0.0,0,alert,img_k_11280.jpg
0.28889359569430406,0.1304738588395005,0.0,0.0,0,alert,image_0248.jpg
0.27198425926113856,0.01615662298515262,0.0,0.0,0,alert,image_3741.jpg
0.3272178790818704,0.010637695824199184,0.0,0.0,0,alert,img_e_1020.jpg
0.2977141969044162,0.007804406302133733,0.0,0.0,0,alert,img_i_2639.jpg
0.2699738716730681,0.004764714696638178,0.0,0.0,0,alert,image__1798.jpg
0.31645313276804593,0.008127664085510588,0.0,0.0,0,alert,image__2291.jpg
0.30250787037054594,0.00787377160240869,0.0,0.0,0,alert,img_a_285.jpg
0.3123214068753254,0.0,0.0,0.0,0,alert,img_h_1020 - Copy.jpg
0.30862825296506374,0.010868923050453842,0.0,0.0,0,alert,image_4002 (2).jpg
0.37055946456008326,0.18518518175583,0.0,0.0,0,alert,image_510.jpg
0.24848940638884293,0.0,0.0,0.0,0,alert,image_1624 (2).jpg
0.27449315118076345,0.007405294788037277,0.0,0.0,0,alert,img_k_5850.jpg
0.31276589934315296,0.007483135124461332,0.0,0.0,0,alert,img_i_15660.jpg
0.24968085710122084,0.0,0.0,0.0,0,alert,img_h_12540.jpg
0.3456005241853552,0.022974850295930712,0.0,0.0,0,alert,img_e_3810.jpg
0.25254774139220204,0.0,0.0,0.0,0,alert,img_f_986.jpg
0.2928946937576363,0.0,0.0,0.0,0,alert,image_1890 (2).jpg
0.31544138636093444,0.008125785570367004,0.0,0.0,0,alert,img_a_1200.jpg
0.3104503406516931,0.0,0.0,0.0,0,alert,image_12760.jpg
0.33189084455814066,0.0,0.0,0.0,0,alert,img_i_10730.jpg
0.31708604817573677,0.0,0.0,0.0,0,alert,image_5481.jpg
0.3220880031859178,0.003570517828441673,0.0,0.0,0,alert,img_k_13440.jpg
0.31136609302027984,0.006276906112927435,0.0,0.0,0,alert,img_h_4260.jpg
0.26382810892918135,0.019495321557437176,0.0,0.0,0,alert,img_h_13110.jpg
0.27299075330730777,0.0,0.0,0.0,0,alert,image__3770 (2).jpg
0.26805000584310945,0.0,0.0,0.0,0,alert,img_f_2552.jpg
0.24717141331612497,0.006325947141820766,0.0,0.0,0,alert,img_h_9750.jpg
0.3076861850889838,0.0034549168232997276,0.0,0.0,0,alert,img_k_9930.jpg
0.32180748646000024,0.0,0.0,0.0,0,alert,img_i_9744.jpg
0.24170416379497073,0.13831116642793168,0.0,0.0,0,alert,image_2088 (3).jpg
0.2915986928523607,0.0,0.0,0.0,0,alert,img_e_16269.jpg
0.34964904985132017,0.09613606930828723,0.0,0.0,0,alert,image_1920 (4).jpg
0.302089888102603,0.0,0.0,0.0,0,alert,img_i_4089.jpg
0.31607706150944437,0.010752066495802473,0.0,0.0,0,alert,image_3219.jpg
0.2689520689267492,0.006575390791117536,0.0,0.0,0,alert,img_h_10800.jpg
0.28464485075625673,0.00837384670815618,0.0,0.0,0,alert,img_f_14674.jpg
0.2710016048030063,0.004682800677914872,0.0,0.0,0,alert,img_k_14850.jpg
0.33980301641957333,0.0,0.0,0.0,0,alert,img_h_5400 - Copy.jpg
0.3217302056368949,0.006662374474613859,0.0,0.0,0,alert,img_j_5307.jpg
0.3129477522610199,0.0,0.0,0.0,0,alert,image_12238.jpg
0.286809692208447,0.0,0.0,0.0,0,alert,img_f_5017.jpg
0.2578901392165732,0.0,0.0,0.0,0,alert,img_h_5340.jpg
0.25154220998046695,0.0,0.0,0.0,0,alert,img_h_12030.jpg
0.2750203057758727,0.009003165087876137,0.0,0.0,0,alert,img_b_4698.jpg
0.2929022950079956,0.0,0.0,0.0,0,alert,img_f_5771.jpg
0.2500956258289978,0.0063279733090190705,0.0,0.0,0,alert,img_h_16530.jpg
0.3150535561881719,0.0,0.0,0.0,0,alert,image_15225.jpg
0.2713437536900143,0.01073439723841298,0.0,0.0,0,alert,img_j_13543.jpg
0.3131576708939793,0.0,0.0,0.0,0,alert,img_i_2349.jpg
0.2611343779265447,0.0,0.0,0.0,0,alert,img_h_8670.jpg
0.25508181716263884,0.0,0.0,0.0,0,alert,img_e_10817.jpg
0.2566340646236171,0.0,0.0,0.0,0,alert,img_h_480.jpg
0.26703006043098854,0.0,0.0,0.0,0,alert,img_f_16936.jpg
0.32152753995964245,0.0,0.0,0.0,0,alert,img_i_12325.jpg
0.2647594560631185,0.0,0.0,0.0,0,alert,img_h_8880.jpg
0.2701758732815749,0.0074329414072230445,0.0,0.0,0,alert,img_i_2407.jpg
0.3133240963507895,0.0,0.0,0.0,0,alert,image_16704.jpg
0.2952406286093472,0.007684127709020993,0.0,0.0,0,alert,image_16710.jpg
0.2962701401509268,0.003507994608707529,0.0,0.0,0,alert,img_k_17430.jpg
0.26676269593747637,0.009069571916660432,0.0,0.0,0,alert,img_h_17160.jpg
0.32872000287129266,0.02483906712799977,0.0,0.0,0,alert,img_e_3390.jpg
0.3137627313546914,0.0,0.0,0.0,0,alert,img_a_1770.jpg
0.2581282791305553,0.0067720780219262975,0.0,0.0,0,alert,img_k_11040.jpg
0.31244238279052194,0.0,0.0,0.0,0,alert,img_i_10527.jpg
0.3063278128541402,0.011110425180113367,0.0,0.0,0,alert,image_14674.jpg
0.3228439446918718,0.0,0.0,0.0,0,alert,image_5887 (2).jpg
0.26083880890721123,0.0,0.0,0.0,0,alert,img_j_13224.jpg
0.2741783268164441,0.0,0.0,0.0,0,alert,image_360 (4).jpg
0.28144993624490894,0.006244027088671504,0.0,0.0,0,alert,img_h_19170.jpg
0.2131312422213738,0.0,0.0,0.0,0,alert,img_c_14732.jpg
0.2838789532166245,0.0,0.0,0.0,0,alert,img_k_10410.jpg
0.282026894335785,0.006279009281380999,0.0,0.0,0,alert,img_h_7230.jpg
0.24231478942068485,0.020391184618554506,0.0,0.0,0,alert,img_h_10140.jpg
0.31871168124180094,0.006645435146079025,0.0,0.0,0,alert,img_i_8671.jpg
0.32059422013999594,0.010989010868252628,0.0,0.0,0,alert,image_2030 (2).jpg
0.04804027257851519,0.010869565099243857,1.0,0.0,0,alert,image_7917.jpg
0.29813580650757726,0.009104462926224126,0.0,0.0,0,alert,img_h_930 - Copy.jpg
0.31326198418467555,0.0,0.0,0.0,0,alert,image_5278 (2).jpg
0.27280892352494573,0.0870248539754038,0.0,0.0,0,alert,image_5133.jpg
0.34906264726711544,0.011930999624782104,0.0,0.0,0,alert,img_j_7511.jpg
0.2743014812831847,0.09688246226717946,0.0,0.0,0,alert,image_5655.jpg
0.31354207275696344,0.007178656509634161,0.0,0.0,0,alert,img_j_1160.jpg
0.2817875826201273,0.007684127709020993,0.0,0.0,0,alert,img_e_7134.jpg
0.2844056477174973,0.008070291622273042,0.0,0.0,0,alert,img_e_16240.jpg
0.28137760725366207,0.003274186413082371,0.0,0.0,0,alert,img_k_13680.jpg
0.29718529742553396,0.0077594020295105245,0.0,0.0,0,alert,img_f_16704.jpg
0.28010779971647204,0.0,0.0,0.0,0,alert,img_k_16920.jpg
0.27311003250362265,0.003114297774103091,0.0,0.0,0,alert,img_k_5460.jpg
0.3264370900845066,0.015357377754078316,0.0,0.0,0,alert,img_e_3420.jpg
0.2517167819671191,0.006508756056317992,0.0,0.0,0,alert,img_h_12780.jpg
0.2608308008507281,0.0,0.0,0.0,0,alert,img_c_1044.jpg
0.3120375786984311,0.010868923050453842,0.0,0.0,0,alert,image_16936.jpg
0.34361961227639076,0.010201957227179724,0.0,0.0,0,alert,img_e_2070.jpg
0.366499761617197,0.0,0.0,0.0,0,alert,img_i_1682.jpg
0.3007034250392038,0.0,0.0,0.0,0,alert,image_1711 (2).jpg
0.2797935858071671,0.00787988051134252,0.0,0.0,0,alert,img_j_4756.jpg
0.3082438926442085,0.008582189252612225,0.0,0.0,0,alert,img_f_12238.jpg
0.2687846886268616,0.03671512569741858,0.0,0.0,0,alert,image_4205.jpg
0.2115636552108658,0.01407195069658604,0.0,0.0,0,alert,img_c_13920.jpg
0.2683974792147925,0.0065698540971824764,0.0,0.0,0,alert,img_h_330.jpg
0.29506347020162427,0.008259950648098298,0.0,0.0,0,alert,img_a_1215.jpg
0.27681185921828866,0.0,0.0,0.0,0,alert,img_h_3570 - Copy.jpg
0.2996566088139835,0.0,0.0,0.0,0,alert,img_i_2610.jpg
0.26077542971559303,0.004745656359527464,0.0,0.0,0,alert,img_k_15030.jpg
0.25045515475380264,0.0,0.0,0.0,0,alert,img_h_2610.jpg
0.26860709099645425,0.0,0.0,0.0,0,alert,img_j_14007.jpg
0.24227291002724502,0.0064018439556611925,0.0,0.0,0,alert,img_h_7740.jpg
0.320224127578817,0.0,0.0,0.0,0,alert,image_957 (2).jpg
0.2595444344968885,0.11533891194894774,0.0,0.0,0,alert,img_k_7920.jpg
0.25000521444125984,0.04690650267086136,0.0,0.0,0,alert,img_h_14130.jpg
0.26158116971935863,0.006332412346000857,0.0,0.0,0,alert,img_h_3240.jpg
0.3620794682834573,0.0,0.0,0.0,0,alert,img_j_6380.jpg
0.26889574132288885,0.06661601193145596,0.0,0.0,0,alert,image_3973.jpg
0.2806562174120366,0.0,0.0,0.0,0,alert,img_f_3103.jpg
0.282211831496723,0.008093518569080251,0.0,0.0,0,alert,img_f_8903.jpg
0.27212130642735255,0.007501514495965439,0.0,0.0,0,alert,img_k_1410.jpg
0.34201925384803067,0.014879041330768086,0.0,0.0,0,alert,img_e_3150.jpg
0.2673794975573079,0.007723907755619047,0.0,0.0,0,alert,img_f_6090.jpg
0.3021201768748834,0.0,0.0,0.0,0,alert,image_0249.jpg
0.2873759976976011,0.0,0.0,0.0,0,alert,img_f_12006.jpg
0.2809843133500528,0.2469934580894604,0.0,0.0,0,alert,image_1950 (3).jpg
0.2479854841567782,0.012491220040334178,0.0,0.0,0,alert,img_c_2001.jpg
0.2457943755821383,0.008535791922666654,0.0,0.0,0,alert,img_f_12760.jpg
0.3074553539367415,0.015537056201090483,0.0,0.0,0,alert,image_9251.jpg
0.27357095222717653,0.0,0.0,0.0,0,alert,img_h_7650 - Copy.jpg
0.2760616122777614,0.0,0.0,0.0,0,alert,img_f_13456.jpg
0.29454698816395364,0.0,0.0,0.0,0,alert,img_f_1769 (2).jpg
0.2612826409622354,0.0,0.0,0.0,0,alert,img_c_3451.jpg
0.3144890041202686,0.0,0.0,0.0,0,alert,image_0261.jpg
0.28212725923107335,0.009418885248393896,0.0,0.0,0,alert,img_b_3451.jpg
0.2973007024897388,0.16272401559992533,0.0,0.0,0,alert,image_2310.jpg
0.33415317627290486,0.0,0.0,0.0,0,alert,image__3480 (2).jpg
0.3312230222018829,0.009842548221542612,0.0,0.0,0,alert,img_i_6264.jpg
0.28273715387159526,0.004590417071786358,0.0,0.0,0,alert,img_k_15150.jpg
0.29585009121103467,0.00344733318877593,0.0,0.0,0,alert,img_k_2910.jpg
0.23716865463409997,0.006286200739989473,0.0,0.0,0,alert,img_h_11100.jpg
0.30277868747567166,0.0,0.0,0.0,0,alert,image_12615.jpg
0.3425544194908372,0.01503716878814611,0.0,0.0,0,alert,img_e_930.jpg
0.3143816551420071,0.010750513099553296,0.0,0.0,0,alert,img_i_1537.jpg
0.3142271783030845,0.0,0.0,0.0,0,alert,image_17023.jpg
0.26867102380111285,0.018837770319356996,0.0,0.0,0,alert,image_870 (5).jpg
0.2726131872312194,0.011752106472617945,0.0,0.0,0,alert,img_f_11484.jpg
0.25982421149743146,0.025929783055535355,0.0,0.0,0,alert,img_h_7620.jpg
0.286780018210033,0.004603604631401706,0.0,0.0,0,alert,image__1160.jpg
0.26082192410657,0.006535389328025427,0.0,0.0,0,alert,img_h_9180.jpg
0.2799654269354306,0.0032853170437613438,0.0,0.0,0,alert,img_k_13290.jpg
0.2541522672655819,0.0,0.0,0.0,0,alert,img_h_16860.jpg
0.2912676231712946,0.004513741264974435,0.0,0.0,0,alert,img_k_5070.jpg
0.27330984356783905,0.011744404292762103,0.0,0.0,0,alert,img_f_16472.jpg
0.28350494513533375,0.004874743989690368,0.0,0.0,0,alert,img_k_17790.jpg
0.25684366117259294,0.0,0.0,0.0,0,alert,img_c_2175.jpg
0.347010645521539,0.010750202460471602,0.0,0.0,0,alert,img_e_3030.jpg
0.31529280811250504,0.0,0.0,0.0,0,alert,image_7308.jpg
0.2528287289798043,0.026507612895775468,0.0,0.0,0,alert,img_h_12390.jpg
0.2661948750141154,0.0,0.0,0.0,0,alert,image_240 (7).jpg
0.29927718376744594,0.0,0.0,0.0,0,alert,img_f_10759.jpg
0.31575779990214436,0.0,0.0,0.0,0,alert,img_i_9802.jpg
0.3009228358950797,0.008055091839002593,0.0,0.0,0,alert,img_f_9599.jpg
0.24971986267863272,0.00664881267526929,0.0,0.0,0,alert,img_h_720.jpg
0.2544431014288818,0.0,0.0,0.0,0,alert,img_c_11716.jpg
0.33222358548734277,0.0,0.0,0.0,0,alert,img_a_1605.jpg
0.3239864276926322,0.0,0.0,0.0,0,alert,image_3393.jpg
0.2750529030167378,0.008333043927111398,0.0,0.0,0,alert,img_a_870.jpg
0.30171255732263824,0.018518518175582997,0.0,0.0,0,alert,image_1590.jpg
0.3130469076451551,0.0034334270534757665,0.0,0.0,0,alert,img_k_6960.jpg
0.33875697693913176,0.010866997586516148,0.0,0.0,0,alert,img_e_1380.jpg
0.3106566583222069,0.011111110987654323,0.0,0.0,0,alert,image_11136.jpg
0.24562001652124682,0.006751211061544403,0.0,0.0,0,alert,img_h_10020.jpg
0.25779741070727585,0.0,0.0,0.0,0,alert,img_h_14520.jpg
0.3286960424833906,0.0,0.0,0.0,0,alert,img_i_13166.jpg
0.2955205452223353,0.10779573658087126,0.0,0.0,0,alert,image_667.jpg
0.2960283013968443,0.007378315802543319,0.0,0.0,0,alert,img_f_5162.jpg
0.33518747039704044,0.0,0.0,0.0,0,alert,img_i_6728.jpg
0.3359867909046571,0.011229577105116363,0.0,0.0,0,alert,img_e_3540.jpg
0.25484982463577194,0.0,0.0,0.0,0,alert,img_h_12810.jpg
0.2942276383840214,0.010752066495802473,0.0,0.0,0,alert,image_7888.jpg
0.3200267261273231,0.006641769750436667,0.0,0.0,0,alert,img_i_9396.jpg
0.2548839211047229,0.0,0.0,0.0,0,alert,img_h_300 - Copy.jpg
0.2461648747729982,0.0,0.0,0.0,0,alert,image_840.jpg
0.31285368452994666,0.0,0.0,0.0,0,alert,image_4466 (2).jpg
0.2589057841862289,0.0,0.0,0.0,0,alert,img_c_4060.jpg
0.3323603158576745,0.0,0.0,0.0,0,alert,image_3422.jpg
0.20005033089488336,0.0,0.0,0.0,0,alert,img_c_7569.jpg
0.22594497221944973,0.0,0.0,0.0,0,alert,img_c_12586.jpg
0.2885570401976309,0.009999499937506876,0.0,0.0,0,alert,img_h_0 - Copy.jpg
0.3277400741048267,0.0,0.0,0.0,0,alert,img_i_725.jpg
0.31885424120285777,0.0,0.0,0.0,0,alert,image_11687.jpg
0.2784607577147364,0.0,0.0,0.0,0,alert,img_h_17940.jpg
0.2520457790977233,0.1851534366320299,0.0,0.0,0,alert,image_2700.jpg
0.2692913339755681,0.004628712018825414,0.0,0.0,0,alert,img_k_4620.jpg
0.30355098306866746,0.0,0.0,0.0,0,alert,image_2070.jpg
0.3148872887231031,0.010750202460471602,0.0,0.0,0,alert,image_1276 (2).jpg
0.3164408137954311,0.0,0.0,0.0,0,alert,image_9657.jpg
0.2528338844336172,0.007930266418764143,0.0,0.0,0,alert,img_e_4205.jpg
0.3282226562632456,0.0,0.0,0.0,0,alert,img_i_6931.jpg
0.25397966155150026,0.16111631021149028,0.0,0.0,0,alert,image_510 (2).jpg
0.26846972693883336,0.0,0.0,0.0,0,alert,img_c_2349.jpg
0.34218376495493136,0.0,0.0,0.0,0,alert,img_i_4698.jpg
0.23842534406841764,0.15084250609604768,0.0,0.0,0,alert,image_7134.jpg
0.31654922727699575,0.010989010868252628,0.0,0.0,0,alert,image_8207.jpg
0.23648639171384217,0.0,0.0,0.0,0,alert,img_c_14877.jpg
0.2712664194729574,0.0,0.0,0.0,0,alert,image_0 (3).jpg
0.3320412623923956,0.0,0.0,0.0,0,alert,image_4205 (2).jpg
0.2843974762384941,0.0,0.0,0.0,0,alert,img_c_2407.jpg
0.3152188379698354,0.0,0.0,0.0,0,alert,img_h_5670 - Copy.jpg
0.27818081918031146,0.0,0.0,0.0,0,alert,img_f_14703.jpg
0.290676645301629,0.008330730317333288,0.0,0.0,0,alert,image__435 (2).jpg
0.29727779048590675,0.006601702755173541,0.0,0.0,0,alert,img_i_16791.jpg
0.2906846654641757,0.0034181692231384214,0.0,0.0,0,alert,img_k_1770.jpg
0.3141874674469878,0.015713483851773458,0.0,0.0,0,alert,image_11861.jpg
0.2710566955211139,0.0,0.0,0.0,0,alert,img_f_14065.jpg
0.3056493745887824,0.0,0.0,0.0,0,alert,img_i_15515.jpg
0.3529550503405774,0.11363636105371908,0.0,0.0,0,alert,image_210 (5).jpg
0.3879329639139728,0.02119995715068901,0.0,0.0,0,alert,image_1980 (4).jpg
0.2522813290569226,0.0,0.0,0.0,0,alert,img_c_4089.jpg
0.29735104453142874,0.0,0.0,0.0,0,alert,image_17545.jpg
0.24819030915051277,0.006422275073783663,0.0,0.0,0,alert,img_h_3120.jpg
0.2674505071334746,0.00879496925443289,0.0,0.0,0,alert,img_h_14250.jpg
0.28874649598984947,0.0,0.0,0.0,0,alert,img_f_3277.jpg
0.30857568005101743,0.0072822183437263235,0.0,0.0,0,alert,img_j_1943.jpg
0.24545512616710474,0.007354492057542207,0.0,0.0,0,alert,img_k_420.jpg
0.3211591944159612,0.011687316172028705,0.0,0.0,0,alert,image__1624 (2).jpg
0.29760787312848735,0.0068180409045366696,0.0,0.0,0,alert,img_i_16008.jpg
0.28621541579818766,0.0,0.0,0.0,0,alert,img_i_928.jpg
0.21317424841461413,0.1874593192319658,0.0,0.0,0,alert,image_1110 (2).jpg
0.24563579587104306,0.0063164753597712425,0.0,0.0,0,alert,img_h_15600.jpg
0.3152879548405737,0.0,0.0,0.0,0,alert,image_3770 (2).jpg
0.29821186082037837,0.00669919951558465,0.0,0.0,0,alert,img_i_17458.jpg
0.26937389310768806,0.00662237129295557,0.0,0.0,0,alert,image_261 (3).jpg
0.27122750636369075,0.0,0.0,0.0,0,alert,img_f_4524.jpg
0.2527909361836869,0.11423909509504143,0.0,0.0,0,alert,image_7685.jpg
0.31710040372322745,0.0,0.0,0.0,0,alert,img_i_9425.jpg
0.2803762920932784,0.0,0.0,0.0,0,alert,img_h_18330.jpg
0.24799851898950878,0.012484404080112711,0.0,0.0,0,alert,img_c_12209.jpg
0.27815088497070023,0.0,0.0,0.0,0,alert,img_f_14529.jpg
0.3329198729684404,0.0,0.0,0.0,0,alert,img_i_12905.jpg
0.3002997081082954,0.004935038282525798,0.0,0.0,0,alert,img_k_9660.jpg
0.36848571497254057,0.010868923050453842,0.0,0.0,0,alert,img_e_2310.jpg
0.33561374354219253,0.0,0.0,0.0,0,alert,img_b_2639.jpg
0.2453275820222962,0.0,0.0,0.0,0,alert,img_h_5790.jpg
0.27361436807002776,0.0033956885033444156,0.0,0.0,0,alert,img_k_4350.jpg
0.302519840657677,0.010806864456584171,0.0,0.0,0,alert,img_j_6235.jpg
0.28565033234991927,0.0,0.0,0.0,0,alert,img_k_1200.jpg
0.259478957699147,0.0,0.0,0.0,0,alert,image_1830 (2).jpg
0.3176786849952938,0.0,0.0,0.0,0,alert,img_i_5974.jpg
0.2776493342071036,0.003248997320827546,0.0,0.0,0,alert,img_k_5700.jpg
0.3194519076389535,0.0,0.0,0.0,0,alert,img_i_12093.jpg
0.31645715970352273,0.0,0.0,0.0,0,alert,image_15805.jpg
0.3169833166121336,0.0,0.0,0.0,0,alert,img_i_14384.jpg
0.2769792936392276,0.00769299047324106,0.0,0.0,0,alert,img_f_6119.jpg
0.28345485768750267,0.007833517635081782,0.0,0.0,0,alert,img_k_150.jpg
0.29389351513939393,0.0,0.0,0.0,0,alert,img_k_10770.jpg
0.3214598948676374,0.02231775920193807,0.0,0.0,0,alert,img_i_11571.jpg
0.2772376610028617,0.0,0.0,0.0,0,alert,img_h_11880.jpg
0.24499695333456767,0.0,0.0,0.0,0,alert,img_h_3450.jpg
0.3071498177306637,0.0,0.0,0.0,0,alert,img_a_480.jpg
0.29630448394085085,0.00476071740676393,0.0,0.0,0,alert,image__1189.jpg
0.3174225161551968,0.007107408450984667,0.0,0.0,0,alert,img_i_1247.jpg
0.2974052763892209,0.0,0.0,0.0,0,alert,img_f_9570.jpg
0.2437389869532059,0.025507216216844306,0.0,0.0,0,alert,img_h_11670.jpg
0.2898133129029125,0.0,0.0,0.0,0,alert,img_i_10121.jpg
0.24949904963681305,0.14812274930562394,0.0,0.0,0,alert,image_2460.jpg
0.2701746660382277,0.003209450199877818,0.0,0.0,0,alert,img_k_4230.jpg
0.3033116381988095,0.011110425180113367,0.0,0.0,0,alert,image_11281.jpg
0.2798390791319352,0.008384436092707602,0.0,0.0,0,alert,img_f_12992.jpg
0.30858316409194475,0.008330730317333288,0.0,0.0,0,alert,image__2523.jpg
0.2687152070419412,0.006341701051190155,0.0,0.0,0,alert,img_h_16080.jpg
0.2420284923807625,0.012341917227085853,0.0,0.0,0,alert,img_c_3335.jpg
0.29100106341045373,0.008169323877789299,0.0,0.0,0,alert,img_f_17632.jpg
0.23560242175772467,0.013129511394124887,0.0,0.0,0,alert,img_h_9960.jpg
0.2485101619804143,0.0,0.0,0.0,0,alert,img_c_12180.jpg
0.25324589666637065,0.12673746849227932,0.0,0.0,0,alert,image_6612.jpg
0.22651411846266234,0.1892057486878521,0.0,0.0,0,alert,image_1590 (2).jpg
0.26662633901967236,0.008174508238517836,0.0,0.0,0,alert,img_f_17168.jpg
0.33720260039753025,0.0,0.0,0.0,0,alert,img_i_5800.jpg
0.30191971706905085,0.01098635779946758,0.0,0.0,0,alert,image_6148.jpg
0.3036872392062545,0.3264626279391934,0.0,0.0,0,alert,image_3030.jpg
0.259226939036066,0.2711562632984876,0.0,0.0,0,alert,image_690 (5).jpg
0.26519544550527663,0.005792844439906507,0.0,0.0,0,alert,image_261.jpg
0.2719572374397963,0.007969202691902154,0.0,0.0,0,alert,img_f_17197.jpg
0.270100958195497,0.27976823974220594,0.0,0.0,0,alert,image_900 (4).jpg
0.28640689944449815,0.019241445906527783,0.0,0.0,0,alert,img_f_12789.jpg
0.25248642254673925,0.007790988424270608,0.0,0.0,0,alert,img_k_14310.jpg
0.2540981609443342,0.018854504594633663,0.0,0.0,0,alert,image_1800.jpg
0.24069706003534155,0.0,0.0,0.0,0,alert,img_h_14640.jpg
0.27971937316450224,0.006786487948223696,0.0,0.0,0,alert,image__1943.jpg
0.3235846163034135,0.0,0.0,0.0,0,alert,img_i_4263.jpg
0.2512585987467414,0.0,0.0,0.0,0,alert,img_h_2160.jpg
0.251947514083972,0.009287769845155539,0.0,0.0,0,alert,img_h_15210.jpg
0.31447917581602036,0.0,0.0,0.0,0,alert,image_4959 (2).jpg
0.24005968628826646,0.13798682847250615,0.0,0.0,0,alert,image_180 (2).jpg
0.33571077165807395,0.0,0.0,0.0,0,alert,img_i_7018.jpg
0.27649409050010865,0.013322679272130074,0.0,0.0,0,alert,img_c_11310.jpg
0.2634431976749343,0.0,0.0,0.0,0,alert,img_h_18720.jpg
0.3381694151340922,0.0,0.0,0.0,0,alert,img_i_14964.jpg
0.28936342943569376,0.0,0.0,0.0,0,alert,img_a_735.jpg
0.3078698383071171,0.004930237660508915,0.0,0.0,0,alert,img_k_9270.jpg
0.2715401141288196,0.006711258204977528,0.0,0.0,0,alert,image_203 (3).jpg
0.3371550380959444,0.0,0.0,0.0,0,alert,img_i_5394.jpg
0.2382735553011935,0.0,0.0,0.0,0,alert,img_h_1680.jpg
0.30896758310504313,0.0,0.0,0.0,0,alert,img_f_17342.jpg
0.34858919319758286,0.010866997586516148,0.0,0.0,0,alert,img_e_2700.jpg
0.22750853417470596,0.0,0.0,0.0,0,alert,img_d_116.jpg
0.3189961332259447,0.0,0.0,0.0,0,alert,image_5336 (2).jpg
0.27174558932970655,0.007412452414390342,0.0,0.0,0,alert,img_k_4740.jpg
0.2861444127363774,0.1676366034744348,0.0,0.0,0,alert,image_2370 (2).jpg
0.2786980796034512,0.19999999555555567,0.0,0.0,0,alert,image_1320 (3).jpg
0.27399370062775436,0.0,0.0,0.0,0,alert,img_c_87.jpg
0.3004931111325513,0.0,0.0,0.0,0,alert,img_f_7830.jpg
0.3548633147651547,0.006927759819837257,0.0,0.0,0,alert,img_i_3915.jpg
0.26846316751258203,0.004422765944445839,0.0,0.0,0,alert,img_k_5310.jpg
0.11149118878210629,0.0,1.0,0.0,0,alert,image_6438.jpg
0.2768475265422973,0.004957425004077529,0.0,0.0,0,alert,image__551.jpg
0.3057281272671061,0.008402174693683378,0.0,0.0,0,alert,image__1566.jpg
0.2916608227885391,0.00843799229672402,0.0,0.0,0,alert,img_f_10411.jpg
0.2556976431987542,0.0,0.0,0.0,0,alert,img_f_2784.jpg
0.3067904953395576,0.004878048763661945,0.0,0.0,0,alert,img_k_6180.jpg
0.2874176493168239,0.0069635282587893295,0.0,0.0,0,alert,img_k_540.jpg
0.3392875354548903,0.0071629855876003115,0.0,0.0,0,alert,img_i_1131.jpg
0.26752628124192246,0.0,0.0,0.0,0,alert,img_b_4843.jpg
0.2812720339864631,0.021257357860531553,0.0,0.0,0,alert,image_720 (3).jpg
0.31668812806327196,0.00730257791963468,0.0,0.0,0,alert,img_j_1189.jpg
0.2735505917333098,0.0,0.0,0.0,0,alert,img_e_15950.jpg
0.26015838213449927,0.0036095203074575795,0.0,0.0,0,alert,img_k_11730.jpg
0.30383315230544283,0.019216560681325986,0.0,0.0,0,alert,image_1380.jpg
0.335239556683747,0.0,0.0,0.0,0,alert,img_e_1590.jpg
0.27587760290345836,0.07520710436738523,0.0,0.0,0,alert,image_5858.jpg
0.2829208289044979,0.0,0.0,0.0,0,alert,image_960 (3).jpg
0.33122929088560293,0.0,0.0,0.0,0,alert,img_i_12441.jpg
0.2706901512831892,0.0,0.0,0.0,0,alert,img_d_58.jpg
0.26288507883716816,0.004962030654638609,0.0,0.0,0,alert,img_k_17340.jpg
0.26714884474982603,0.11926985119663468,0.0,0.0,0,alert,image_2850.jpg
0.2549117273810743,0.006289308136545232,0.0,0.0,0,alert,img_h_17610.jpg
0.3248776500900698,0.010988347420867866,0.0,0.0,0,alert,image_3596.jpg
0.30939152245767854,0.0,0.0,0.0,0,alert,image_10411.jpg
0.3156707000976031,0.0,0.0,0.0,0,alert,image_3480 (2).jpg
0.3095861093205068,0.006686009741884401,0.0,0.0,0,alert,img_i_9222.jpg
0.2869273980654456,0.0,0.0,0.0,0,alert,image_450 (6).jpg
0.30047732898804247,0.0,0.0,0.0,0,alert,img_i_4060.jpg
0.25959814968515527,0.0,0.0,0.0,0,alert,img_h_8100.jpg
0.2889998590641176,0.007483135124461332,0.0,0.0,0,alert,img_i_15312.jpg
0.28137658917056435,0.0,0.0,0.0,0,alert,img_e_15979.jpg
0.30835810031783395,0.0,0.0,0.0,0,alert,image_17342.jpg
0.29590873073099966,0.004773147329326756,0.0,0.0,0,alert,img_k_16710.jpg
0.2425626422159569,0.013290870203834433,0.0,0.0,0,alert,img_c_12354.jpg
0.31371214289878346,0.004979347399592893,0.0,0.0,0,alert,img_k_12210.jpg
0.2508564499448125,0.006555016849905618,0.0,0.0,0,alert,img_h_5430.jpg
0.32191309418057457,0.0,0.0,0.0,0,alert,img_i_10295.jpg
0.2565237906370347,0.0,0.0,0.0,0,alert,img_e_14326.jpg
0.31617585895308226,0.0,0.0,0.0,0,alert,img_i_16182.jpg
0.32723301090237655,0.003473457805666319,0.0,0.0,0,alert,img_k_7260.jpg
0.24557390519835573,0.012982360756551065,0.0,0.0,0,alert,img_h_3900.jpg
0.30547501364138435,0.0,0.0,0.0,0,alert,img_h_1170 - Copy.jpg
0.3297328197239894,0.0065471446415927715,0.0,0.0,0,alert,img_i_13978.jpg
0.3281839602351473,0.006992323098328207,0.0,0.0,0,alert,img_i_6844.jpg
0.2703503769991128,0.0,0.0,0.0,0,alert,img_k_3990.jpg
0.2807076260479976,0.0,0.0,0.0,0,alert,img_c_12383.jpg
0.25115286038915163,0.0,0.0,0.0,0,alert,image_1050 (6).jpg
0.299375260765657,0.008043357888813194,0.0,0.0,0,alert,img_a_720.jpg
0.31765443323463094,0.008455166895609106,0.0,0.0,0,alert,img_e_15776.jpg
0.31540361957303004,0.0,0.0,0.0,0,alert,image_174 (2).jpg
0.3195234062985056,0.007493212294420321,0.0,0.0,0,alert,img_i_15892.jpg
0.2575674378689137,0.006734655685148979,0.0,0.0,0,alert,img_h_870.jpg
0.3499890788810081,0.0,0.0,0.0,0,alert,image_750 (4).jpg
0.29611931516151846,0.0,0.0,0.0,0,alert,img_i_15138.jpg
0.29674981707639947,0.25414163481736557,0.0,0.0,0,alert,image_2400 (2).jpg
0.3009290264329959,0.008695652098298678,0.0,0.0,0,alert,image__3103 (2).jpg
0.2931709110455156,0.0,0.0,0.0,0,alert,img_i_2175.jpg
0.30847737939346476,0.0,0.0,0.0,0,alert,image_17168.jpg
0.3269199853349168,0.003484257095047444,0.0,0.0,0,alert,img_k_12990.jpg
0.25692532814644403,0.006677656701342802,0.0,0.0,0,alert,img_h_13890.jpg
0.3081010683004786,0.006590080914235648,0.0,0.0,0,alert,img_i_7743.jpg
0.28207388198174876,0.0076575874014676365,0.0,0.0,0,alert,img_k_16260.jpg
0.24235828501098622,0.0,0.0,0.0,0,alert,image_1450 (3).jpg
0.24774385636811885,0.006358987028162894,0.0,0.0,0,alert,img_h_1440.jpg
0.31360338776477703,0.0,0.0,0.0,0,alert,image_12992.jpg
0.3197840521783964,0.0,0.0,0.0,0,alert,image_17632.jpg
0.30185650997758423,0.0,0.0,0.0,0,alert,img_j_2697.jpg
0.3542030690989327,0.0,0.0,0.0,0,alert,image_1440 (3).jpg
0.28764750119446814,0.0,0.0,0.0,0,alert,img_f_11281.jpg
0.3201145363570674,0.0,0.0,0.0,0,alert,img_i_5626.jpg
0.35379964062680247,0.0,0.0,0.0,0,alert,img_i_493.jpg
0.3212487377705686,0.007693127095801032,0.0,0.0,0,alert,img_k_3210.jpg
0.3086586361013343,0.0,0.0,0.0,0,alert,img_i_15689.jpg
0.2798805677742527,0.14763309345478284,0.0,0.0,0,alert,img_k_7710.jpg
0.30078997838213667,0.11924693011467834,0.0,0.0,0,alert,image_1140.jpg
0.24732636902340166,0.011101179226025423,0.0,0.0,0,alert,img_e_16733.jpg
0.30083958346290907,0.0,0.0,0.0,0,alert,img_j_7076.jpg
0.30824127615575625,0.007169057396725285,0.0,0.0,0,alert,img_j_2668.jpg
0.25806298784076437,0.008857364600086794,0.0,0.0,0,alert,img_h_18090.jpg
0.26139006766746975,0.012969524828394443,0.0,0.0,0,alert,img_c_1537.jpg
0.3452620544901423,0.0,0.0,0.0,0,alert,img_i_5829.jpg
0.34566712129452404,0.010868923050453842,0.0,0.0,0,alert,img_e_660.jpg
0.25075690896054975,0.0,0.0,0.0,0,alert,image_1350 (4).jpg
0.317272238417899,0.0,0.0,0.0,0,alert,image_12789.jpg
0.29129095647487535,0.004775432642003631,0.0,0.0,0,alert,img_k_2640.jpg
0.29871803562874816,0.008899883110591776,0.0,0.0,0,alert,img_b_1537.jpg
0.2479530160974393,0.014410816529476804,0.0,0.0,0,alert,img_k_780.jpg
0.2561779753914373,0.006482445763883839,0.0,0.0,0,alert,img_h_2820.jpg
0.3146134938547263,0.0,0.0,0.0,0,alert,image_17197.jpg
0.293664797359284,0.00826192377946089,0.0,0.0,0,alert,img_a_1410.jpg
0.3627241153520237,0.11288650208213792,0.0,0.0,0,alert,image_270 (2).jpg
0.2731767688512722,0.011041469498696431,0.0,0.0,0,alert,img_f_4727.jpg
0.2802785937192537,0.008236382806288,0.0,0.0,0,alert,img_f_15805.jpg
0.30156914092259124,0.0,0.0,0.0,0,alert,img_e_30.jpg
0.27026075383679193,0.006350902669684665,0.0,0.0,0,alert,img_h_4470.jpg
0.35644860165966774,0.0,0.0,0.0,0,alert,image_2130 (4).jpg
0.2657203863505918,0.0068963876740635865,0.0,0.0,0,alert,image_667 (3).jpg
0.26057684463500325,0.0,0.0,0.0,0,alert,img_e_15399.jpg
0.26846933160455017,0.0,0.0,0.0,0,alert,img_k_8580.jpg
0.07809654325760776,0.0,1.0,0.0,0,alert,image_5742 (2).jpg
0.3011552889391624,0.007641607140614541,0.0,0.0,0,alert,img_i_2001.jpg
0.33161597519292996,0.0,0.0,0.0,0,alert,img_i_1508.jpg
0.23598091752994071,0.008469711344703267,0.0,0.0,0,alert,img_f_12818.jpg
0.2845040686952861,0.0,0.0,0.0,0,alert,image_90.jpg
0.27015886024734803,0.007800843567994342,0.0,0.0,0,alert,img_f_3712.jpg
0.2894286906959398,0.0,0.0,0.0,0,alert,img_f_3074.jpg
0.27153799991293665,0.1185376996024361,0.0,0.0,0,alert,image_300.jpg
0.299106168183057,0.0,0.0,0.0,0,alert,img_i_3451.jpg
0.29429907880132944,0.00934538618298371,0.0,0.0,0,alert,img_h_390 - Copy.jpg
0.2534784205532019,0.008831593012501401,0.0,0.0,0,alert,img_h_16650.jpg
0.32220590044928915,0.0,0.0,0.0,0,alert,image_9483.jpg
0.29454333729651394,0.0,0.0,0.0,0,alert,img_k_12600.jpg
0.2951361611307207,0.007810355055410808,0.0,0.0,0,alert,image_8010.jpg
0.26607271286126244,0.00831919110513487,0.0,0.0,0,alert,img_e_15428.jpg
0.2923677417971773,0.0,0.0,0.0,0,alert,img_c_2610.jpg
0.2810198107530767,0.0,0.0,0.0,0,alert,img_k_11490.jpg
0.22761985076466176,0.0,0.0,0.0,0,alert,img_c_12963.jpg
0.25815086767528417,0.203390068188567,0.0,0.0,0,alert,image_1020.jpg
0.3067458293482094,0.010868923050453842,0.0,0.0,0,alert,image_7337.jpg
0.3014136421494195,0.00683809634993569,0.0,0.0,0,alert,img_i_13398.jpg
0.31005546474563295,0.0,0.0,0.0,0,alert,image_8004.jpg
0.28336041050838623,0.0083998030403659,0.0,0.0,0,alert,img_f_8874.jpg
0.2705394217509751,0.006728516844578572,0.0,0.0,0,alert,img_k_810.jpg
0.2459326458570092,0.006334063512075003,0.0,0.0,0,alert,img_h_2940.jpg
0.32250989870876473,0.0,0.0,0.0,0,alert,img_i_7192.jpg
0.3398007389855576,0.0,0.0,0.0,0,alert,image__1711 (2).jpg
0.25176982740941956,0.0064018439556611925,0.0,0.0,0,alert,img_h_10590.jpg
0.3182204468961141,0.0,0.0,0.0,0,alert,image_9454.jpg
0.3186140479018008,0.0,0.0,0.0,0,alert,img_a_330.jpg
0.31285529880746366,0.0,0.0,0.0,0,alert,image_870 (9).jpg
0.3316804236947454,0.0,0.0,0.0,0,alert,img_i_10875.jpg
0.29880682819625803,0.00844430759731173,0.0,0.0,0,alert,img_f_11861.jpg
0.3120422602717233,0.010868923050453842,0.0,0.0,0,alert,image_14703.jpg
0.28419937066446793,0.007987485362796603,0.0,0.0,0,alert,img_f_9773.jpg
0.2594488367849424,0.031135240420732842,0.0,0.0,0,alert,img_f_3538.jpg
0.2901855535086634,0.00778999550498852,0.0,0.0,0,alert,img_k_17220.jpg
0.2899514931592525,0.00899587625490762,0.0,0.0,0,alert,img_h_3000 - Copy.jpg
0.2604635711923133,0.0,0.0,0.0,0,alert,img_i_1044.jpg
0.27075638217105735,0.009283966540451749,0.0,0.0,0,alert,img_h_5550.jpg
0.3154363291194176,0.008848171669080168,0.0,0.0,0,alert,img_b_754.jpg
0.2526928526245882,0.006470493039816466,0.0,0.0,0,alert,img_h_1050.jpg
0.25925149160869876,0.0,0.0,0.0,0,alert,img_c_14645.jpg
0.2674752848223705,0.008984432178829407,0.0,0.0,0,alert,img_h_16320.jpg
0.28146929184683295,0.008196445904724198,0.0,0.0,0,alert,image__2697.jpg
0.32720864297719,0.010866997586516148,0.0,0.0,0,alert,image_0 (15).jpg
0.2876132923119322,0.004751760168977202,0.0,0.0,0,alert,img_k_3600.jpg
0.29768865626591184,0.0,0.0,0.0,0,alert,image_2059.jpg
0.31304480265081874,0.008400692174991098,0.0,0.0,0,alert,image__2668.jpg
0.30124363344617777,0.08463641970052684,0.0,0.0,0,alert,image_660 (7).jpg
0.2619715652533821,0.008455166895609106,0.0,0.0,0,alert,img_f_13079.jpg
0.3115255005086672,0.0,0.0,0.0,0,alert,img_j_8033.jpg
0.26862171589488754,0.0,0.0,0.0,0,alert,img_h_18480.jpg
0.3166575074491007,0.010628679043234593,0.0,0.0,0,alert,img_e_270.jpg
0.25949241915775817,0.006215017552928059,0.0,0.0,0,alert,img_h_3690.jpg
0.3010485322748857,0.0,0.0,0.0,0,alert,img_i_0.jpg
0.29620543707522673,0.0,0.0,0.0,0,alert,image_2871 (2).jpg
0.2700387236586669,0.011404947991678606,0.0,0.0,0,alert,img_e_3219.jpg
0.2792618791623701,0.0046325596500732995,0.0,0.0,0,alert,img_k_2250.jpg
0.26875991572597324,0.008032970646377724,0.0,0.0,0,alert,img_f_17545.jpg
0.2804554780712482,0.0,0.0,0.0,0,alert,img_f_18676.jpg
0.3002171537543149,0.004775541548309966,0.0,0.0,0,alert,img_k_390.jpg
0.29438116095101813,0.0033178675535031157,0.0,0.0,0,alert,img_k_6750.jpg
0.3003977177684409,0.012191496122255164,0.0,0.0,0,alert,image__2900 (2).jpg
0.24580460546268507,0.0,0.0,0.0,0,alert,img_h_9480.jpg
0.29295769808820693,0.00675352010228058,0.0,0.0,0,alert,image__87.jpg
0.27160537460285666,0.007810355055410808,0.0,0.0,0,alert,image__1102 (2).jpg
0.30682626023500154,0.0,0.0,0.0,0,alert,image_1073 (2).jpg
0.27344367907214273,0.004110217675659027,0.0,0.0,0,alert,image_1537.jpg
0.29206710926786617,0.004941149302723691,0.0,0.0,0,alert,img_k_16830.jpg
0.2496136736827923,0.007686624361156685,0.0,0.0,0,alert,img_e_203.jpg
0.3324585670416926,0.01457642304048654,0.0,0.0,0,alert,img_e_2160.jpg
0.2466917638730935,0.007684127709020993,0.0,0.0,0,alert,img_e_7018.jpg
0.3104836679527232,0.0,0.0,0.0,0,alert,img_i_16907.jpg
0.248192194008856,0.0,0.0,0.0,0,alert,img_h_12690.jpg
0.25784537076214764,0.0,0.0,0.0,0,alert,image_0167.jpg
0.31936180861517743,0.0,0.0,0.0,0,alert,img_j_696.jpg
0.27183112251075847,0.009546675280147758,0.0,0.0,0,alert,image__319.jpg
0.2670960960190952,0.008201682106220309,0.0,0.0,0,alert,img_j_13485.jpg
0.32580388409866673,0.010752066495802473,0.0,0.0,0,alert,image_6264.jpg
0.29492378335339936,0.00884921093908639,0.0,0.0,0,alert,image__1421 (2).jpg
0.2842764235736458,0.008834522030798903,0.0,0.0,0,alert,img_h_11400.jpg
0.29809246877321927,0.0,0.0,0.0,0,alert,image_9802.jpg
0.2833782815885927,0.0,0.0,0.0,0,alert,image_0198.jpg
0.3234794538118106,0.0,0.0,0.0,0,alert,img_i_14123.jpg
0.2546260589299323,0.0,0.0,0.0,0,alert,img_i_14645.jpg
0.30306142247891066,0.006707331991015975,0.0,0.0,0,alert,img_i_7308.jpg
0.3391573549303889,0.010019054251066709,0.0,0.0,0,alert,img_j_899.jpg
0.310789879660126,0.0,0.0,0.0,0,alert,img_i_15573.jpg
0.24085399776178867,0.12115137585131443,0.0,0.0,0,alert,image_2117 (2).jpg
0.30873666781356557,0.0,0.0,0.0,0,alert,image_1305 (2).jpg
0.28581353783080843,0.0034572285502432465,0.0,0.0,0,alert,img_k_10500.jpg
0.28228669019239194,0.003218430254162713,0.0,0.0,0,alert,img_k_3840.jpg
0.25621133314862565,0.027374154114061945,0.0,0.0,0,alert,img_h_10050.jpg
0.2433812355438026,0.0064911803782755325,0.0,0.0,0,alert,img_h_7320.jpg
0.25766251570734444,0.0,0.0,0.0,0,alert,img_h_14550.jpg
0.2810949170115812,0.0,0.0,0.0,0,alert,img_e_5800.jpg
0.256438686863877,0.0,0.0,0.0,0,alert,img_e_1131.jpg
0.31328847730793985,0.0,0.0,0.0,0,alert,image_6728.jpg
0.3168276214470678,0.0034602283152659857,0.0,0.0,0,alert,img_k_12840.jpg
0.33437497551629125,0.0036722787150568334,0.0,0.0,0,alert,img_k_1500.jpg
0.304258514216423,0.011351915138540489,0.0,0.0,0,alert,img_f_1189.jpg
0.3000058002906759,0.0,0.0,0.0,0,alert,img_f_2494.jpg
0.31915557423871693,0.015540808206948208,0.0,0.0,0,alert,image_15863.jpg
0.30366778268655437,0.008547008473957193,0.0,0.0,0,alert,image__899.jpg
0.3077818074615618,0.0,0.0,0.0,0,alert,img_f_10701.jpg
0.32968721720258953,0.0,0.0,0.0,0,alert,img_i_12963.jpg
0.26387677118459807,0.006826296347522828,0.0,0.0,0,alert,img_h_750.jpg
0.30764736725164366,0.0,0.0,0.0,0,alert,image_10933.jpg
0.3315712129094543,0.010868923050453842,0.0,0.0,0,alert,image_0417.jpg
0.29246060240757227,0.0,0.0,0.0,0,alert,img_i_3393.jpg
0.27567353757864665,0.005048702430238896,0.0,0.0,0,alert,img_k_17910.jpg
0.2574836737795649,0.006199233659661938,0.0,0.0,0,alert,img_h_1590.jpg
0.29815515927342984,0.008230522299760186,0.0,0.0,0,alert,img_f_17052.jpg
0.2867288838834239,0.008259950648098298,0.0,0.0,0,alert,img_a_1305.jpg
0.31351370686024355,0.012285902229945926,0.0,0.0,0,alert,image__696.jpg
0.31553486885199533,0.006751057210581769,0.0,0.0,0,alert,img_j_319.jpg
0.23970677215508768,0.1334072399057496,0.0,0.0,0,alert,image_1943 (2).jpg
0.25444266757195294,0.0,0.0,0.0,0,alert,img_h_5850 - Copy.jpg
0.2750612331569298,0.004760339812012638,0.0,0.0,0,alert,img_k_15120.jpg
0.2438534341325569,0.006438227758345728,0.0,0.0,0,alert,img_h_2700.jpg
0.36151414744887334,0.010523983752286432,0.0,0.0,0,alert,img_e_1680.jpg
0.28245118164316285,0.0,0.0,0.0,0,alert,img_i_3422.jpg
0.2790427588171072,0.0075432716010925835,0.0,0.0,0,alert,img_k_2790.jpg
0.27252407262157496,0.007999999936,0.0,0.0,0,alert,image_540 (7).jpg
0.2797864391172963,0.0,0.0,0.0,0,alert,img_f_667.jpg
0.3006930315856849,0.00328691388198901,0.0,0.0,0,alert,img_k_7830.jpg
0.30351165800090135,0.007231771511563641,0.0,0.0,0,alert,img_j_2784.jpg
0.31639703370343797,0.0,0.0,0.0,0,alert,image_4930 (2).jpg
0.25163634763634796,0.0,0.0,0.0,0,alert,img_h_7650.jpg
0.31332660332507745,0.0,0.0,0.0,0,alert,img_i_580.jpg
0.28725921135975646,0.04823051317679191,0.0,0.0,0,alert,image_870 (2).jpg
0.2697993066563476,0.0,0.0,0.0,0,alert,img_h_3030 - Copy.jpg
0.3181908356734542,0.0,0.0,0.0,0,alert,image_9396.jpg
0.25060859578526407,0.0,0.0,0.0,0,alert,img_c_3596.jpg
0.2223531900258613,0.006892455120449838,0.0,0.0,0,alert,image_1392 (3).jpg
0.26884921219595315,0.0,0.0,0.0,0,alert,img_h_9090.jpg
0.33719642624320173,0.0,0.0,0.0,0,alert,image_1950 (4).jpg
0.292398361998673,0.007417997514644839,0.0,0.0,0,alert,img_j_3277.jpg
0.3155509053279826,0.006944109522470997,0.0,0.0,0,alert,img_i_7917.jpg
0.31456189038368554,0.0,0.0,0.0,0,alert,image_8671.jpg
0.31536621490471406,0.0,0.0,0.0,0,alert,image_812 (2).jpg
0.2810868671650131,0.0,0.0,0.0,0,alert,img_f_6786.jpg
0.32465178075130463,0.01503716878814611,0.0,0.0,0,alert,img_e_3120.jpg
0.2636690832040094,0.1957034956844177,0.0,0.0,0,alert,image_2190 (3).jpg
0.3138752473759634,0.005478937989563468,0.0,0.0,0,alert,img_k_13380.jpg
0.28070009537783225,0.008594859502633346,0.0,0.0,0,alert,img_f_14413.jpg
0.28413475523056464,0.0,0.0,0.0,0,alert,image_0239.jpg
0.26738250013102294,0.003119141870184904,0.0,0.0,0,alert,img_k_5160.jpg
0.31024621790328344,0.010868923050453842,0.0,0.0,0,alert,image_16588.jpg
0.303214685225465,0.0,0.0,0.0,0,alert,image_0211.jpg
0.26239105156201314,0.007231015208334292,0.0,0.0,0,alert,img_e_9425.jpg
0.2724094269187435,0.007320008706177584,0.0,0.0,0,alert,img_k_4530.jpg
0.32488107902392127,0.0,0.0,0.0,0,alert,image_5394 (2).jpg
0.28106876935882535,0.0,0.0,0.0,0,alert,img_k_9000.jpg
0.26832314505534915,0.0,0.0,0.0,0,alert,img_c_2059.jpg
0.23554467890517505,0.006564755697062444,0.0,0.0,0,alert,img_h_630.jpg
0.2696529535684655,0.01052631567867036,0.0,0.0,0,alert,image_0205.jpg
0.24722652249843996,0.0,0.0,0.0,0,alert,img_h_11010.jpg
0.32375564055344563,0.0,0.0,0.0,0,alert,img_i_11339.jpg
0.30603363577509285,0.0,0.0,0.0,0,alert,img_i_4205.jpg
0.3199077485939589,0.0,0.0,0.0,0,alert,img_i_17748.jpg
0.3143629476517336,0.0,0.0,0.0,0,alert,image_13369.jpg
0.30809452622007505,0.0,0.0,0.0,0,alert,image_15718.jpg
0.2891069211315753,0.0,0.0,0.0,0,alert,image_16211.jpg
0.2592780489512808,0.006445043740275906,0.0,0.0,0,alert,img_h_15510.jpg
0.2688767071097588,0.004145062123879718,0.0,0.0,0,alert,image_1682.jpg
0.2798000573026178,0.011355940186308963,0.0,0.0,0,alert,img_f_9338.jpg
0.3198061259513141,0.0,0.0,0.0,0,alert,image_11542.jpg
0.33824502716924487,0.0,0.0,0.0,0,alert,img_i_5655.jpg
0.2788289336230698,0.0036197686765895194,0.0,0.0,0,alert,img_k_10110.jpg
0.2641715764079974,0.03041358073939733,0.0,0.0,0,alert,img_k_7950.jpg
0.3185213697592108,0.0,0.0,0.0,0,alert,img_i_5133.jpg
0.304159077098726,0.0,0.0,0.0,0,alert,img_i_609.jpg
0.26152337008220017,0.0049758941867118,0.0,0.0,0,alert,img_k_16950.jpg
0.3052018671945722,0.0,0.0,0.0,0,alert,image_5133 (2).jpg
0.2357682122903578,0.0065004997028711015,0.0,0.0,0,alert,img_h_12900.jpg
0.27448770485331153,0.01074015347406365,0.0,0.0,0,alert,img_k_1110.jpg
0.33537329275673167,0.02429934531477626,0.0,0.0,0,alert,img_e_3450.jpg
0.2359749302979825,0.0,0.0,0.0,0,alert,img_e_14355.jpg
0.36500651024966535,0.0,0.0,0.0,0,alert,img_i_3973.jpg
0.31596365295194917,0.0,0.0,0.0,0,alert,img_e_1247.jpg
0.30403585619182344,0.0,0.0,0.0,0,alert,img_j_6119.jpg
0.2060932691941626,0.0,0.0,0.0,0,alert,img_c_13978.jpg
0.3219926021626164,0.0,0.0,0.0,0,alert,img_i_14094.jpg
0.31162065001723116,0.0,0.0,0.0,0,alert,img_i_12383.jpg
0.3934491604500723,0.0,0.0,0.0,0,alert,image_1770 (3).jpg
0.23196887733803118,0.0,0.0,0.0,0,alert,img_c_7337.jpg
0.26738878664442745,0.008309994180014466,0.0,0.0,0,alert,img_f_13630.jpg
0.31056459287013627,0.0,0.0,0.0,0,alert,image_15283.jpg
0.2694079121425893,0.101797317679566,0.0,0.0,0,alert,image_2610.jpg
0.30610240814294865,0.0,0.0,0.0,0,alert,img_h_17850.jpg
0.28222147300916145,0.16363636066115708,0.0,0.0,0,alert,image_2730 (2).jpg
0.26054332745730907,0.0032257393089337623,0.0,0.0,0,alert,img_k_13800.jpg
0.31884263364598836,0.0,0.0,0.0,0,alert,img_i_12354.jpg
0.272105689882129,0.007120910549808447,0.0,0.0,0,alert,img_i_812.jpg
0.27367427908936626,0.00508499408401636,0.0,0.0,0,alert,img_k_18000.jpg
0.30243558763013445,0.0,0.0,0.0,0,alert,image_6612 (2).jpg
0.31291755630015644,0.0,0.0,0.0,0,alert,image_9976.jpg
0.2901401979323183,0.0,0.0,0.0,0,alert,img_j_4901.jpg
0.2899287794443911,0.0,0.0,0.0,0,alert,img_f_9106.jpg
0.3183415718607188,0.0,0.0,0.0,0,alert,img_k_6870.jpg
0.2640353082337722,0.0064069663247433226,0.0,0.0,0,alert,img_h_2310.jpg
0.24558159047371703,0.0,0.0,0.0,0,alert,img_h_15060.jpg
0.2144559721284386,0.013756836938218208,0.0,0.0,0,alert,img_c_15312.jpg
0.355445275787882,0.010632884019944812,0.0,0.0,0,alert,img_e_1290.jpg
0.29673993018766487,0.0,0.0,0.0,0,alert,img_h_990 - Copy.jpg
0.28693685462039464,0.0,0.0,0.0,0,alert,img_f_4350.jpg
0.3030443235636392,0.008388860208408502,0.0,0.0,0,alert,img_a_960.jpg
0.31398370618766924,0.0,0.0,0.0,0,alert,image_5568 (2).jpg
0.321373114638604,0.006686009741884401,0.0,0.0,0,alert,img_i_9251.jpg
0.2406308244281637,0.006428243424009937,0.0,0.0,0,alert,img_h_14430.jpg
0.25907254769415017,0.010747097967128342,0.0,0.0,0,alert,img_k_14160.jpg
0.3243821471936569,0.0,0.0,0.0,0,alert,image__2784.jpg
0.2703278156635632,0.0,0.0,0.0,0,alert,img_f_13195.jpg
0.30008934067721216,0.008070291622273042,0.0,0.0,0,alert,img_f_1566.jpg
0.2758192735482629,0.007950291146541381,0.0,0.0,0,alert,img_k_240.jpg
0.29338306800352637,0.0,0.0,0.0,0,alert,img_i_11107.jpg
0.29328786463485856,0.0,0.0,0.0,0,alert,image_360 (3).jpg
0.31475839736243405,0.010989010868252628,0.0,0.0,0,alert,image_15254.jpg
0.2731903128195629,0.0,0.0,0.0,0,alert,img_f_3364.jpg
0.3077817664093073,0.0,0.0,0.0,0,alert,img_i_3741.jpg
0.33989998955109946,0.010080716797441408,0.0,0.0,0,alert,img_i_1624.jpg
0.3081734226608614,0.00694427697740083,0.0,0.0,0,alert,img_k_12510.jpg
0.2525474691866446,0.14702305669944124,0.0,0.0,0,alert,image_783 (2).jpg
0.27819755229261567,0.0,0.0,0.0,0,alert,img_f_4379.jpg
0.2815007422745228,0.0,0.0,0.0,0,alert,img_f_4437.jpg
0.24655158787205056,0.006538182468286846,0.0,0.0,0,alert,img_h_13410.jpg
0.33160966105300316,0.015041420779925763,0.0,0.0,0,alert,img_e_2940.jpg
0.3265085798382945,0.0034953498963762905,0.0,0.0,0,alert,img_k_13140.jpg
0.3131842852337431,0.0,0.0,0.0,0,alert,img_i_10556.jpg
0.32893510437402185,0.0,0.0,0.0,0,alert,img_i_11890.jpg
0.3374779422987636,0.0,0.0,0.0,0,alert,img_i_6177.jpg
0.29890936999226214,0.0,0.0,0.0,0,alert,img_a_975.jpg
0.3053276909161851,0.010059527236863526,0.0,0.0,0,alert,img_h_780 - Copy.jpg
0.29512224387783154,0.007690442163540846,0.0,0.0,0,alert,img_k_2430.jpg
0.29945253512366343,0.0035084263831468483,0.0,0.0,0,alert,img_k_11970.jpg
0.3141836856555733,0.0,0.0,0.0,0,alert,image_9744.jpg
0.2665034944981364,0.01675886109341781,0.0,0.0,0,alert,img_f_15254.jpg
0.25201359324965367,0.0,0.0,0.0,0,alert,img_h_10680.jpg
0.3212761261322902,0.006924271312531299,0.0,0.0,0,alert,img_i_5481.jpg
0.28935994912253316,0.01721836151287472,0.0,0.0,0,alert,image_1920 (3).jpg
0.3233462968089171,0.0,0.0,0.0,0,alert,img_j_4727.jpg
0.29574777861845497,0.007324484137715027,0.0,0.0,0,alert,img_j_13282.jpg
0.2748532066405393,0.006520811595013089,0.0,0.0,0,alert,img_k_3060.jpg
0.21473064215866883,0.01306547823021677,0.0,0.0,0,alert,img_c_14964.jpg
0.32265814475453986,0.0,0.0,0.0,0,alert,image_2639.jpg
0.2853612953115184,0.0033740488254312114,0.0,0.0,0,alert,img_k_7560.jpg
0.2625506403855392,0.007579194718247887,0.0,0.0,0,alert,img_k_14820.jpg
0.30407352068666726,0.011300697495039352,0.0,0.0,0,alert,image__522.jpg
0.26312908893537396,0.00456300019148732,0.0,0.0,0,alert,img_k_5820.jpg
0.3036149201414546,0.0,0.0,0.0,0,alert,img_j_522.jpg
0.3085265774436227,0.0034555562121155667,0.0,0.0,0,alert,img_k_16560.jpg
0.2874556857398293,0.0,0.0,0.0,0,alert,img_i_11310.jpg
0.26585892342376327,0.0,0.0,0.0,0,alert,img_h_5640.jpg
0.2895169761420895,0.004563166455140266,0.0,0.0,0,alert,image__11281.jpg
0.3225024638155458,0.0,0.0,0.0,0,alert,img_i_14268.jpg
0.28132297987643423,0.0,0.0,0.0,0,alert,image_17640.jpg
0.2858683403840115,0.006375637505172554,0.0,0.0,0,alert,img_h_180.jpg
0.277589462588956,0.0,0.0,0.0,0,alert,img_f_16588.jpg
0.2574937059251084,0.0,0.0,0.0,0,alert,img_h_9720.jpg
0.3144796964599954,0.0,0.0,0.0,0,alert,img_i_3219.jpg
0.31960167080856494,0.0,0.0,0.0,0,alert,image__2059 (2).jpg
0.2802779932628605,0.0,0.0,0.0,0,alert,img_i_16443.jpg
0.2643904991564372,0.04101136074109832,0.0,0.0,0,alert,image_4089.jpg
0.24938002261519293,0.006376804052996962,0.0,0.0,0,alert,img_h_17460.jpg
0.2738211506060182,0.007984124154638058,0.0,0.0,0,alert,img_k_17130.jpg
0.3273388412474634,0.011360702547581513,0.0,0.0,0,alert,img_e_3690.jpg
0.2688262357984599,0.0,0.0,0.0,0,alert,image_2040 (2).jpg
0.28473301706104476,0.0,0.0,0.0,0,alert,img_f_4147.jpg
0.28286771338081734,0.007033712438535884,0.0,0.0,0,alert,img_j_3538.jpg
0.26982639490376636,0.0,0.0,0.0,0,alert,image_0204.jpg
0.27520189175682497,0.0,0.0,0.0,0,alert,image_8880.jpg
0.25713660012851014,0.006408544913700511,0.0,0.0,0,alert,img_h_18960.jpg
0.31633811774698173,0.0,0.0,0.0,0,alert,image_2407.jpg
0.286332461088335,0.00837384670815618,0.0,0.0,0,alert,img_f_11542.jpg
0.31009896975187473,0.0,0.0,0.0,0,alert,image_15080.jpg
0.2752407852275003,0.0,0.0,0.0,0,alert,image_0210.jpg
0.26209157723514587,0.007631586848875012,0.0,0.0,0,alert,img_k_15900.jpg
0.2059430672906045,0.0,0.0,0.0,0,alert,img_c_8207.jpg
0.3187351268556779,0.0,0.0,0.0,0,alert,image_10846.jpg
0.2609938771475352,0.07428888819121647,0.0,0.0,0,alert,img_e_174.jpg
0.26164817222997605,0.0,0.0,0.0,0,alert,img_e_11774.jpg
0.33717550265770424,0.009171224667534486,0.0,0.0,0,alert,img_h_1080 - Copy.jpg
0.3287619541553579,0.00682995737109041,0.0,0.0,0,alert,img_i_12180.jpg
0.31565242695206563,0.0,0.0,0.0,0,alert,image_2349.jpg
0.34112363109666716,0.015203082117855557,0.0,0.0,0,alert,img_e_1050.jpg
0.2899046812336131,0.004460531352062831,0.0,0.0,0,alert,img_k_3510.jpg
0.31561453382352694,0.0,0.0,0.0,0,alert,img_i_14297.jpg
0.28774926973286225,0.0,0.0,0.0,0,alert,image_0238.jpg
0.2987894164073116,0.0,0.0,0.0,0,alert,image_8670.jpg
0.2744882028793109,0.0,0.0,0.0,0,alert,img_f_15718.jpg
0.3099449583130336,0.0,0.0,0.0,0,alert,image_4147 (2).jpg
0.2784899129460592,0.008241695970710049,0.0,0.0,0,alert,img_f_16211.jpg
0.29708920349799617,0.0,0.0,0.0,0,alert,img_e_1044.jpg
0.33693816586558445,0.1999722246755124,0.0,0.0,0,alert,image_180 (9).jpg
0.30776560457363966,0.0,0.0,0.0,0,alert,image_17052.jpg
0.3434418173667052,0.0,0.0,0.0,0,alert,img_i_5046.jpg
0.2635338111523523,0.0,0.0,0.0,0,alert,image_1530 (5).jpg
0.3562161919669533,0.03657448823616507,0.0,0.0,0,alert,img_e_3900.jpg
0.29317396102649596,0.0,0.0,0.0,0,alert,img_j_13137.jpg
0.2528609375218449,0.006388113794095076,0.0,0.0,0,alert,img_h_12450.jpg
0.3076798523915546,0.0,0.0,0.0,0,alert,img_f_10933.jpg
0.2700795475556951,0.007791035715612031,0.0,0.0,0,alert,img_k_5940.jpg
0.31393655746338955,0.0,0.0,0.0,0,alert,image_10701.jpg
0.27870322389535357,0.008157355760299152,0.0,0.0,0,alert,img_f_15863.jpg
0.29108383415105565,0.022727272210743815,0.0,0.0,0,alert,image_630 (2).jpg
0.28195084116709,0.0,0.0,0.0,0,alert,image_1080 (6).jpg
0.2662567549520992,0.003286470082266318,0.0,0.0,0,alert,img_k_8280.jpg
0.23788572040556089,0.0,0.0,0.0,0,alert,img_c_11571.jpg
0.3108276176155116,0.0,0.0,0.0,0,alert,image_4843.jpg
0.24466642011884188,0.0,0.0,0.0,0,alert,img_e_9222.jpg
0.24685428778859114,0.006561787106190817,0.0,0.0,0,alert,img_h_14790.jpg
0.3332419770477143,0.0,0.0,0.0,0,alert,image_0416.jpg
0.25191727647696294,0.0,0.0,0.0,0,alert,img_h_10290.jpg
0.2980757011472843,0.03845442772331489,0.0,0.0,0,alert,image_1230 (2).jpg
0.3163683863962401,0.019964096510750415,0.0,0.0,0,alert,image_480 (6).jpg
0.2848250573193064,0.0071028800218475505,0.0,0.0,0,alert,img_k_90.jpg
0.3280365768523314,0.0,0.0,0.0,0,alert,img_h_5640 - Copy.jpg
0.27095063804878816,0.0077685281255430415,0.0,0.0,0,alert,img_f_841.jpg
0.2841007535635608,0.0913379073398157,0.0,0.0,0,alert,image_5220.jpg
0.2191394909823639,0.0,0.0,0.0,0,alert,img_c_12905.jpg
0.28036292549040454,0.008157355760299152,0.0,0.0,0,alert,img_e_16153.jpg
0.3134432880231679,0.011110425180113367,0.0,0.0,0,alert,image_8062.jpg
0.28390585633744664,0.005161466473347561,0.0,0.0,0,alert,img_k_7170.jpg
0.30130672236634737,0.00796717902436612,0.0,0.0,0,alert,img_f_7076.jpg
0.2721228456789584,0.0,0.0,0.0,0,alert,img_i_7453.jpg
0.2660291185234306,0.007579847873752754,0.0,0.0,0,alert,img_k_16170.jpg
0.302634916930956,0.006726727894714257,0.0,0.0,0,alert,img_i_17371.jpg
0.24684807707107173,0.006391374866211748,0.0,0.0,0,alert,img_h_12120.jpg
0.32118638745298933,0.0,0.0,0.0,0,alert,img_i_12209.jpg
0.2556539196883514,0.0065471446415927715,0.0,0.0,0,alert,img_h_5250.jpg
0.27242862986128796,0.0,0.0,0.0,0,alert,img_i_783.jpg
0.2529492049897039,0.0,0.0,0.0,0,alert,img_h_8760.jpg
0.30661477871653664,0.010764206440351028,0.0,0.0,0,alert,img_f_464.jpg
0.29882542157130987,0.0,0.0,0.0,0,alert,img_i_5278.jpg
0.24982064485993166,0.0064933695542868895,0.0,0.0,0,alert,img_h_9330.jpg
0.3318307243269024,0.01954781094754095,0.0,0.0,0,alert,image_0 (8).jpg
0.2983494684856036,0.004925152318626144,0.0,0.0,0,alert,img_k_17520.jpg
0.27018675225990973,0.006253665292063929,0.0,0.0,0,alert,img_h_17070.jpg
0.2749302379469918,0.0,0.0,0.0,0,alert,img_k_4860.jpg
0.25903062260104803,0.007900757656577648,0.0,0.0,0,alert,img_e_5829.jpg
0.28643309762881874,0.00831919110513487,0.0,0.0,0,alert,img_f_9715.jpg
0.2472617615135551,0.0666574082251708,0.0,0.0,0,alert,image_1380 (4).jpg
0.335569082773749,0.00682995737109041,0.0,0.0,0,alert,img_i_6003.jpg
0.31447553875869483,0.0,0.0,0.0,0,alert,img_i_8990.jpg
0.26326131286626286,0.0,0.0,0.0,0,alert,img_k_13020.jpg
0.2593463107055294,0.010289612371463702,0.0,0.0,0,alert,image_0199.jpg
0.35152001814706857,0.01098635779946758,0.0,0.0,0,alert,img_e_2820.jpg
0.32507710416621494,0.0,0.0,0.0,0,alert,img_i_13659.jpg
0.27578842671572945,0.0,0.0,0.0,0,alert,image_0172.jpg
0.3292401242152865,0.010983044164139966,0.0,0.0,0,alert,img_e_570.jpg
0.3066496385047761,0.006968514165814794,0.0,0.0,0,alert,img_i_3190.jpg
0.2954123941152113,0.010375934083716072,0.0,0.0,0,alert,img_i_754.jpg
0.2527385531230446,0.016122611060643506,0.0,0.0,0,alert,image_4466.jpg
0.32099677368397006,0.0,0.0,0.0,0,alert,img_i_14877.jpg
0.2623307176840218,0.006399614969786011,0.0,0.0,0,alert,img_h_15840.jpg
0.2922462411805554,0.008254320910135164,0.0,0.0,0,alert,image_0166.jpg
0.23801285686742904,0.0,0.0,0.0,0,alert,img_c_290.jpg
0.2956944012777871,0.0,0.0,0.0,0,alert,image_12499.jpg
0.27962652185869596,0.003375720940251311,0.0,0.0,0,alert,img_k_2550.jpg
0.2988364616981214,0.004713390600070303,0.0,0.0,0,alert,img_k_14940.jpg
0.2837020293143814,0.008318039819350788,0.0,0.0,0,alert,img_f_2697.jpg
0.33212143044706743,0.010505383965489253,0.0,0.0,0,alert,img_e_1440.jpg
0.32453743199413443,0.0,0.0,0.0,0,alert,image_3335.jpg
0.2794424041150243,0.0,0.0,0.0,0,alert,img_j_7366.jpg
0.2542710216206528,0.0,0.0,0.0,0,alert,img_e_7743.jpg
0.3000015715479726,0.008392700112195589,0.0,0.0,0,alert,img_f_9918.jpg
0.3232430439293441,0.0,0.0,0.0,0,alert,img_i_9483.jpg
0.32378336862173956,0.0,0.0,0.0,0,alert,img_i_12586.jpg
0.2591023702759513,0.007934259252477182,0.0,0.0,0,alert,img_e_2639.jpg
0.2751419750907844,0.15622632651608773,0.0,0.0,0,alert,image_0158.jpg
0.3212196647442719,0.0,0.0,0.0,0,alert,image_3451.jpg
0.2785350638444555,0.014396314945889261,0.0,0.0,0,alert,image__1305.jpg
0.2844092694875915,0.04704928750298133,0.0,0.0,0,alert,img_k_11190.jpg
0.3125670316241119,0.009835642589752936,0.0,0.0,0,alert,img_j_1073.jpg
0.24028482254770978,0.0,0.0,0.0,0,alert,img_h_3810.jpg
0.30844189629775853,0.015540808206948208,0.0,0.0,0,alert,image_2001.jpg
0.29863614228486696,0.010989010868252628,0.0,0.0,0,alert,image_15486.jpg
0.2959415144488039,0.008331019413172493,0.0,0.0,0,alert,img_f_2871.jpg
0.27654503750778103,0.0,0.0,0.0,0,alert,img_k_2220.jpg
0.331135208239744,0.0,0.0,0.0,0,alert,img_i_11919.jpg
0.3067431107802563,0.007336301005980082,0.0,0.0,0,alert,img_j_2552.jpg
0.3061257220055966,0.0,0.0,0.0,0,alert,image_1508.jpg
0.2869987653018077,0.00831919110513487,0.0,0.0,0,alert,img_a_630.jpg
0.26726465711350206,0.1888813275859069,0.0,0.0,0,alert,image_0170.jpg
0.30516149298373935,0.004772494985237988,0.0,0.0,0,alert,img_k_6720.jpg
0.22176259322954167,0.0,0.0,0.0,0,alert,img_c_13833.jpg
0.2352014991270353,0.19715559856931417,0.0,0.0,0,alert,image_0164.jpg
0.26795815286617464,0.008314876246334575,0.0,0.0,0,alert,img_f_13021.jpg
0.2684498113692625,0.0,0.0,0.0,0,alert,img_h_4170.jpg
0.2558567257329287,0.0,0.0,0.0,0,alert,img_h_13200.jpg
0.3043545896285341,0.008539214515996735,0.0,0.0,0,alert,img_a_1110.jpg
0.3118734280656341,0.0,0.0,0.0,0,alert,image_12470.jpg
0.2914105533001198,0.0,0.0,0.0,0,alert,img_f_5887.jpg
0.3076378248205901,0.005086276533433328,0.0,0.0,0,alert,img_k_17250.jpg
0.30264506556859033,0.01078421776323527,0.0,0.0,0,alert,img_a_30.jpg
0.3198294012702151,0.0,0.0,0.0,0,alert,img_i_17429.jpg
0.2763949391441924,0.0063289871229830355,0.0,0.0,0,alert,img_h_17700.jpg
0.34242127416023516,0.0,0.0,0.0,0,alert,image_2940.jpg
0.25691868497066284,0.012337220017753088,0.0,0.0,0,alert,img_c_3973.jpg
0.3197902312538515,0.0,0.0,0.0,0,alert,img_i_9454.jpg
0.27446470202072093,0.0,0.0,0.0,0,alert,img_e_14587.jpg
0.30791121855441006,0.0,0.0,0.0,0,alert,image_7192.jpg
0.20300568144264014,0.0,0.0,0.0,0,alert,img_c_13166.jpg
0.2676526754701586,0.007740550142465505,0.0,0.0,0,alert,img_h_7380 - Copy.jpg
0.28754911962675744,0.008257415840938823,0.0,0.0,0,alert,img_f_1363.jpg
0.30429768459771367,0.0,0.0,0.0,0,alert,img_i_7337.jpg
0.2674994395107715,0.006864629057632997,0.0,0.0,0,alert,img_i_8004.jpg
0.2718561313836355,0.11536328316994468,0.0,0.0,0,alert,image_600.jpg
0.2613605613764626,0.006391374866211748,0.0,0.0,0,alert,img_h_8010.jpg
0.3195712559533091,0.00482663932076645,0.0,0.0,0,alert,img_k_12300.jpg
0.25546962552621155,0.0,0.0,0.0,0,alert,img_h_5520.jpg
0.307912089077934,0.0,0.0,0.0,0,alert,img_f_17284.jpg
0.27004602507626496,0.0,0.0,0.0,0,alert,img_h_16350.jpg
0.2606838357052131,0.0,0.0,0.0,0,alert,img_h_1020.jpg
0.27084654237203054,0.0,0.0,0.0,0,alert,img_i_11716.jpg
0.25274299678091666,0.01723881695366797,0.0,0.0,0,alert,image_1050.jpg
0.2802973800114247,0.02499219053559347,0.0,0.0,0,alert,image_570 (2).jpg
0.3182125727822378,0.004780231579722675,0.0,0.0,0,alert,img_k_3300.jpg
0.25503259071527656,0.0,0.0,0.0,0,alert,img_h_7860.jpg
0.2686535414001776,0.008450033675986597,0.0,0.0,0,alert,img_f_12673.jpg
0.3331004880212607,0.0,0.0,0.0,0,alert,image_0428.jpg
0.28241987564477555,0.0,0.0,0.0,0,alert,img_h_18180.jpg
0.32949145698329685,0.011984430252680275,0.0,0.0,0,alert,image__2175 (2).jpg
0.2357699144266424,0.041657627074445015,0.0,0.0,0,alert,image_1769 (3).jpg
0.276365041058395,0.004111016440415232,0.0,0.0,0,alert,image_1044.jpg
0.34501726931705645,0.0,0.0,0.0,0,alert,img_i_232.jpg
0.29207562148345556,0.0,0.0,0.0,0,alert,img_f_14558.jpg
0.27976915486592235,0.007796337767966916,0.0,0.0,0,alert,img_f_6815.jpg
0.300688568127226,0.009339270758992121,0.0,0.0,0,alert,img_b_5133.jpg
0.32746780116595275,0.0,0.0,0.0,0,alert,image_0414.jpg
0.2863200118834777,0.003310604951431223,0.0,0.0,0,alert,img_k_690.jpg
0.31012217829198985,0.0,0.0,0.0,0,alert,image_0400.jpg
0.2504870340611196,0.006288437601038982,0.0,0.0,0,alert,img_h_3390.jpg
0.2731162528776696,0.0,0.0,0.0,0,alert,img_h_330 - Copy.jpg
0.2745215772918452,0.01057328224505214,0.0,0.0,0,alert,image__1885.jpg
0.3267476492339368,0.0,0.0,0.0,0,alert,image_16414.jpg
0.2728983289175551,0.007806546287128507,0.0,0.0,0,alert,img_f_8468 (2).jpg
0.3285422008291471,0.0,0.0,0.0,0,alert,img_i_12035.jpg
0.25552494211280397,0.0,0.0,0.0,0,alert,img_h_960.jpg
0.26224262686906913,0.0,0.0,0.0,0,alert,img_f_4031.jpg
0.32751668709508186,0.0,0.0,0.0,0,alert,image_270 (5).jpg
0.31018088673848365,0.14767322663174248,0.0,0.0,0,alert,image_0399.jpg
0.2545566812780452,0.02058249387238003,0.0,0.0,0,alert,img_h_13770.jpg
0.32563570361383576,0.13988813142552342,0.0,0.0,0,alert,image_2130 (3).jpg
0.3005989499765427,0.0,0.0,0.0,0,alert,img_i_10150.jpg
0.26652696510074203,0.0,0.0,0.0,0,alert,image_15109.jpg
0.26318629264435994,0.013094289283185543,0.0,0.0,0,alert,img_h_13980.jpg
0.31143333199960865,0.006484762456249365,0.0,0.0,0,alert,img_j_6293.jpg
0.2488097603339553,0.007080810579141172,0.0,0.0,0,alert,image_1160 (2).jpg
0.24250630149597097,0.006283842196580277,0.0,0.0,0,alert,img_h_16620.jpg
0.28693105014452347,0.0,0.0,0.0,0,alert,img_f_5307.jpg
0.3106760211809445,0.0,0.0,0.0,0,alert,img_f_116.jpg
0.2702837271310923,0.20559192425243897,0.0,0.0,0,alert,image_1170 (2).jpg
0.3232726303366813,0.010869565099243857,0.0,0.0,0,alert,image_4756 (2).jpg
0.32923527937227015,0.0,0.0,0.0,0,alert,img_i_2059.jpg
0.31414686606373643,0.006651901008129606,0.0,0.0,0,alert,img_i_17603.jpg
0.3016319277325029,0.0,0.0,0.0,0,alert,image_1102 (2).jpg
0.27258057669194946,0.00995974428923578,0.0,0.0,0,alert,img_h_2460 - Copy.jpg
0.2603823039770853,0.1957034956844177,0.0,0.0,0,alert,image_2310 (2).jpg
0.2593346699608112,0.0048048056550778545,0.0,0.0,0,alert,img_k_900.jpg
0.29753023454285343,0.01224209386292556,0.0,0.0,0,alert,img_f_2291.jpg
0.28558384066048625,0.0,0.0,0.0,0,alert,img_f_1798.jpg
0.25986876545607795,0.017447463871087258,0.0,0.0,0,alert,img_c_3422.jpg
0.31241572959493363,0.0,0.0,0.0,0,alert,image_7569.jpg
0.2523511085661196,0.0,0.0,0.0,0,alert,image_0206.jpg
0.33698177024349935,0.0,0.0,0.0,0,alert,image_1350 (3).jpg
0.28716084227773403,0.009753370910044652,0.0,0.0,0,alert,img_k_6330.jpg
0.25217606121784775,0.0,0.0,0.0,0,alert,img_h_2850.jpg
0.31167063997709393,0.0,0.0,0.0,0,alert,image_9222.jpg
0.264960019239539,0.0,0.0,0.0,0,alert,img_h_900 - Copy.jpg
0.2868787099139708,0.0,0.0,0.0,0,alert,img_f_5800 (2).jpg
0.2679153088416283,0.0,0.0,0.0,0,alert,img_b_3422.jpg
0.28841040288732683,0.0,0.0,0.0,0,alert,img_j_3248.jpg
0.29391633031009107,0.0,0.0,0.0,0,alert,image_0212.jpg
0.3091461998450076,0.0,0.0,0.0,0,alert,img_i_3596.jpg
0.2842845371524194,0.006313830875924086,0.0,0.0,0,alert,img_h_4560.jpg
0.2756142494026993,0.0,0.0,0.0,0,alert,img_a_1500.jpg
0.2462125842653451,0.0,0.0,0.0,0,alert,img_h_17310.jpg
0.2750003738317126,0.007817224943550622,0.0,0.0,0,alert,img_k_17640.jpg
0.28358596423490345,0.0,0.0,0.0,0,alert,img_f_17864.jpg
0.31360956771796855,0.0,0.0,0.0,0,alert,image_1421 (2).jpg
0.24383179883307318,0.13807032434860933,0.0,0.0,0,alert,image_6844.jpg
0.27906896770479583,0.04876598372035646,0.0,0.0,0,alert,image_750 (3).jpg
0.27410872787527796,0.0,0.0,0.0,0,alert,img_b_3393.jpg
0.3242342451424573,0.09252914956237193,0.0,0.0,0,alert,image_210.jpg
0.29057594982554436,0.011290608871445137,0.0,0.0,0,alert,img_a_585.jpg
0.29390645385778624,0.0,0.0,0.0,0,alert,image_1440 (4).jpg
0.2516291333193653,0.0,0.0,0.0,0,alert,img_h_12240.jpg
0.2676495683138782,0.0,0.0,0.0,0,alert,img_f_12934.jpg
0.23180427627299868,0.0,0.0,0.0,0,alert,img_c_899.jpg
0.23570626465866282,0.0,0.0,0.0,0,alert,img_c_3393.jpg
0.24373673982528832,0.0,0.0,0.0,0,alert,img_h_16740.jpg
0.30433833726728543,0.006813449897227106,0.0,0.0,0,alert,img_i_17777.jpg
0.2962227723581634,0.0,0.0,0.0,0,alert,image__1305 (2).jpg
0.35525474996924933,0.0,0.0,0.0,0,alert,image_1440.jpg
0.26923700550949525,0.09369026717708914,0.0,0.0,0,alert,image_5626.jpg
0.276615719429696,0.0,0.0,0.0,0,alert,image__0.jpg
0.31243947951324647,0.0,0.0,0.0,0,alert,img_i_13920.jpg
0.32383452485438285,0.0,0.0,0.0,0,alert,image_7743.jpg
0.2508684647530367,0.0,0.0,0.0,0,alert,image__5017.jpg
0.2488639112142606,0.007692307633136095,0.0,0.0,0,alert,img_e_348.jpg
0.320547300684508,0.01075268805642271,0.0,0.0,0,alert,image_2175.jpg
0.33384193121633665,0.03259137225814223,0.0,0.0,0,alert,img_e_360.jpg
0.33197881250778083,0.009808400599356603,0.0,0.0,0,alert,img_j_1885.jpg
0.27442553785952056,0.007961621877843602,0.0,0.0,0,alert,img_f_783 (2).jpg
0.29554466251459194,0.011284496802301607,0.0,0.0,0,alert,img_a_750.jpg
0.23956400242905057,0.0,0.0,0.0,0,alert,img_h_3780.jpg
0.2539952746038615,0.018169808723429538,0.0,0.0,0,alert,image_990.jpg
0.3524682042908692,0.1280772629669092,0.0,0.0,0,alert,img_i_14732.jpg
0.27936219262076756,0.008241695970710049,0.0,0.0,0,alert,img_e_15921.jpg
0.30577685242930364,0.0,0.0,0.0,0,alert,image_16762.jpg
0.22754321523895846,0.20366878029523292,0.0,0.0,0,alert,image_960 (4).jpg
0.23939461756194863,0.0,0.0,0.0,0,alert,img_c_319.jpg
0.3153367722949071,0.019577758033451496,0.0,0.0,0,alert,image__1943 (2).jpg
0.29468468044643137,0.08032432435927506,0.0,0.0,0,alert,image_5829.jpg
0.2609281997063606,0.0,0.0,0.0,0,alert,img_f_2987 (2).jpg
0.2561719996791434,0.009041354742440284,0.0,0.0,0,alert,img_h_16230.jpg
0.2502624688956808,0.0,0.0,0.0,0,alert,img_h_1140.jpg
0.29228081561941266,0.0,0.0,0.0,0,alert,img_h_3540 - Copy.jpg
0.27649741231603975,0.0,0.0,0.0,0,alert,img_k_4080.jpg
0.2359131749045578,0.006620194146529233,0.0,0.0,0,alert,image_1740 (6).jpg
0.2898044904841537,0.0,0.0,0.0,0,alert,image_2494 (2).jpg
0.3488388967345377,0.11874508049310385,0.0,0.0,0,alert,image_2460 (2).jpg
0.295956838363684,0.006608041682072737,0.0,0.0,0,alert,img_i_17574.jpg
0.30581414805471824,0.0,0.0,0.0,0,alert,img_i_6148.jpg
0.2776884576114227,0.0,0.0,0.0,0,alert,img_h_6180 - Copy.jpg
0.2604063760352012,0.012855955586933542,0.0,0.0,0,alert,img_h_3480 - Copy.jpg
0.2671508790600594,0.0,0.0,0.0,0,alert,img_c_3190.jpg
0.2714583883269013,0.11080752622658299,0.0,0.0,0,alert,image_720 (4).jpg
0.26769022304882173,0.0,0.0,0.0,0,alert,img_c_12325.jpg
0.2607041834357474,0.026197596853587,0.0,0.0,0,alert,img_h_7530.jpg
0.27911887889415565,0.0,0.0,0.0,0,alert,img_h_30 - Copy.jpg
0.2941664106889259,0.06146012843307431,0.0,0.0,0,alert,image_5800.jpg
0.3051905541625797,0.011126919732531696,0.0,0.0,0,alert,img_f_261.jpg
0.2696764423245802,0.0,0.0,0.0,0,alert,img_h_14340.jpg
0.23579167031193268,0.006362332441511821,0.0,0.0,0,alert,img_h_3030.jpg
0.27315429783398903,0.004843197114828418,0.0,0.0,0,alert,img_k_14610.jpg
0.3218275803486139,0.0,0.0,0.0,0,alert,img_i_6612.jpg
0.24105317104094315,0.013867504713323039,0.0,0.0,0,alert,img_c_13775.jpg
0.2693976574494063,0.0076017607139289445,0.0,0.0,0,alert,img_e_9802.jpg
0.2957519465831948,0.0,0.0,0.0,0,alert,image_6061 (2).jpg
0.2399680665431871,0.0,0.0,0.0,0,alert,img_h_2460.jpg
0.298864239092238,0.007476439585230188,0.0,0.0,0,alert,img_k_15240.jpg
0.27754610973124677,0.08248919790069684,0.0,0.0,0,alert,image__290.jpg
0.32672056572573915,0.00665469892548684,0.0,0.0,0,alert,img_i_16124.jpg
0.31494826479326105,0.0,0.0,0.0,0,alert,image_4611 (2).jpg
0.310325975736271,0.0,0.0,0.0,0,alert,img_a_1065.jpg
0.23796634698888405,0.0,0.0,0.0,0,alert,img_h_4950.jpg
0.2119042983631897,0.019067518195844645,0.0,0.0,0,alert,img_c_7453.jpg
0.31787645107542833,0.0,0.0,0.0,0,alert,image_2160.jpg
0.24406499260243342,0.14300876249627517,0.0,0.0,0,alert,image_7018.jpg
0.2945153520317835,0.0048840085077866,0.0,0.0,0,alert,img_k_1890.jpg
0.3136162131710999,0.008006151022861435,0.0,0.0,0,alert,img_j_6641.jpg
0.2743236057089229,0.0,0.0,0.0,0,alert,img_i_145.jpg
0.26053240527747645,0.03224129388102042,0.0,0.0,0,alert,image_4263.jpg
0.3090162723416142,0.0,0.0,0.0,0,alert,img_f_16762.jpg
0.19869877875435626,0.39705881769031154,1.0,0.0,0,alert,image_1320 (4).jpg
0.2501037760333832,0.0,0.0,0.0,0,alert,img_h_1800.jpg
0.2443992401989401,0.006288437601038982,0.0,0.0,0,alert,img_h_3540.jpg
0.30951159587573485,0.0034810257188059917,0.0,0.0,0,alert,img_k_6480.jpg
0.28555946999232984,0.0,0.0,0.0,0,alert,image_420 (6).jpg
0.3088811692359271,0.0,0.0,0.0,0,alert,image_900 (3).jpg
0.2900603377018904,0.22216736791563482,0.0,0.0,0,alert,image_1290 (2).jpg
0.32638654630772823,0.0,0.0,0.0,0,alert,image_3915.jpg
0.33616446784668785,0.0,0.0,0.0,0,alert,img_i_6438.jpg
0.31167552696131606,0.019964096510750415,0.0,0.0,0,alert,image_180 (5).jpg
0.356331079764597,0.0,0.0,0.0,0,alert,img_a_1515.jpg
0.24793955757080988,0.009199122017843266,0.0,0.0,0,alert,img_h_18750.jpg
0.2792098967181798,0.09781692489475022,0.0,0.0,0,alert,image_5394.jpg
0.2965534773935071,0.0032824839575101698,0.0,0.0,0,alert,img_k_10890.jpg
0.24365969525568465,0.0,0.0,0.0,0,alert,img_h_11760.jpg
0.3047869167137923,0.0,0.0,0.0,0,alert,image_1680.jpg
0.3150757115794762,0.009587062268680367,0.0,0.0,0,alert,img_h_5430 - Copy.jpg
0.2774417884418131,0.007163904567081453,0.0,0.0,0,alert,img_i_435.jpg
0.3286034170946567,0.0,0.0,0.0,0,alert,img_i_5858.jpg
0.2791840911497312,0.011491216752853224,0.0,0.0,0,alert,image_0213.jpg
0.2855335342151232,0.015713483851773458,0.0,0.0,0,alert,image_0207.jpg
0.25992040984122156,0.00616708489109111,0.0,0.0,0,alert,img_h_1380.jpg
0.2823587924056177,0.003247420836311695,0.0,0.0,0,alert,img_k_5610.jpg
0.30990131951030253,0.0,0.0,0.0,0,alert,image_7540.jpg
0.24350413138364005,0.05998800239928026,0.0,0.0,0,alert,image_690 (2).jpg
0.2684160699856468,0.004145062123879718,0.0,0.0,0,alert,image_1131.jpg
0.30096944605809434,0.0,0.0,0.0,0,alert,img_i_15834.jpg
0.2717483998948368,0.0063210165016989285,0.0,0.0,0,alert,img_h_19260.jpg
0.28601866271487253,0.004480657286795793,0.0,0.0,0,alert,image__11484.jpg
0.2582208946658537,0.0,0.0,0.0,0,alert,img_h_2040 - Copy.jpg
0.29403430450378265,0.0,0.0,0.0,0,alert,image__870.jpg
0.27835131954651593,0.0049871434897853905,0.0,0.0,0,alert,img_k_120.jpg
0.3039686997246894,0.0,0.0,0.0,0,alert,img_i_10179.jpg
0.33183610139355446,0.006986347993003862,0.0,0.0,0,alert,img_i_7134.jpg
0.25132828803918295,0.0,0.0,0.0,0,alert,img_h_3420.jpg
0.3160645766017669,0.0,0.0,0.0,0,alert,img_i_8207.jpg
0.3155238536245144,0.0,0.0,0.0,0,alert,image_3828 (2).jpg
0.2645258582371357,0.02447675046494572,0.0,0.0,0,alert,image_4698.jpg
0.3129840194139148,0.0,0.0,0.0,0,alert,image_6931.jpg
0.33617991033562433,0.0,0.0,0.0,0,alert,image_0398.jpg
0.2707697916434125,0.006438227758345728,0.0,0.0,0,alert,img_h_15300.jpg
0.3297072228992898,0.0,0.0,0.0,0,alert,img_i_9657.jpg
0.2515590472989319,0.0063611738163773315,0.0,0.0,0,alert,img_h_2070.jpg
0.2768518144960947,0.0,0.0,0.0,0,alert,img_j_13108.jpg
0.31410721863573576,0.0,0.0,0.0,0,alert,image_12673.jpg
0.2592061200545801,0.0063113154053716265,0.0,0.0,0,alert,img_h_18630.jpg
0.23364855452548566,0.00793251164576865,0.0,0.0,0,alert,img_e_14790.jpg
0.2801093917367302,0.0032392327579539295,0.0,0.0,0,alert,img_k_4320.jpg
0.32951124200222054,0.0,0.0,0.0,0,alert,image_9425.jpg
0.25235924627751793,0.006661339680438483,0.0,0.0,0,alert,img_h_9870.jpg
0.33785075796293673,0.0,0.0,0.0,0,alert,image_0415.jpg
0.2565938856598478,0.0,0.0,0.0,0,alert,img_c_3219.jpg
0.2834302203252118,0.007740550142465505,0.0,0.0,0,alert,img_f_3944.jpg
0.2850886234627114,0.0,0.0,0.0,0,alert,img_h_6360 - Copy.jpg
0.29095161256143565,0.0,0.0,0.0,0,alert,img_f_4959.jpg
0.2684815383756734,0.00619673365656362,0.0,0.0,0,alert,img_h_5910.jpg
0.3629697503623815,0.0,0.0,0.0,0,alert,image_0429.jpg
0.3068764441045246,0.0074914038387305405,0.0,0.0,0,alert,img_k_13590.jpg
0.27746692283511915,0.0,0.0,0.0,0,alert,image_3120.jpg
0.302289973336478,0.0,0.0,0.0,0,alert,img_i_17400.jpg
0.2599567340134586,0.0,0.0,0.0,0,alert,img_a_180.jpg
0.2565773434713055,0.006450404782376289,0.0,0.0,0,alert,img_h_3150.jpg
0.29502842306700294,0.004927483638610778,0.0,0.0,0,alert,img_k_6090.jpg
0.3245648631007806,0.009173925775075276,0.0,0.0,0,alert,img_b_725.jpg
0.3256260670309151,0.0,0.0,0.0,0,alert,image_4350 (2).jpg
0.28316293537106707,0.004777067019376209,0.0,0.0,0,alert,img_k_450.jpg
0.2533950372393404,0.15478603414771192,0.0,0.0,0,alert,image_210 (2).jpg
0.28263002295822975,0.11318739955045048,0.0,0.0,0,alert,image_1980 (3).jpg
0.27770898376116715,0.0939637686471225,0.0,0.0,0,alert,image_5974.jpg
0.2768928476532477,0.008309994180014466,0.0,0.0,0,alert,img_f_13949.jpg
0.23432283528358544,0.008379430546708906,0.0,0.0,0,alert,img_f_15486.jpg
0.3156929653724187,0.0,0.0,0.0,0,alert,image_1566 (2).jpg
0.3083032637153103,0.0,0.0,0.0,0,alert,img_j_6090.jpg
0.3248729517997536,0.0,0.0,0.0,0,alert,img_i_10353.jpg
0.24830234761765818,0.019284331700539205,0.0,0.0,0,alert,img_c_13601.jpg
0.30945546216498643,0.008619408551128189,0.0,0.0,0,alert,image__3422 (2).jpg
0.2739233055691671,0.3088730226850396,0.0,0.0,0,alert,image_1110 (5).jpg
0.28883735401665356,0.0,0.0,0.0,0,alert,img_e_16385.jpg
0.2711680304936606,0.006512481693154651,0.0,0.0,0,alert,img_h_6000.jpg
0.2771796546319242,0.006318870853446664,0.0,0.0,0,alert,img_h_11370.jpg
0.3134575285141575,0.0,0.0,0.0,0,alert,image_16617.jpg
0.31059418650552756,0.01957400693401503,0.0,0.0,0,alert,image_1290.jpg
0.31984241998060026,0.0,0.0,0.0,0,alert,image_10266.jpg
0.3129098365391533,0.0,0.0,0.0,0,alert,image_2059 (2).jpg
0.25474025358144187,0.2392452834252957,0.0,0.0,0,alert,image_0165.jpg
0.3060289776943928,0.013038795859936973,0.0,0.0,0,alert,img_b_1624.jpg
0.26503768618368334,0.16663050598396958,0.0,0.0,0,alert,image_510 (5).jpg
0.31043895815547595,0.0,0.0,0.0,0,alert,image_17284.jpg
0.30751120707239094,0.0,0.0,0.0,0,alert,image_3625 (2).jpg
0.25880479856202027,0.00860026137795777,0.0,0.0,0,alert,img_f_13746.jpg
0.2860189870449927,0.0034116978067328147,0.0,0.0,0,alert,img_k_9360.jpg
0.2526792332566749,0.018107148976665422,0.0,0.0,0,alert,img_c_1624.jpg
0.2813920059303259,0.0,0.0,0.0,0,alert,img_k_4650.jpg
0.2778108663242491,0.007567943429167896,0.0,0.0,0,alert,image_16830.jpg
0.34082790892686543,0.010635890632165756,0.0,0.0,0,alert,img_e_2610.jpg
0.2672626038878068,0.0,0.0,0.0,0,alert,image_1247.jpg
0.30355944759424097,0.0,0.0,0.0,0,alert,image__5162.jpg
0.3007858571024956,0.0,0.0,0.0,0,alert,img_i_14848.jpg
0.3324893037095561,0.010750202460471602,0.0,0.0,0,alert,img_e_3240.jpg
0.28084611350441707,0.0,0.0,0.0,0,alert,image_0 (4).jpg
0.31713101483949535,0.0,0.0,0.0,0,alert,img_j_870.jpg
0.3089133590938867,0.0,0.0,0.0,0,alert,image_7076 (2).jpg
0.22276411345828018,0.1834167801872277,0.0,0.0,0,alert,image_0175.jpg
0.2461889219799811,0.0,0.0,0.0,0,alert,img_h_540.jpg
0.2481651020806303,0.01834167790985001,0.0,0.0,0,alert,img_c_12296.jpg
0.3177648547907037,0.15089571149294137,0.0,0.0,0,alert,image_510 (4).jpg
0.26988457638521735,0.0,0.0,0.0,0,alert,img_h_5280.jpg
0.29124517855537474,0.15683259640100666,0.0,0.0,0,alert,image_2640 (2).jpg
0.288204490574458,0.0,0.0,0.0,0,alert,image_2010.jpg
0.2649544302518687,0.009339270758992121,0.0,0.0,0,alert,img_h_180 - Copy.jpg
0.23400064753420946,0.2660387556462374,0.0,0.0,0,alert,image_0161.jpg
0.2790584292768235,0.0,0.0,0.0,0,alert,image_16820.jpg
0.27433045548890145,0.0,0.0,0.0,0,alert,img_c_4002.jpg
0.3023066967799171,0.0,0.0,0.0,0,alert,img_k_1710.jpg
0.289733606346226,0.0,0.0,0.0,0,alert,img_h_3510 - Copy.jpg
0.2564821591263192,0.0064933695542868895,0.0,0.0,0,alert,img_h_8940.jpg
0.2997228400105535,0.0,0.0,0.0,0,alert,image_0 (5).jpg
0.2203305693301451,0.014062207986997055,0.0,0.0,0,alert,img_c_7279.jpg
0.28566884817557137,0.00767977577167867,0.0,0.0,0,alert,img_k_2580.jpg
0.31848373284518633,0.0,0.0,0.0,0,alert,image_7801.jpg
0.2712135144564258,0.004826667431899071,0.0,0.0,0,alert,img_k_14760.jpg
0.2633439127551169,0.008998789686903397,0.0,0.0,0,alert,img_h_7440.jpg
0.2431100325577429,0.14115606244103868,0.0,0.0,0,alert,image_210 (3).jpg
0.27765320213657785,0.18633364800527966,0.0,0.0,0,alert,image_1980 (2).jpg
0.29281754232242474,0.0,0.0,0.0,0,alert,img_j_12992.jpg
0.2966684534424535,0.0,0.0,0.0,0,alert,img_f_9048.jpg
0.2330053006099193,0.0,0.0,0.0,0,alert,image_1566 (3).jpg
0.25016934649638845,0.0,0.0,0.0,0,alert,img_h_15660.jpg
0.27863117752570393,0.004323174980177831,0.0,0.0,0,alert,image__9947.jpg
0.2993807683552575,0.007416365302191035,0.0,0.0,0,alert,img_i_2262.jpg
0.2436072643758888,0.19323110785034883,0.0,0.0,0,alert,image_1110 (4).jpg
0.3087143442795873,0.0,0.0,0.0,0,alert,img_i_11049.jpg
0.22249937428934394,0.131418027742839,0.0,0.0,0,alert,image_2059 (3).jpg
0.3191909214892394,0.0071210910979886246,0.0,0.0,0,alert,img_j_2755.jpg
0.3371222165262444,0.0,0.0,0.0,0,alert,image_0411.jpg
0.3274656757875418,0.0,0.0,0.0,0,alert,img_i_551.jpg
0.32885475703812217,0.0,0.0,0.0,0,alert,img_i_9860.jpg
0.2525127587395601,0.0,0.0,0.0,0,alert,img_h_12480.jpg
0.3268229869837084,0.004906206728058193,0.0,0.0,0,alert,img_k_9600.jpg
0.3297442210974424,0.007936257932322352,0.0,0.0,0,alert,img_a_345.jpg
0.3091872608997954,0.0,0.0,0.0,0,alert,image_0405.jpg
0.2619599033570884,0.012186968468386123,0.0,0.0,0,alert,img_c_2117.jpg
0.2523306199575313,0.006450404782376289,0.0,0.0,0,alert,img_h_9690.jpg
0.2601022754854828,0.0033094444554038127,0.0,0.0,0,alert,img_k_8250.jpg
0.30022775935514356,0.0,0.0,0.0,0,alert,image_7424.jpg
0.3197394588545289,0.0,0.0,0.0,0,alert,img_i_17835.jpg
0.3099441993194689,0.011157351444282329,0.0,0.0,0,alert,img_j_7163.jpg
0.33731219576367644,0.02246623799970329,0.0,0.0,0,alert,img_e_3720.jpg
0.3730337988688404,0.0207927616193879,0.0,0.0,0,alert,image_1830 (4).jpg
0.31648057343757807,0.0,0.0,0.0,0,alert,image_0439.jpg
0.29732410340547744,0.0031862972775933605,0.0,0.0,0,alert,img_k_5760.jpg
0.30772558132482725,0.0,0.0,0.0,0,alert,image_1914.jpg
0.22429247907524502,0.0,0.0,0.0,0,alert,img_c_12731.jpg
0.279862554063546,0.0030504680255928926,0.0,0.0,0,alert,img_k_10710.jpg
0.2675796579766956,0.013085597893522469,0.0,0.0,0,alert,img_c_2842.jpg
0.2551669368332498,0.008581083291420277,0.0,0.0,0,alert,img_h_11610.jpg
0.2718246083394635,0.0,0.0,0.0,0,alert,img_i_16530.jpg
0.322471453798116,0.0,0.0,0.0,0,alert,image_0388.jpg
0.322949643180528,0.0,0.0,0.0,0,alert,image_6380 (2).jpg
0.38127631253712796,0.14265258778057827,0.0,0.0,0,alert,image_1200 (6).jpg
0.29008893795478646,0.00794051014700185,0.0,0.0,0,alert,img_f_1624 (2).jpg
0.29330569615043345,0.0,0.0,0.0,0,alert,image_7395.jpg
0.320712048484735,0.0,0.0,0.0,0,alert,img_i_6206.jpg
0.31103550140265857,0.0,0.0,0.0,0,alert,img_i_9135.jpg
0.27390135946487404,0.008066614832020685,0.0,0.0,0,alert,img_f_4002 (2).jpg
0.2789229248137753,0.042696072579983674,0.0,0.0,0,alert,img_e_2204.jpg
0.25075644751805515,0.006530927739906085,0.0,0.0,0,alert,img_h_9900.jpg
0.27239427097411195,0.00873837469512521,0.0,0.0,0,alert,img_e_16008.jpg
0.2551673863694536,0.006538182468286846,0.0,0.0,0,alert,img_h_150.jpg
0.3234830605668665,0.0,0.0,0.0,0,alert,image_9541.jpg
0.32823319744984314,0.00793251164576865,0.0,0.0,0,alert,img_a_225.jpg
0.2797716853719697,0.0,0.0,0.0,0,alert,image_0203.jpg
0.2763076406545011,0.0,0.0,0.0,0,alert,image_0217.jpg
0.31925128593955465,0.0,0.0,0.0,0,alert,image_17690.jpg
0.25987841755082947,0.23529411303344877,0.0,0.0,0,alert,image_2400.jpg
0.32730816738661606,0.0,0.0,0.0,0,alert,img_i_5684.jpg
0.3128579608225003,0.0,0.0,0.0,0,alert,img_f_11223.jpg
0.2708767125858629,0.0,0.0,0.0,0,alert,img_f_4060 (2).jpg
0.2730293556639427,0.0,0.0,0.0,0,alert,img_f_12702.jpg
0.2957522313187313,0.00837384670815618,0.0,0.0,0,alert,img_f_12064.jpg
0.3069831473135493,0.01900028464540184,0.0,0.0,0,alert,image_690 (3).jpg
0.21818358887856487,0.0,0.0,0.0,0,alert,img_c_12876.jpg
0.2702137651726545,0.004144243353203488,0.0,0.0,0,alert,image_1653.jpg
0.2788018317340101,0.010664749779323149,0.0,0.0,0,alert,img_k_2190.jpg
0.2655780220159386,0.007763937688027513,0.0,0.0,0,alert,img_k_14370.jpg
0.2733617178323214,0.0,0.0,0.0,0,alert,image_1860.jpg
0.2628640811895957,0.012977167126512961,0.0,0.0,0,alert,img_c_1595.jpg
0.3091126665280973,0.010637695824199184,0.0,0.0,0,alert,image_16559.jpg
0.27711781612840225,0.0,0.0,0.0,0,alert,img_j_13050.jpg
0.2696509543093917,0.0,0.0,0.0,0,alert,img_f_3161.jpg
0.22162234795950742,0.0063611738163773315,0.0,0.0,0,alert,img_h_10320.jpg
0.26234785197524757,0.136998954815882,0.0,0.0,0,alert,image_420 (7).jpg
0.3091599537258452,0.008521833136793586,0.0,0.0,0,alert,img_b_1595.jpg
0.2775533880113549,0.0,0.0,0.0,0,alert,image_900 (2).jpg
0.2809159184684743,0.0,0.0,0.0,0,alert,img_i_13514.jpg
0.28596418698689896,0.0,0.0,0.0,0,alert,image_8850.jpg
0.3887406491237998,0.008062156906967873,0.0,0.0,0,alert,img_i_1421.jpg
0.24659998463724947,0.0,0.0,0.0,0,alert,img_c_2088.jpg
0.2708106576245519,0.007854318153190248,0.0,0.0,0,alert,img_j_14065.jpg
0.31616663253504296,0.119047616213152,0.0,0.0,0,alert,image_180 (4).jpg
0.30941901208881784,0.0,0.0,0.0,0,alert,image_10672.jpg
0.25287989610390965,0.008450033675986597,0.0,0.0,0,alert,img_e_16791.jpg
0.27830864566874136,0.0,0.0,0.0,0,alert,image__928.jpg
0.31564059214494067,0.0,0.0,0.0,0,alert,img_i_8439.jpg
0.26984662570825146,0.009418885248393896,0.0,0.0,0,alert,img_h_360 - Copy.jpg
0.3125002181355607,0.0,0.0,0.0,0,alert,image_6699.jpg
0.24607995679128675,0.0,0.0,0.0,0,alert,img_h_2100.jpg
0.27093550308154773,0.006564755697062444,0.0,0.0,0,alert,img_h_15270.jpg
0.33995957267957955,0.010523983752286432,0.0,0.0,0,alert,img_e_1080.jpg
0.28292331922493474,0.008216341598724652,0.0,0.0,0,alert,img_k_11220.jpg
0.27162971713681794,0.10616115821321624,0.0,0.0,0,alert,image_4930.jpg
0.27030616072505786,0.007856499470647739,0.0,0.0,0,alert,img_f_6757.jpg
0.35446813015312006,0.010853547930745635,0.0,0.0,0,alert,img_e_2760.jpg
0.24433184818883502,0.012180638279984448,0.0,0.0,0,alert,img_c_3625.jpg
0.3100606344866756,0.008574929183596031,0.0,0.0,0,alert,img_b_1740.jpg
0.2913334637876811,0.0,0.0,0.0,0,alert,img_f_2900.jpg
0.24968838113478584,0.006307798792222787,0.0,0.0,0,alert,img_h_12090.jpg
0.3111782082684183,0.01178511292156652,0.0,0.0,0,alert,image__2755.jpg
0.2713412558594884,0.004144243353203488,0.0,0.0,0,alert,image_1479.jpg
0.2826075996923343,0.003439270290941577,0.0,0.0,0,alert,img_k_9210.jpg
0.25807576663235104,0.0,0.0,0.0,0,alert,img_c_1740.jpg
0.29252773205903987,0.008298540802493655,0.0,0.0,0,alert,img_f_18763.jpg
0.24340215398058196,0.006527031336773871,0.0,0.0,0,alert,img_h_420.jpg
0.33989279604856176,0.0,0.0,0.0,0,alert,img_j_928.jpg
0.2807736506143971,0.0,0.0,0.0,0,alert,img_d_8265.jpg
0.39897714989256433,0.004557973188020311,0.0,0.0,0,alert,img_k_8640.jpg
0.28269477427906664,0.0,0.0,0.0,0,alert,img_h_8820.jpg
0.32053297127434044,0.007096661897183135,0.0,0.0,0,alert,img_j_1102.jpg
0.3239780691233889,0.0,0.0,0.0,0,alert,image_14819.jpg
0.2974735902952874,0.005029604601698505,0.0,0.0,0,alert,img_k_17490.jpg
0.31585917283294845,0.0,0.0,0.0,0,alert,img_i_9280.jpg
0.32756934598500254,0.04300080984188641,0.0,0.0,0,alert,img_e_3330.jpg
0.2924041641840526,0.003143193536835785,0.0,0.0,0,alert,img_k_5370.jpg
0.31228400875788537,0.0,0.0,0.0,0,alert,img_i_16849.jpg
0.20064733885560398,0.013678111488444708,0.0,0.0,0,alert,img_c_14036.jpg
0.30525258047905857,0.010868923050453842,0.0,0.0,0,alert,image_7975.jpg
0.30598088149269886,0.0,0.0,0.0,0,alert,img_i_8613.jpg
0.3406659367295387,0.12397752521686073,0.0,0.0,0,alert,image_720 (5).jpg
0.29105864303939166,0.0,0.0,0.0,0,alert,img_f_17487.jpg
0.2518963598367042,0.006527031336773871,0.0,0.0,0,alert,img_h_10650.jpg
0.2938949834827044,0.0,0.0,0.0,0,alert,image_11020.jpg
0.24218068927782793,0.008263334025047878,0.0,0.0,0,alert,img_e_14384.jpg
0.329283291138038,0.0,0.0,0.0,0,alert,img_i_10237.jpg
0.3085606505669499,0.0,0.0,0.0,0,alert,image_12267.jpg
0.2514789344777402,0.006873055099624192,0.0,0.0,0,alert,img_i_8149.jpg
0.30954124072669187,0.0,0.0,0.0,0,alert,image_18038.jpg
0.2846028930111417,0.0,0.0,0.0,0,alert,img_f_14819.jpg
0.25485629479964766,0.0,0.0,0.0,0,alert,img_h_17670.jpg
0.33260573537699323,0.022209886575119454,0.0,0.0,0,alert,img_e_3480.jpg
0.267219517069315,0.150916532733934,0.0,0.0,0,alert,image_960 (5).jpg
0.2973930184092243,0.0,0.0,0.0,0,alert,img_i_15428.jpg
0.28915832605992847,0.00475560047491675,0.0,0.0,0,alert,img_k_13620.jpg
0.26532550445398795,0.0,0.0,0.0,0,alert,img_f_13804.jpg
0.24642961544097985,0.01723497609220492,0.0,0.0,0,alert,img_c_1972.jpg
0.29650716001509636,0.008304547916408481,0.0,0.0,0,alert,img_f_2726.jpg
0.281311015387083,0.0049397022832687095,0.0,0.0,0,alert,img_k_16980.jpg
0.2834987577742135,0.00487242885659394,0.0,0.0,0,alert,img_k_16770.jpg
0.31202514385582153,0.0,0.0,0.0,0,alert,image_12528.jpg
0.2672760938179706,0.0,0.0,0.0,0,alert,img_h_17880.jpg
0.3211446871566883,0.0,0.0,0.0,0,alert,img_i_13717.jpg
0.2992211289217358,0.004859840403825618,0.0,0.0,0,alert,img_k_12270.jpg
0.24632440382196058,0.0,0.0,0.0,0,alert,img_h_12720.jpg
0.31582136659086063,0.006857523483213801,0.0,0.0,0,alert,img_j_29.jpg
0.3186644401076363,0.0,0.0,0.0,0,alert,img_j_13253.jpg
0.2915439869108767,0.0,0.0,0.0,0,alert,img_i_5336.jpg
0.30992516919178037,0.0,0.0,0.0,0,alert,img_j_1856.jpg
0.2648347995878484,0.0,0.0,0.0,0,alert,img_h_8160.jpg
0.29153177402056546,0.007483135124461332,0.0,0.0,0,alert,img_f_5713.jpg
0.26730846251327184,0.0,0.0,0.0,0,alert,img_h_390.jpg
0.2973053312181536,0.007441992426779276,0.0,0.0,0,alert,img_f_5075.jpg
0.3100043406459889,0.006408544913700511,0.0,0.0,0,alert,img_j_5365.jpg
0.27809892476448794,0.0,0.0,0.0,0,alert,image_1450.jpg
0.2936738159655342,0.0035847590186948676,0.0,0.0,0,alert,img_k_7200.jpg
0.2518399889594321,0.0,0.0,0.0,0,alert,img_h_3960.jpg
0.275766727947633,0.0,0.0,0.0,0,alert,img_f_2929.jpg
0.2720156989829078,0.0,0.0,0.0,0,alert,img_f_18038.jpg
0.29453125084008047,0.0,0.0,0.0,0,alert,img_i_15399.jpg
0.27508437678088754,0.009255688994449984,0.0,0.0,0,alert,img_b_4611.jpg
0.30761396234449023,0.0,0.0,0.0,0,alert,img_f_12267.jpg
0.29791805742411137,0.0,0.0,0.0,0,alert,img_j_2378.jpg
0.2824317661570835,0.00844430759731173,0.0,0.0,0,alert,img_f_14616.jpg
0.2726760114543124,0.0,0.0,0.0,0,alert,image_8460.jpg
0.2540015956984196,0.0,0.0,0.0,0,alert,img_c_1769.jpg
0.30531661857782777,0.0,0.0,0.0,0,alert,img_f_11020.jpg
0.3144077331180405,0.0,0.0,0.0,0,alert,img_j_2436.jpg
0.2432938787377456,0.006547004324088309,0.0,0.0,0,alert,img_h_7290.jpg
0.3213959789451448,0.010750202460471602,0.0,0.0,0,alert,image_3509.jpg
0.31350684773063714,0.0,0.0,0.0,0,alert,image_17487.jpg
0.2706621241537368,0.0,0.0,0.0,0,alert,img_h_0.jpg
0.30005711714519967,0.0,0.0,0.0,0,alert,image_11948.jpg
0.2561831207759001,0.05071265558744013,0.0,0.0,0,alert,image_638 (2).jpg
0.2787626464099413,0.007664917077331726,0.0,0.0,0,alert,img_f_5539.jpg
0.28611741174092553,0.0,0.0,0.0,0,alert,img_j_13079.jpg
0.2767844887665127,0.004586142793371677,0.0,0.0,0,alert,img_k_13350.jpg
0.3408517913298546,0.0,0.0,0.0,0,alert,image_2400 (4).jpg
0.3226958461786299,0.0,0.0,0.0,0,alert,img_j_2813.jpg
0.3312879685118629,0.0066897489120761105,0.0,0.0,0,alert,img_i_12151.jpg
0.3034186038242513,0.0,0.0,0.0,0,alert,image_12064.jpg
0.22823135729790248,0.10720580042168641,0.0,0.0,0,alert,image_1421 (3).jpg
0.2601830751361271,0.00650476155977945,0.0,0.0,0,alert,img_h_810.jpg
0.2929434314441325,0.10645333253420666,0.0,0.0,0,alert,image_750 (2).jpg
0.3127723240588317,0.0,0.0,0.0,0,alert,img_i_10034.jpg
0.31525001117506846,0.0,0.0,0.0,0,alert,image_12702.jpg
0.3187182921563301,0.0,0.0,0.0,0,alert,image_11223.jpg
0.2937670084928893,0.0,0.0,0.0,0,alert,img_h_6330 - Copy.jpg
0.286888635237354,0.0,0.0,0.0,0,alert,img_f_17690.jpg
0.2630822742547731,0.2571166184185828,0.0,0.0,0,alert,image_1440 (5).jpg
0.2919516915708631,0.008474576199367999,0.0,0.0,0,alert,image__2581.jpg
0.3043071447094713,0.0,0.0,0.0,0,alert,img_i_15602.jpg
0.25062914215726706,0.012484404080112711,0.0,0.0,0,alert,img_c_12122.jpg
0.2853759915312307,0.006622480228597134,0.0,0.0,0,alert,img_k_16200.jpg
0.25606625806639033,0.0,0.0,0.0,0,alert,img_c_12644.jpg
0.3094022452615127,0.0,0.0,0.0,0,alert,image_15051.jpg
0.3343228452580542,0.0,0.0,0.0,0,alert,image_8845.jpg
0.32553529367778467,0.0,0.0,0.0,0,alert,img_i_8410.jpg
0.2660284774890007,0.006787034983200482,0.0,0.0,0,alert,image_1102 (3).jpg
0.2793660860275189,0.004703760420627617,0.0,0.0,0,alert,image__1711.jpg
0.307901505924401,0.010866997586516148,0.0,0.0,0,alert,image_3045.jpg
0.2822924376824238,0.004729150048567969,0.0,0.0,0,alert,img_k_15090.jpg
0.3184550852824393,0.004685781455213785,0.0,0.0,0,alert,img_k_3270.jpg
0.2959300022805854,0.0,0.0,0.0,0,alert,img_f_10672.jpg
0.29543233974755717,0.11053914174596995,0.0,0.0,0,alert,img_k_7770.jpg
0.2622849493374365,0.0,0.0,0.0,0,alert,image_0216.jpg
0.2423776872249631,0.11111110864197538,0.0,0.0,0,alert,image_1350 (2).jpg
0.27891559899257234,0.0,0.0,0.0,0,alert,img_f_18560.jpg
0.30217826827212163,0.010863790752714077,0.0,0.0,0,alert,image_5104 (2).jpg
0.2753429329664725,0.007894600101597978,0.0,0.0,0,alert,img_i_87.jpg
0.26900103604100223,0.0,0.0,0.0,0,alert,img_f_16559.jpg
0.33275579375569614,0.010983044164139966,0.0,0.0,0,alert,img_e_600.jpg
0.24742292952687528,0.0,0.0,0.0,0,alert,image_0202.jpg
0.31476163391431283,0.0,0.0,0.0,0,alert,img_j_2146.jpg
0.32599461611576264,0.0,0.0,0.0,0,alert,image__3451 (2).jpg
0.26366244791326343,0.1324474258591114,0.0,0.0,0,alert,img_h_9120.jpg
0.291491229914077,0.009671885426052636,0.0,0.0,0,alert,img_h_5460 - Copy.jpg
0.2976910072339096,0.007969202691902154,0.0,0.0,0,alert,img_e_16182.jpg
0.3083331284231791,0.0,0.0,0.0,0,alert,image_5597.jpg
0.29915764661241795,0.007578324106834823,0.0,0.0,0,alert,img_k_17730.jpg
0.3288965969492068,0.014728195245111726,0.0,0.0,0,alert,img_e_3090.jpg
0.3285882879562343,0.010414406732457965,0.0,0.0,0,alert,image_0389.jpg
0.31541638454049764,0.0,0.0,0.0,0,alert,img_i_14326.jpg
0.3119830054608689,0.0,0.0,0.0,0,alert,image_2130 (2).jpg
0.26375804333590847,0.006300783164825766,0.0,0.0,0,alert,img_h_4410.jpg
0.2829151227177969,0.0,0.0,0.0,0,alert,image_16410.jpg
0.28925755703875117,0.003140170168737087,0.0,0.0,0,alert,img_k_13230.jpg
0.2739134859089146,0.0,0.0,0.0,0,alert,img_c_1392.jpg
0.3116926985619879,0.0,0.0,0.0,0,alert,img_i_15776.jpg
0.25063587327314996,0.0,0.0,0.0,0,alert,img_h_12330.jpg
0.248433601254313,0.0,0.0,0.0,0,alert,img_h_5040.jpg
0.2860678669318042,0.004988229178805003,0.0,0.0,0,alert,img_k_12660.jpg
0.32993252895853464,0.044433473583126964,0.0,0.0,0,alert,image_1170 (3).jpg
0.2612873053811423,0.006598109209258364,0.0,0.0,0,alert,img_h_780.jpg
0.28056988922004844,0.0,0.0,0.0,0,alert,image_360.jpg
0.2815646329275351,0.0067505188283784635,0.0,0.0,0,alert,image__1856.jpg
0.2428843487984162,0.0,0.0,0.0,0,alert,img_e_87.jpg
0.35784835604382537,0.010628679043234593,0.0,0.0,0,alert,img_e_1650.jpg
0.26328173482927036,0.0,0.0,0.0,0,alert,img_f_3799.jpg
0.27943637028092294,0.003340280908927909,0.0,0.0,0,alert,img_k_870.jpg
0.28520900999468146,0.011048206210374095,0.0,0.0,0,alert,image_570 (3).jpg
0.35157381283719147,0.011201362042994052,0.0,0.0,0,alert,image_0438.jpg
0.29592620660203794,0.010877278604990874,0.0,0.0,0,alert,image_8070.jpg
0.3145262265253307,0.0,0.0,0.0,0,alert,image_1769 (2).jpg
0.3044175771322858,0.008620369269878008,0.0,0.0,0,alert,image__2378.jpg
0.33926735173928957,0.015198691589576612,0.0,0.0,0,alert,img_e_990.jpg
0.32143526265651823,0.0,0.0,0.0,0,alert,img_h_1740 - Copy.jpg
0.2996655457058097,0.0,0.0,0.0,0,alert,image_0404.jpg
0.3297133544846794,0.01229704422327856,0.0,0.0,0,alert,image__2436.jpg
0.2673935940792427,0.1096693177472713,0.0,0.0,0,alert,image_5568.jpg
0.30337093908553964,0.010447033875937404,0.0,0.0,0,alert,img_j_493.jpg
0.30222238655459377,0.010750202460471602,0.0,0.0,0,alert,image_1044 (2).jpg
0.26056768959822274,0.006397126503411075,0.0,0.0,0,alert,img_h_7680.jpg
0.3439628196625146,0.0,0.0,0.0,0,alert,image_0410.jpg
0.30178988904937554,0.004580966897981652,0.0,0.0,0,alert,img_k_6240.jpg
0.25899566633921345,0.09670699124945688,0.0,0.0,0,alert,image_6061.jpg
0.2672372064802833,0.011969397362423341,0.0,0.0,0,alert,img_e_15312.jpg
0.2698951540290404,0.0,0.0,0.0,0,alert,img_f_29.jpg
0.3303042935217111,0.0,0.0,0.0,0,alert,image__2813.jpg
0.3083389736401143,0.0046967253361703196,0.0,0.0,0,alert,img_k_13740.jpg
0.26928358577861145,0.010480545154635207,0.0,0.0,0,alert,image__493.jpg
0.302485895338107,0.006438227758345728,0.0,0.0,0,alert,img_i_16733.jpg
0.3192055180790162,0.0,0.0,0.0,0,alert,image_638.jpg
0.26344425986400555,0.0,0.0,0.0,0,alert,img_h_9450.jpg
0.32058799001005356,0.007719533886071557,0.0,0.0,0,alert,img_j_2581.jpg
0.31985577452551994,0.0,0.0,0.0,0,alert,image_14993.jpg
0.2718687088489546,0.0,0.0,0.0,0,alert,img_f_16820.jpg
0.2995958759453024,0.0,0.0,0.0,0,alert,image_9193.jpg
0.2730710502597954,0.08932638723268115,0.0,0.0,0,alert,image_5742.jpg
0.30467338212054285,0.007883552688838573,0.0,0.0,0,alert,img_j_1711.jpg
0.2885595171228975,0.009665106885591053,0.0,0.0,0,alert,img_j_4669.jpg
0.3093644221545333,0.0,0.0,0.0,0,alert,image_7627.jpg
0.29909393284598673,0.0,0.0,0.0,0,alert,img_i_13688.jpg
0.34139679762921893,0.010866997586516148,0.0,0.0,0,alert,img_e_1320.jpg
0.28038761328397266,0.004773990336490261,0.0,0.0,0,alert,img_k_3660.jpg
0.3314875843863274,0.008620689580856124,0.0,0.0,0,alert,image__1392 (2).jpg
0.3081547947606268,0.01098635779946758,0.0,0.0,0,alert,image_2987.jpg
0.2914999996034999,0.0,0.0,0.0,0,alert,img_h_60 - Copy.jpg
0.2636909104481864,0.0,0.0,0.0,0,alert,img_e_15892.jpg
0.30102554061434145,0.0,0.0,0.0,0,alert,image_1530.jpg
0.24224104934077112,0.0,0.0,0.0,0,alert,img_h_14580.jpg
0.3145908320380504,0.0,0.0,0.0,0,alert,img_i_7482.jpg
0.2592436359056424,0.013408030373192178,0.0,0.0,0,alert,img_h_10080.jpg
0.3469917156731268,0.006964288108615501,0.0,0.0,0,alert,img_i_3828.jpg
0.25701015685137113,0.07839747017011021,0.0,0.0,0,alert,image_0174.jpg
0.3181886775559406,0.008471838687491821,0.0,0.0,0,alert,image__2146.jpg
0.21788894303810202,0.013322679272130074,0.0,0.0,0,alert,img_c_7250.jpg
0.29943653863920966,0.0103005239463913,0.0,0.0,0,alert,img_e_210.jpg
0.3055775326039064,0.0,0.0,0.0,0,alert,image_11194.jpg
0.26358576394446653,0.23389532702224972,0.0,0.0,0,alert,image_0162.jpg
0.2689768193981955,0.08631083486695293,0.0,0.0,0,alert,img_k_480.jpg
0.30585928212093,0.007690260203281387,0.0,0.0,0,alert,img_a_150.jpg
0.372539084466402,0.0,0.0,0.0,0,alert,image_0176.jpg
0.2512192754862223,0.009121111471066489,0.0,0.0,0,alert,img_h_3180.jpg
0.2994533123673063,0.008230522299760186,0.0,0.0,0,alert,img_f_17255.jpg
0.2489824827663486,0.0,0.0,0.0,0,alert,img_h_1740.jpg
0.26429755640087305,0.0,0.0,0.0,0,alert,image_174.jpg
0.31368435059234634,0.0,0.0,0.0,0,alert,img_i_3625.jpg
0.31954466389123903,0.0,0.0,0.0,0,alert,image_15457.jpg
0.29521194766294157,0.0032423812386377184,0.0,0.0,0,alert,img_k_4680.jpg
0.2859328610643249,0.003429870814015928,0.0,0.0,0,alert,img_k_1920.jpg
0.2768504521320434,0.0,0.0,0.0,0,alert,img_f_7714.jpg
0.3516396778822435,0.0,0.0,0.0,0,alert,img_i_1740.jpg
0.23445777323115402,0.004890545658925054,0.0,0.0,0,alert,img_k_8910.jpg
0.278497681785039,0.007266628213870869,0.0,0.0,0,alert,img_f_4553.jpg
0.29411838274919466,0.0,0.0,0.0,0,alert,img_i_4176.jpg
0.29529020431474906,0.008250667747379545,0.0,0.0,0,alert,img_f_9077.jpg
0.22645432272740912,0.0,0.0,0.0,0,alert,image_0 (9).jpg
0.300625249532024,0.0,0.0,0.0,0,alert,image_14761.jpg
0.2599814735663312,0.22407022746053015,0.0,0.0,0,alert,image_810 (4).jpg
0.3446593932084798,0.15245480291341063,0.0,0.0,0,alert,image_1380 (5).jpg
0.3665305558747668,0.20791440804206082,0.0,0.0,0,alert,image_0189.jpg
0.3166741444281381,0.0,0.0,0.0,0,alert,img_i_8758.jpg
0.25886845077581294,0.0,0.0,0.0,0,alert,img_h_13560.jpg
0.3140972038036287,0.0,0.0,0.0,0,alert,img_i_12557.jpg
0.32055886861158966,0.0,0.0,0.0,0,alert,img_i_13891.jpg
0.3021589400044472,0.008091663624977142,0.0,0.0,0,alert,img_f_11803.jpg
0.26617386109799335,0.017231137622977333,0.0,0.0,0,alert,image_3480.jpg
0.26323745729278014,0.0063808270689022315,0.0,0.0,0,alert,img_h_11820.jpg
0.30816671325726525,0.0,0.0,0.0,0,alert,img_i_10817.jpg
0.34673463105549196,0.0,0.0,0.0,0,alert,img_i_1595.jpg
0.3155279893941997,0.01122250339202457,0.0,0.0,0,alert,img_a_420.jpg
0.307196053925176,0.2409851823750531,0.0,0.0,0,alert,image_0406.jpg
0.27506381226117643,0.00844430759731173,0.0,0.0,0,alert,img_f_13543.jpg
0.3210186447977743,0.010868923050453842,0.0,0.0,0,alert,image_17081.jpg
0.25981917950979116,0.012642032923487357,0.0,0.0,0,alert,img_c_928.jpg
0.271087748860609,0.007683356541224505,0.0,0.0,0,alert,img_k_15870.jpg
0.31394016533154934,0.0,0.0,0.0,0,alert,image_4988 (2).jpg
0.2582887288881335,0.006466703743834671,0.0,0.0,0,alert,img_h_18810.jpg
0.2741880559191553,0.0,0.0,0.0,0,alert,image_1230 (3).jpg
0.269636232636522,0.2044195146685731,0.0,0.0,0,alert,image_480 (7).jpg
0.32048072565418706,0.006980048078876689,0.0,0.0,0,alert,img_j_2030.jpg
0.33031731185566415,0.0,0.0,0.0,0,alert,image_0412.jpg
0.26418600561035294,0.0,0.0,0.0,0,alert,img_c_1421.jpg
0.3455458863193256,0.0,0.0,0.0,0,alert,img_i_2088.jpg
0.28716842258310094,0.0,0.0,0.0,0,alert,img_f_8816.jpg
0.24310336009438555,0.008455166895609106,0.0,0.0,0,alert,img_f_14210.jpg
0.29821308828294757,0.007998976132582446,0.0,0.0,0,alert,img_e_3045.jpg
0.2832134174819444,0.0,0.0,0.0,0,alert,img_f_17719.jpg
0.3151432040813114,0.0,0.0,0.0,0,alert,image_8700.jpg
0.31142648217181834,0.0,0.0,0.0,0,alert,img_e_986.jpg
0.2505169369977184,0.0,0.0,0.0,0,alert,img_h_14970.jpg
0.2980974038959221,0.008450033675986597,0.0,0.0,0,alert,img_f_11397.jpg
0.26100445801353733,0.1372548992695118,0.0,0.0,0,alert,image_1530 (4).jpg
0.25601886856514233,0.0,0.0,0.0,0,alert,img_h_5730.jpg
0.27433646621386976,0.0,0.0,0.0,0,alert,img_f_3016.jpg
0.25615631933260324,0.006433962088761918,0.0,0.0,0,alert,img_h_16140.jpg
0.2842192988476552,0.0,0.0,0.0,0,alert,img_i_16269.jpg
0.2424262166077962,0.0,0.0,0.0,0,alert,img_h_1230.jpg
0.2630886140928377,0.0,0.0,0.0,0,alert,img_f_3770.jpg
0.3076049961908498,0.0,0.0,0.0,0,alert,img_k_16410.jpg
0.33016561504505937,0.006779544116880591,0.0,0.0,0,alert,img_i_13311.jpg
0.3453751224231577,0.0,0.0,0.0,0,alert,image_630 (3).jpg
0.29267645589118607,0.117624447300755,0.0,0.0,0,alert,image_1080 (7).jpg
0.29029710771778533,0.004906206728058193,0.0,0.0,0,alert,img_k_17040.jpg
0.33074849627155106,0.0071629855876003115,0.0,0.0,0,alert,img_i_1218.jpg
0.30709815685169756,0.0,0.0,0.0,0,alert,image_10063.jpg
0.2954419567273064,0.0,0.0,0.0,0,alert,img_i_14442.jpg
0.32553401497533774,0.0,0.0,0.0,0,alert,img_h_1110 - Copy.jpg
0.2611448981521954,0.004520261695832255,0.0,0.0,0,alert,image__11252.jpg
0.24853919223089127,0.010638297759167045,0.0,0.0,0,alert,image_0214.jpg
0.3515512306023518,0.007450869763230809,0.0,0.0,0,alert,img_j_6322.jpg
0.32937754254473317,0.0,0.0,0.0,0,alert,img_i_2842.jpg
0.2540468846936687,0.0,0.0,0.0,0,alert,image_0200.jpg
0.3239230138929142,0.0,0.0,0.0,0,alert,img_k_6450.jpg
0.3008165378244898,0.00668332141835558,0.0,0.0,0,alert,img_j_0.jpg
0.2961086702218727,0.008112939316888525,0.0,0.0,0,alert,img_a_540.jpg
0.30026151525206013,0.010868923050453842,0.0,0.0,0,alert,image_7221.jpg
0.2831861362229948,0.07692307544378701,0.0,0.0,0,alert,image_1650.jpg
0.2683990823175648,0.0,0.0,0.0,0,alert,image_0228.jpg
0.26966369575704885,0.0066570578068161634,0.0,0.0,0,alert,img_h_18780.jpg
0.2501367613403303,0.0,0.0,0.0,0,alert,img_e_16037.jpg
0.2768665740151939,0.2548529691516358,0.0,0.0,0,alert,image_180 (8).jpg
0.2854398660689645,0.008544200191180242,0.0,0.0,0,alert,img_h_3060 - Copy.jpg
0.2714032248248791,0.0,0.0,0.0,0,alert,img_h_16020.jpg
0.2715661863740795,0.04627549217595879,0.0,0.0,0,alert,img_h_1350.jpg
0.28551084620342926,0.0031992015686815307,0.0,0.0,0,alert,img_k_4290.jpg
0.34691243241784553,0.034473650258559675,0.0,0.0,0,alert,img_e_3870.jpg
0.290780934424408,0.0,0.0,0.0,0,alert,img_h_2640 - Copy.jpg
0.2564272833826699,0.0,0.0,0.0,0,alert,image_570.jpg
0.32349895733267087,0.0,0.0,0.0,0,alert,img_i_7047.jpg
0.32813770301256595,0.0,0.0,0.0,0,alert,img_i_2117.jpg
0.26781266279853555,0.007441992426779276,0.0,0.0,0,alert,img_f_6032.jpg
0.33930943113034556,0.06377207358159466,0.0,0.0,0,alert,image_1890 (4).jpg
0.28494536962065137,0.0,0.0,0.0,0,alert,img_a_1260.jpg
0.2770585866937406,0.0,0.0,0.0,0,alert,image_16200.jpg
0.3079478722253135,0.19648383358201577,0.0,0.0,0,alert,image_2040 (3).jpg
0.25305508749443306,0.006376804052996962,0.0,0.0,0,alert,img_h_4200.jpg
0.25926682502571885,0.006358215758841365,0.0,0.0,0,alert,img_h_13170.jpg
0.2819437491388943,0.07362101602821751,0.0,0.0,0,alert,image_3090.jpg
0.28902921425598804,0.0,0.0,0.0,0,alert,img_f_5249.jpg
0.31853422263310127,0.0,0.0,0.0,0,alert,image_6467.jpg
0.2923258427720833,0.007706136401090156,0.0,0.0,0,alert,img_k_6120.jpg
0.31937259651881333,0.015539869950658756,0.0,0.0,0,alert,image_10498.jpg
0.2747287442968769,0.19148935762788602,0.0,0.0,0,alert,image_1920 (2).jpg
0.23105075024568128,0.0,0.0,0.0,0,alert,img_c_14790.jpg
0.2646614645296487,0.010718045841145638,0.0,0.0,0,alert,image__2030.jpg
0.27021459749283894,0.004077524913615818,0.0,0.0,0,alert,image_1334.jpg
0.3209949261186047,0.0,0.0,0.0,0,alert,img_i_10585.jpg
0.28707624391243614,0.012330652925613746,0.0,0.0,0,alert,img_c_2262.jpg
0.3563201127785804,0.0,0.0,0.0,0,alert,img_e_1530.jpg
0.3203209491073659,0.0035708592706255524,0.0,0.0,0,alert,img_k_11790.jpg
0.2837337464729722,0.0,0.0,0.0,0,alert,image_1320.jpg
0.3117492225218288,0.0,0.0,0.0,0,alert,image_16994.jpg
0.2528114177264142,0.006530927739906085,0.0,0.0,0,alert,img_h_8610.jpg
0.3077476147488435,0.0,0.0,0.0,0,alert,img_a_795.jpg
0.31348413382998885,0.0,0.0,0.0,0,alert,image_11745.jpg
0.3313068982770947,0.0,0.0,0.0,0,alert,img_i_5452.jpg
0.23592050144394405,0.0,0.0,0.0,0,alert,img_e_9193.jpg
0.3016262813298782,0.009443632671910576,0.0,0.0,0,alert,img_i_10208.jpg
0.2616506911305032,0.0,0.0,0.0,0,alert,img_h_1620.jpg
0.23549991724763963,0.0,0.0,0.0,0,alert,img_h_4980.jpg
0.30275186553862754,0.0,0.0,0.0,0,alert,img_i_15370.jpg
0.26958105678805555,0.0,0.0,0.0,0,alert,img_h_7440 - Copy.jpg
0.32500123602589137,0.00682995737109041,0.0,0.0,0,alert,img_i_4002.jpg
0.3203607025778903,0.0,0.0,0.0,0,alert,image_5191.jpg
0.33343828379544205,0.0065471446415927715,0.0,0.0,0,alert,img_i_11658.jpg
0.2540745947113728,0.0,0.0,0.0,0,alert,img_h_17100.jpg
0.31856864996860734,0.0,0.0,0.0,0,alert,img_i_7279.jpg
0.3008523952399288,0.0,0.0,0.0,0,alert,img_f_11977.jpg
0.2574826332763346,0.006369297512416869,0.0,0.0,0,alert,img_h_9240.jpg
0.2777725906158598,0.0063755079282630835,0.0,0.0,0,alert,img_h_18540.jpg
0.30648614711116207,0.01075268805642271,0.0,0.0,0,alert,image_5017 (2).jpg
0.29663129747309414,0.04407670590662464,0.0,0.0,0,alert,image__9831.jpg
0.30897103876880927,0.0,0.0,0.0,0,alert,img_a_780.jpg
0.2625245971327441,0.006454299914122152,0.0,0.0,0,alert,img_h_3750.jpg
0.3112530774383967,0.0033849331311454757,0.0,0.0,0,alert,img_k_6690.jpg
0.2245801019390832,0.0,0.0,0.0,0,alert,img_c_7482.jpg
0.28193776059347253,0.00810840419109578,0.0,0.0,0,alert,img_e_7801.jpg
0.2613804996313961,0.0,0.0,0.0,0,alert,img_c_3828.jpg
0.25715150612624593,0.14701538650804788,0.0,0.0,0,alert,image_360 (2).jpg
0.31177732798325297,0.006944109522470997,0.0,0.0,0,alert,img_i_7250.jpg
0.2625478294478275,0.006368264206525602,0.0,0.0,0,alert,img_h_19110.jpg
0.2697659850412757,0.007756180524263667,0.0,0.0,0,alert,img_k_5400.jpg
0.30517416494658606,0.0,0.0,0.0,0,alert,image_11977.jpg
0.317540193626866,0.012189684472640114,0.0,0.0,0,alert,image__1769 (2).jpg
0.3263213169490651,0.009170838989762141,0.0,0.0,0,alert,img_b_870.jpg
0.27918988985490706,0.014072032803909992,0.0,0.0,0,alert,img_k_8130.jpg
0.272699110486307,0.0072066573774810655,0.0,0.0,0,alert,image__1276.jpg
0.25362358757035053,0.1694671825609642,0.0,0.0,0,alert,image_1770 (2).jpg
0.26693400796640715,0.0,0.0,0.0,0,alert,img_h_5490.jpg
0.2828136334969097,0.0045977618795199696,0.0,0.0,0,alert,img_k_4050.jpg
0.29651420791661437,0.0,0.0,0.0,0,alert,img_f_11745.jpg
0.31165935109999243,0.0,0.0,0.0,0,alert,img_f_16994.jpg
0.3302324506698228,0.0,0.0,0.0,0,alert,img_e_2010.jpg
0.31389477598253523,0.0,0.0,0.0,0,alert,img_i_14906.jpg
0.24909929608720732,0.006399614969786011,0.0,0.0,0,alert,img_h_2670.jpg
0.295965869642942,0.0,0.0,0.0,0,alert,img_h_5610 - Copy.jpg
0.2602853814508044,0.006130817179711793,0.0,0.0,0,alert,img_h_18030.jpg
0.29006269050601385,0.00819231913807631,0.0,0.0,0,alert,img_a_1275.jpg
0.2775719712501965,0.004760987183701395,0.0,0.0,0,alert,img_k_720.jpg
0.2594862927897671,0.0,0.0,0.0,0,alert,img_h_2880.jpg
0.3011518053127964,0.005579544024925809,0.0,0.0,0,alert,img_i_15167.jpg
0.29451745562065723,0.00412870793751564,0.0,0.0,0,alert,image_203.jpg
0.24107754690415037,0.010637695824199184,0.0,0.0,0,alert,image_1392 (2).jpg
0.2814826590444347,0.0,0.0,0.0,0,alert,img_h_2850 - Copy.jpg
0.2626051122925419,0.08856365345342113,0.0,0.0,0,alert,image_5423.jpg
0.3001473987650054,0.003449301359744015,0.0,0.0,0,alert,img_k_12930.jpg
0.2856987932759304,0.005066230566157055,0.0,0.0,0,alert,img_k_1470.jpg
0.25433046455569985,0.09488040046404767,0.0,0.0,0,alert,image_812 (3).jpg
0.2757562628948833,0.0,0.0,0.0,0,alert,image_0229.jpg
0.2922443630560132,0.1876385952366382,0.0,0.0,0,alert,image_2190 (2).jpg
0.27603767927463696,0.0,0.0,0.0,0,alert,image_0201.jpg
0.2586735903275736,0.033404787287235296,0.0,0.0,0,alert,img_h_13830.jpg
0.3588829424721498,0.0,0.0,0.0,0,alert,img_i_1392.jpg
0.3098513808907435,0.010868923050453842,0.0,0.0,0,alert,image_6670.jpg
0.331798626844225,0.011984430252680275,0.0,0.0,0,alert,image__2233.jpg
0.28821419280548066,0.11990411265044865,0.0,0.0,0,alert,image_2370.jpg
0.2777308247440422,0.012058699815117781,0.0,0.0,0,alert,img_f_8787.jpg
0.26783919097856235,0.00810840419109578,0.0,0.0,0,alert,img_a_555.jpg
0.2111537738435615,0.0,0.0,0.0,0,alert,img_c_14587.jpg
0.31356632478343893,0.0,0.0,0.0,0,alert,img_i_10962.jpg
0.3022540301838673,0.0,0.0,0.0,0,alert,img_h_1530 - Copy.jpg
0.2543081767112586,0.010978410107798845,0.0,0.0,0,alert,image_0215.jpg
0.266674956017841,0.012536782766442644,0.0,0.0,0,alert,image_3683.jpg
0.26521629064351815,0.006413155804729664,0.0,0.0,0,alert,img_h_18150.jpg
0.26517942437111297,0.007983666096723848,0.0,0.0,0,alert,img_f_9512.jpg
0.2997658050763599,0.0,0.0,0.0,0,alert,img_i_16240.jpg
0.29269451420632714,0.004806303836254978,0.0,0.0,0,alert,img_k_2970.jpg
0.24588432068060717,0.006284834943876187,0.0,0.0,0,alert,img_h_11160.jpg
0.2960392206004713,0.0035819293176835567,0.0,0.0,0,alert,img_k_11430.jpg
0.2819118215033344,0.007441992426779276,0.0,0.0,0,alert,img_f_4988.jpg
0.3059942908534727,0.0,0.0,0.0,0,alert,image_17719.jpg
0.2575018000750278,0.0,0.0,0.0,0,alert,image_1080.jpg
0.30850527087229285,0.010752066495802473,0.0,0.0,0,alert,image_8932.jpg
0.30349293585801407,0.007152717120564966,0.0,0.0,0,alert,img_j_5945.jpg
0.34582125948510706,0.2858618691159947,0.0,0.0,0,alert,image_540 (6).jpg
0.3417684677230266,0.0,0.0,0.0,0,alert,img_a_390.jpg
0.3096021521575828,0.0,0.0,0.0,0,alert,image_11426.jpg
0.3521720813514331,0.0,0.0,0.0,0,alert,img_e_1860.jpg
0.2519718629948851,0.009163905124162174,0.0,0.0,0,alert,img_h_10530.jpg
0.3185114488901829,0.0,0.0,0.0,0,alert,img_i_11513.jpg
0.3352513009839754,0.03762883402737931,0.0,0.0,0,alert,image_870 (3).jpg
0.23915860369482012,0.00869433736408755,0.0,0.0,0,alert,img_f_12847.jpg
0.2815001174615579,0.0,0.0,0.0,0,alert,image_377.jpg
0.30526421752883687,0.0,0.0,0.0,0,alert,img_f_17081.jpg
0.2521914337353064,0.0,0.0,0.0,0,alert,img_h_16800.jpg
0.29772337739708343,0.003135736218112483,0.0,0.0,0,alert,img_k_5010.jpg
0.2874067196391801,0.0,0.0,0.0,0,alert,img_f_1827.jpg
0.3251179854914214,0.0,0.0,0.0,0,alert,img_i_9686.jpg
0.2764960027922245,0.0,0.0,0.0,0,alert,img_e_90.jpg
0.34861330830308723,0.19716488877346072,0.0,0.0,0,alert,image_270 (8).jpg
0.30429177234190574,0.008250667747379545,0.0,0.0,0,alert,img_f_10063.jpg
0.2988495118519021,0.0,0.0,0.0,0,alert,image_3132.jpg
0.3435391295957876,0.0,0.0,0.0,0,alert,img_i_5916.jpg
0.29295979431601177,0.0,0.0,0.0,0,alert,image_30.jpg
0.26761000117831946,0.0,0.0,0.0,0,alert,image_3654.jpg
0.32733555274521065,0.0,0.0,0.0,0,alert,image_8729.jpg
0.25629393908430326,0.0,0.0,0.0,0,alert,img_e_9541.jpg
0.2434502748838738,0.0,0.0,0.0,0,alert,image_2204.jpg
0.3176312492534209,0.0,0.0,0.0,0,alert,image_0413.jpg
0.3318202920188292,0.0,0.0,0.0,0,alert,img_a_435.jpg
0.3016021917023365,0.0,0.0,0.0,0,alert,image__11455.jpg
0.3209050804740905,0.0,0.0,0.0,0,alert,image_0407.jpg
0.2591661099422075,0.0072986478882151925,0.0,0.0,0,alert,img_k_4440.jpg
0.364365086918619,0.010752066495802473,0.0,0.0,0,alert,img_e_2400.jpg
0.31244825645047825,0.0,0.0,0.0,0,alert,image_11397.jpg
0.2606582663541355,0.006462921097408037,0.0,0.0,0,alert,img_h_13950.jpg
0.2668081769827514,0.011857383235157571,0.0,0.0,0,alert,img_f_13224.jpg
0.28527994176521065,0.00810840419109578,0.0,0.0,0,alert,img_a_810.jpg
0.3197991836966463,0.0035537042381211473,0.0,0.0,0,alert,img_k_6900.jpg
0.34278335685936895,0.1928185549494351,0.0,0.0,0,alert,image_0188.jpg
0.2709542609995269,0.009053574546292282,0.0,0.0,0,alert,img_h_18420.jpg
0.28195562429854165,0.008066614832020685,0.0,0.0,0,alert,img_f_4234.jpg
0.3264613727126039,0.006605014008391008,0.0,0.0,0,alert,img_i_4611.jpg
0.34212906323133496,0.0,0.0,0.0,0,alert,img_i_1769.jpg
0.33220058878498815,0.008770580116147217,0.0,0.0,0,alert,img_a_1665.jpg
0.31731730095933275,0.0,0.0,0.0,0,alert,image_17255.jpg
0.23721434683812548,0.1344221212316733,0.0,0.0,0,alert,image_1305 (3).jpg
0.27076136297784514,0.003423934775266174,0.0,0.0,0,alert,img_k_330.jpg
0.24044635856907226,0.0,0.0,0.0,0,alert,img_h_3630.jpg
0.2764671210405271,0.0,0.0,0.0,0,alert,img_j_13456.jpg
0.31563154366587043,0.0,0.0,0.0,0,alert,img_i_9309.jpg
0.30571312208823487,0.008304547916408481,0.0,0.0,0,alert,img_f_11194.jpg
0.24453681448457146,0.0,0.0,0.0,0,alert,img_f_3567.jpg
0.3129783490150768,0.0,0.0,0.0,0,alert,img_i_16095.jpg
0.32502270996950866,0.0,0.0,0.0,0,alert,image_11803.jpg
0.26974060713066367,0.011850304324119133,0.0,0.0,0,alert,img_f_14007.jpg
0.287946837983547,0.0,0.0,0.0,0,alert,img_f_14761.jpg
0.3234181526404212,0.0,0.0,0.0,0,alert,img_i_10382.jpg
0.2754464700318198,0.0,0.0,0.0,0,alert,img_c_2465.jpg
0.24711685391033805,0.0,0.0,0.0,0,alert,img_h_12870.jpg
0.3004014945126634,0.0,0.0,0.0,0,alert,img_i_1972.jpg
0.3123619616373557,0.0,0.0,0.0,0,alert,image_8265.jpg
0.2914553370509968,0.0,0.0,0.0,0,alert,img_f_87 (2).jpg
0.2587124401729869,0.0,0.0,0.0,0,alert,img_h_16380.jpg
0.28841173083288174,0.19216560681325986,0.0,0.0,0,alert,image_2760.jpg
0.29089113409555045,0.0,0.0,0.0,0,alert,img_d_16733.jpg
0.30633167435974484,0.2284499734333267,0.0,0.0,0,alert,image_0177.jpg
0.30741223601755396,0.0,0.0,0.0,0,alert,img_j_2233.jpg
0.24524362172986103,0.0,0.0,0.0,0,alert,img_f_15457.jpg
0.3003569157049305,0.0,0.0,0.0,0,alert,image_5075 (2).jpg
0.25134849516792745,0.0,0.0,0.0,1,drowsy,img_g_13470.jpg
0.2196877400140703,0.1968299317857425,0.0,0.0,1,drowsy,63.jpg
0.15942579630284692,0.0057657721065589385,1.0,0.0,1,drowsy,image_11832.jpg
0.23876649740604544,0.0,0.0,0.0,1,drowsy,img_f_14036.jpg
0.24045983319068387,0.0,0.0,0.0,1,drowsy,img_d_3277.jpg
0.19201002906144038,0.006480811945730895,1.0,0.0,1,drowsy,img_g_870.jpg
0.22424585851568526,0.0,0.0,0.0,1,drowsy,img_c_17487.jpg
0.23700337656035758,0.051997701886410716,0.0,0.0,1,drowsy,image_8526.jpg
0.09828916046234619,0.008803144262965237,1.0,0.0,1,drowsy,image_16907 (2).jpg
0.24196251695255075,0.0,0.0,0.0,1,drowsy,img_f_16153.jpg
0.19927085142528062,0.0,1.0,0.0,1,drowsy,img_f_18618.jpg
0.22541430546014046,0.008236382806288,0.0,0.0,1,drowsy,img_f_20387.jpg
0.23683094051990233,0.06762563454370543,0.0,0.0,1,drowsy,img_g_9090.jpg
0.055223478493309,0.4119146729188307,1.0,0.0,1,drowsy,77.jpg
0.23263089600423537,0.008298255074508527,0.0,0.0,1,drowsy,img_f_7917.jpg
0.27318022502607753,0.0,0.0,0.0,1,drowsy,img_f_11049 (2).jpg
0.19641432889141827,0.013678111488444708,1.0,0.0,1,drowsy,img_d_4524.jpg
0.2395995532622741,0.004520815966455862,0.0,0.0,1,drowsy,image__13717.jpg
0.1575953183230101,0.00837384670815618,1.0,0.0,1,drowsy,image__7018.jpg
0.21523313811513817,0.011903918261310683,0.0,0.0,1,drowsy,img_c_5307.jpg
0.07636476600300512,0.008169323877789299,1.0,0.0,1,drowsy,img_f_11600.jpg
0.10147610609605837,0.0,1.0,0.0,1,drowsy,img_d_13108.jpg
0.24202576644152357,0.11881191516134114,0.0,0.0,1,drowsy,image_11629.jpg
0.17097191336518647,0.011560500416642524,1.0,0.0,1,drowsy,img_e_15863.jpg
0.10684251815948483,0.009314928617848665,1.0,0.0,1,drowsy,image__15399.jpg
0.19195430285364745,0.006288437601038982,1.0,0.0,1,drowsy,img_g_6360.jpg
0.27369647115288,0.007561882493054227,0.0,0.0,1,drowsy,img_f_4205.jpg
0.2162802834814619,0.008241695970710049,0.0,0.0,1,drowsy,img_f_13427 (2).jpg
0.23557317141418427,0.0,0.0,0.0,1,drowsy,img_d_6496.jpg
0.04871169382702785,0.008208587158916631,1.0,0.0,1,drowsy,img_f_5133.jpg
0.21607648586728262,0.1805844502860659,0.0,0.0,1,drowsy,image_150.jpg
0.05701902428843481,0.008169051289864466,1.0,0.0,1,drowsy,image_15863 (2).jpg
0.19797449178447846,0.0,1.0,0.0,1,drowsy,img_a_8880.jpg
0.12332371724155439,0.07135767551245277,1.0,0.0,1,drowsy,image_17516.jpg
0.21343274001470974,0.0,0.0,0.0,1,drowsy,img_c_6815.jpg
0.19850027248463709,0.0,1.0,0.0,1,drowsy,img_d_8120.jpg
0.13305204431795856,0.01090927114495955,1.0,0.0,1,drowsy,image_11542 (2).jpg
0.2043584814818328,0.01320254240315315,0.0,0.0,1,drowsy,img_b_5887.jpg
0.16529785580143574,0.0042055989695548275,1.0,0.0,1,drowsy,img_k_3450.jpg
0.16496918539176225,0.0063274665964279135,1.0,0.0,1,drowsy,image__12151.jpg
0.19055633517411916,0.0,1.0,0.0,1,drowsy,img_d_15747.jpg
0.16347359360339242,0.4679666073826429,1.0,0.0,1,drowsy,image_3103.jpg
0.1457172605207483,0.013923999749955908,1.0,0.0,1,drowsy,image__7540.jpg
0.16583098741054098,0.0,1.0,0.0,1,drowsy,img_f_3973.jpg
0.18744458658077517,0.0071712691586080105,1.0,0.0,1,drowsy,img_g_17400.jpg
0.19391523087769377,0.0,1.0,0.0,1,drowsy,img_c_5887.jpg
0.13442791943008675,0.004214871841014195,1.0,0.0,1,drowsy,image__10034.jpg
0.21151297208629022,0.012977167126512961,0.0,0.0,1,drowsy,img_d_6119.jpg
0.18729784228901103,0.0,1.0,0.0,1,drowsy,img_d_14471.jpg
0.22444457638311283,0.1534760508741445,0.0,0.0,1,drowsy,image_29.jpg
0.1608464845901269,0.0,1.0,0.0,1,drowsy,image_7917 (2).jpg
0.1927726280650901,0.0,1.0,0.0,1,drowsy,img_d_9570.jpg
0.20458746175925924,0.01935644987083222,0.0,0.0,1,drowsy,img_d_4901.jpg
0.17104568516122798,0.0773267787179607,1.0,0.0,1,drowsy,image_12644.jpg
0.044736006919563115,0.008169051289864466,1.0,0.0,1,drowsy,image_16037 (2).jpg
0.051801769469360506,0.008131156215701716,1.0,0.0,1,drowsy,img_f_4408 (2).jpg
0.22864059051409666,0.0,0.0,0.0,1,drowsy,img_f_9251.jpg
0.2229434711011467,0.006890818540805979,0.0,0.0,1,drowsy,img_g_2310.jpg
0.08560874745704158,0.0,1.0,0.0,1,drowsy,image_12122.jpg
0.026542102727975105,0.03219113874765027,1.0,0.0,1,drowsy,image_15225 (2).jpg
0.2416376858441734,0.012947763865649376,0.0,0.0,1,drowsy,img_c_4582.jpg
0.2054846810924629,0.009007546901084998,0.0,0.0,1,drowsy,image__16385 (2).jpg
0.24582955816491486,0.010088151965435591,0.0,0.0,1,drowsy,img_h_4350.jpg
0.10917397161306493,0.0,1.0,0.0,1,drowsy,image_13601 (2).jpg
0.20471211888755417,0.0,0.0,0.0,1,drowsy,img_c_9918.jpg
0.23685923752946414,0.05711596402487977,0.0,0.0,1,drowsy,image_8903.jpg
0.23524683850959305,0.0,0.0,0.0,1,drowsy,img_j_12209.jpg
0.24804059409178114,0.007561882493054227,0.0,0.0,1,drowsy,img_j_17371.jpg
0.2810936500399066,0.0,0.0,0.0,1,drowsy,image_1800 (2).jpg
0.18822710497537137,0.15864682266647565,1.0,0.0,1,drowsy,image_390 (3).jpg
0.2808751032661052,0.0,0.0,0.0,1,drowsy,img_h_1200.jpg
0.29360667556162734,0.015532370013069414,0.0,0.0,1,drowsy,img_b_2871.jpg
0.22237750576828946,0.093574690721326,0.0,0.0,1,drowsy,image_6090.jpg
0.04408681242571453,0.008922882548485287,1.0,0.0,1,drowsy,img_f_12876.jpg
0.1742972186988263,0.4623562554582098,1.0,0.0,1,drowsy,image_420.jpg
0.09254484293873264,0.0,1.0,0.0,1,drowsy,img_f_19923.jpg
0.0908132033493683,0.11310033703486802,1.0,0.0,1,drowsy,image_13572.jpg
0.07795405137418167,0.181788133370457,1.0,0.0,1,drowsy,image_930 (4).jpg
0.25196223288460123,0.0,0.0,0.0,1,drowsy,img_e_14610.jpg
0.11536020226434014,0.0,1.0,0.0,1,drowsy,img_d_11455.jpg
0.24505595298566488,0.006824229675718406,0.0,0.0,1,drowsy,img_g_9480.jpg
0.19891782003801586,0.0,1.0,0.0,1,drowsy,img_d_10005.jpg
0.2227785678909435,0.13062855173720847,0.0,0.0,1,drowsy,image_6641.jpg
0.18196332633926052,0.18286192869076914,1.0,0.0,1,drowsy,image_1890.jpg
0.17657122788237217,0.0,1.0,0.0,1,drowsy,img_a_9195.jpg
0.3024443413080514,0.4909573581213882,0.0,0.0,1,drowsy,img_f_17661.jpg
0.11646993312061463,0.0,1.0,0.0,1,drowsy,img_f_19894.jpg
0.18130846238419418,0.012654173162613516,1.0,0.0,1,drowsy,img_c_8555.jpg
0.1926323972973849,0.013139708108038987,1.0,0.0,1,drowsy,img_d_435.jpg
0.1985478010036283,0.0067059745215564005,1.0,0.0,1,drowsy,img_h_13140.jpg
0.1564831130614357,0.0,1.0,0.0,1,drowsy,image_7975 (2).jpg
0.2258943794663277,0.0,0.0,0.0,1,drowsy,img_d_10788.jpg
0.18485686314554503,0.0,1.0,0.0,1,drowsy,img_d_15196.jpg
0.2835934259159401,0.008848171669080168,0.0,0.0,1,drowsy,image__4698.jpg
0.1928640344561912,0.014438269185676714,1.0,0.0,1,drowsy,img_c_18415.jpg
0.15918591834659407,0.0035648641578153997,1.0,0.0,1,drowsy,img_k_9960.jpg
0.1548866053840266,0.11231477845116561,1.0,0.0,1,drowsy,image_9599.jpg
0.10811515433933452,0.02918392867600684,1.0,0.0,1,drowsy,image_14355.jpg
0.2275514139808074,0.009842548221542612,0.0,0.0,1,drowsy,img_g_11850.jpg
0.11492372196827756,0.0065159370674285205,1.0,0.0,1,drowsy,img_g_7320.jpg
0.020372694153737644,0.17294904613193388,1.0,0.0,1,drowsy,image_540.jpg
0.2387352530506952,0.0,0.0,0.0,1,drowsy,image_493 (2).jpg
0.1631624011090052,0.0,1.0,0.0,1,drowsy,image__15979.jpg
0.2160299554268139,0.13988813142552342,0.0,0.0,1,drowsy,image_60 (3).jpg
0.25277349551812983,0.0,0.0,0.0,1,drowsy,img_j_14297.jpg
0.2302567527487887,0.011413115864524506,0.0,0.0,1,drowsy,img_f_10324.jpg
0.12445656911416411,0.011202416309043367,1.0,0.0,1,drowsy,image_15979 (2).jpg
0.03406678108649874,0.0,1.0,0.0,1,drowsy,image_12847 (2).jpg
0.06457307289918704,0.0,1.0,0.0,1,drowsy,img_f_1972 (2).jpg
0.21610144445688606,0.008457510182175795,0.0,0.0,1,drowsy,image__16733.jpg
0.23852118556148622,0.0,0.0,0.0,1,drowsy,img_f_19314.jpg
0.23829110707494805,0.006803980630373733,0.0,0.0,1,drowsy,img_g_17010.jpg
0.20153993366051814,0.0,0.0,0.0,1,drowsy,img_d_17226.jpg
0.16070171247465526,0.0046224522289333705,1.0,0.0,1,drowsy,image__1247.jpg
0.1256288173846306,0.011744404292762103,1.0,0.0,1,drowsy,img_j_7540.jpg
0.04716120945697126,0.008051696757454924,1.0,0.0,1,drowsy,img_e_13369.jpg
0.09950915663884183,0.01291640418689971,1.0,0.0,1,drowsy,img_e_15718.jpg
0.262835900553673,0.00682995737109041,0.0,0.0,1,drowsy,img_g_1590.jpg
0.24352132953720795,0.0,0.0,0.0,1,drowsy,img_g_16440.jpg
0.05084984154447893,0.0,1.0,0.0,1,drowsy,img_e_13427.jpg
0.17820506792808177,0.0,1.0,0.0,1,drowsy,img_f_3393.jpg
0.18876536697566115,0.007807497956792675,1.0,0.0,1,drowsy,img_f_4901 (2).jpg
0.13581429347375257,0.0,1.0,0.0,1,drowsy,img_c_1015.jpg
0.21443598787905258,0.0,0.0,0.0,1,drowsy,image_1410 (4).jpg
0.039826738144794926,0.07002044723594723,1.0,0.0,1,drowsy,image_18792.jpg
0.05274929048752839,0.0,1.0,0.0,1,drowsy,img_e_11542.jpg
0.22152231375718534,0.0,0.0,0.0,1,drowsy,img_f_12296.jpg
0.18166289987002393,0.006780167408604895,1.0,0.0,1,drowsy,img_g_2700.jpg
0.21400234327918355,0.0,0.0,0.0,1,drowsy,img_a_5220.jpg
0.09055826256663432,0.0,1.0,0.0,1,drowsy,img_f_7888.jpg
0.24674213731129646,0.0,0.0,0.0,1,drowsy,img_j_14268.jpg
0.24207261547855968,0.0,0.0,0.0,1,drowsy,img_h_5310.jpg
0.18574491923433836,0.0,1.0,0.0,1,drowsy,img_d_2784.jpg
0.255929855621226,0.0,0.0,0.0,1,drowsy,img_e_7830.jpg
0.19118463840854089,0.1129041188238486,1.0,0.0,1,drowsy,image_7946.jpg
0.1341241165363657,0.012694894708481086,1.0,0.0,1,drowsy,image_16965 (2).jpg
0.2315656517426735,0.1331669774087057,0.0,0.0,1,drowsy,img_e_16588.jpg
0.25452678069600587,0.0,0.0,0.0,1,drowsy,img_g_7650.jpg
0.05252722858690123,0.0,1.0,0.0,1,drowsy,img_f_3422.jpg
0.2484498621462306,0.0,0.0,0.0,1,drowsy,img_g_14280.jpg
0.1871071193751051,0.0,1.0,0.0,1,drowsy,img_d_7830.jpg
0.21655452133561914,0.0,0.0,0.0,1,drowsy,img_d_16878.jpg
0.09059281265615124,0.0,1.0,0.0,1,drowsy,image_16008 (2).jpg
0.22757005694840193,0.0,0.0,0.0,1,drowsy,img_e_15080.jpg
0.21740306877706847,0.013153340871106032,0.0,0.0,1,drowsy,img_c_6960.jpg
0.16486378092958212,0.0197603761297565,1.0,0.0,1,drowsy,image_11774.jpg
0.05991610971617277,0.0,1.0,0.0,1,drowsy,img_e_11580.jpg
0.18577030955974116,0.024875929559564233,1.0,0.0,1,drowsy,image_11136 (2).jpg
0.052114377432394964,0.007991565294258651,1.0,0.0,1,drowsy,img_f_5046.jpg
0.19539391094633846,0.0,1.0,0.0,1,drowsy,img_e_8294.jpg
0.28226153504131823,0.0,0.0,0.0,1,drowsy,img_j_17748.jpg
0.06449832812603848,0.09152968007160339,1.0,0.0,1,drowsy,image_19314.jpg
0.24277662958773155,0.00884921093908639,0.0,0.0,1,drowsy,img_f_0.jpg
0.20366519223454954,0.0,0.0,0.0,1,drowsy,img_d_14935.jpg
0.1466148292668849,0.0,1.0,0.0,1,drowsy,image_8671 (2).jpg
0.11986265401614957,0.0,1.0,0.0,1,drowsy,img_f_580 (2).jpg
0.1611784996034787,0.08607663207097353,1.0,0.0,1,drowsy,image_10324.jpg
0.23444705087762396,0.003919640159370193,0.0,0.0,1,drowsy,image_3248.jpg
0.20435905534206933,0.0,0.0,0.0,1,drowsy,image_16443 (2).jpg
0.22450171971177763,0.0,0.0,0.0,1,drowsy,image_780.jpg
0.17134715688733795,0.015842112008390877,1.0,0.0,1,drowsy,img_e_17640.jpg
0.1874982511401481,0.0,1.0,0.0,1,drowsy,img_g_11460.jpg
0.2409742342083881,0.0,0.0,0.0,1,drowsy,img_c_16820.jpg
0.15738311577209022,0.01346870046575614,1.0,0.0,1,drowsy,image_8352 (2).jpg
0.27819545821482916,0.0,0.0,0.0,1,drowsy,img_f_10817 (2).jpg
0.09609712945750432,0.10808402141865209,1.0,0.0,1,drowsy,image_12296.jpg
0.13015726606903666,0.02926335470391197,1.0,0.0,1,drowsy,image_14181.jpg
0.1165565951113872,0.007911630037218308,1.0,0.0,1,drowsy,img_e_13195.jpg
0.20905969402353233,0.0065856492617935945,0.0,0.0,1,drowsy,img_h_14160.jpg
0.14132548821796992,0.0,1.0,0.0,1,drowsy,image_19894.jpg
0.09668711601771598,0.058233834192601475,1.0,0.0,1,drowsy,image_17661.jpg
0.1998883965788344,0.008723731989356928,1.0,0.0,1,drowsy,img_g_8760.jpg
0.24289593618127417,0.006466838961217031,0.0,0.0,1,drowsy,img_g_5250.jpg
0.10681911890917836,0.008054830526395296,1.0,0.0,1,drowsy,img_f_7453.jpg
0.21014557265573192,0.0,0.0,0.0,1,drowsy,img_g_13920.jpg
0.23496824297254174,0.007403346273670142,0.0,0.0,1,drowsy,img_g_16680.jpg
0.1990485317798859,0.0,1.0,0.0,1,drowsy,img_b_12238.jpg
0.254445527080292,0.01146437739157246,0.0,0.0,1,drowsy,img_f_8990.jpg
0.2252637925385174,0.018090475020436807,0.0,0.0,1,drowsy,image__17835.jpg
0.21269401036249483,0.1352627742557957,0.0,0.0,1,drowsy,image_6873.jpg
0.2588845244258071,0.0,0.0,0.0,1,drowsy,img_j_12354.jpg
0.2747110659855224,0.007488378573587996,0.0,0.0,1,drowsy,img_f_6003.jpg
0.10260640877159227,0.059417191544745986,1.0,0.0,1,drowsy,image_12731.jpg
0.22449611905146316,0.006122882480994379,0.0,0.0,1,drowsy,img_g_9330.jpg
0.21617096811432535,0.09304542961212621,0.0,0.0,1,drowsy,image__15950.jpg
0.19677077920855857,0.0,1.0,0.0,1,drowsy,img_a_9180.jpg
0.19527445803434115,0.006842096687419476,1.0,0.0,1,drowsy,img_g_14040.jpg
0.2465489014657945,0.004062591035750711,0.0,0.0,1,drowsy,image_1885.jpg
0.24859163817937757,0.0,0.0,0.0,1,drowsy,img_c_4408.jpg
0.09100838649965198,0.0,1.0,0.0,1,drowsy,img_e_13630.jpg
0.1383274415548432,0.010574760066607469,1.0,0.0,1,drowsy,img_f_3190.jpg
0.27259258949665355,0.009030933082874655,0.0,0.0,1,drowsy,image__1044.jpg
0.12167587503583496,0.0,1.0,0.0,1,drowsy,img_f_14355.jpg
0.20244182624584334,0.008922882548485287,0.0,0.0,1,drowsy,image_7453 (2).jpg
0.24756736538073534,0.0066306640818014845,0.0,0.0,1,drowsy,img_g_18120.jpg
0.24421495509890512,0.0,0.0,0.0,1,drowsy,image_1470 (3).jpg
0.18662042615722713,0.0,1.0,0.0,1,drowsy,img_d_7366.jpg
0.2577745528497477,0.008450033675986597,0.0,0.0,1,drowsy,img_j_12383.jpg
0.0864851385745446,0.010869565099243857,1.0,0.0,1,drowsy,image_13833 (2).jpg
0.16495927075721256,0.017454106728230955,1.0,0.0,1,drowsy,img_d_8874.jpg
0.2260873632452903,0.0,0.0,0.0,1,drowsy,img_e_11190.jpg
0.2118547516935454,0.0241776327078526,0.0,0.0,1,drowsy,image_3857.jpg
0.22170703406924835,0.013512279614444692,0.0,0.0,1,drowsy,img_c_10672.jpg
0.115180710592542,0.008066614832020685,1.0,0.0,1,drowsy,img_f_3741.jpg
0.21878491760915142,0.00406500704780357,0.0,0.0,1,drowsy,image_435.jpg
0.26515593760400985,0.7652648829791359,0.0,1.0,1,drowsy,image_1650 (2).jpg
0.17060192833795101,0.0,1.0,0.0,1,drowsy,img_f_6177.jpg
0.1998637697429163,0.012769194792036889,1.0,0.0,1,drowsy,img_c_16559.jpg
0.2522713226590787,0.007477484552518848,0.0,0.0,1,drowsy,img_j_14645.jpg
0.2278647881448996,0.013493814321667085,0.0,0.0,1,drowsy,img_d_16298.jpg
0.20758923410514363,0.0,0.0,0.0,1,drowsy,img_c_18212.jpg
0.2361237038109821,0.007743566498781875,0.0,0.0,1,drowsy,img_j_14123.jpg
0.20055727083562314,0.0,0.0,0.0,1,drowsy,img_c_6380.jpg
0.17626808339085043,0.010630480598242125,1.0,0.0,1,drowsy,img_e_4727.jpg
0.13139854179664873,0.18298518783173273,1.0,0.0,1,drowsy,image_2220.jpg
0.2197460256275514,0.0,0.0,0.0,1,drowsy,img_c_5104.jpg
0.1080329822888824,0.08644734424107818,1.0,0.0,1,drowsy,image_12876.jpg
0.07830303801103629,0.09405544053926834,1.0,0.0,1,drowsy,img_f_5481.jpg
0.25459025905059685,0.16272401559992533,0.0,0.0,1,drowsy,image_240 (2).jpg
0.19825853401215432,0.007310965076293875,1.0,0.0,1,drowsy,img_j_1508.jpg
0.17877473104520056,0.0062653763548492425,1.0,0.0,1,drowsy,image__13514.jpg
0.21069981444199573,0.0,0.0,0.0,1,drowsy,img_d_4727.jpg
0.18455657512422224,0.0,1.0,0.0,1,drowsy,img_d_16501.jpg
0.21863681878034527,0.22557116658812185,0.0,0.0,1,drowsy,image_390.jpg
0.24233774270611902,0.017284302897281893,0.0,0.0,1,drowsy,image_2552.jpg
0.11117806747702205,0.0,1.0,0.0,1,drowsy,img_h_8580.jpg
0.19567528654932803,0.0,1.0,0.0,1,drowsy,image__7569.jpg
0.20996040369742847,0.018841113713793267,0.0,0.0,1,drowsy,img_d_232.jpg
0.16371536507833623,0.014262447431210828,1.0,0.0,1,drowsy,img_c_8352.jpg
0.21583138976311445,0.0,0.0,0.0,1,drowsy,img_g_11070.jpg
0.2463143934501781,0.0,0.0,0.0,1,drowsy,img_f_20184.jpg
0.29729650530228646,0.0,0.0,0.0,1,drowsy,img_e_12300.jpg
0.24991112503338703,0.0,0.0,0.0,1,drowsy,img_c_17690.jpg
0.2333343908805547,0.0,0.0,0.0,1,drowsy,img_g_15570.jpg
0.20818867386786105,0.0,0.0,0.0,1,drowsy,img_e_3712.jpg
0.1719307113556583,0.3358643683041946,1.0,0.0,1,drowsy,image_1140 (5).jpg
0.1846414053727786,0.0,1.0,0.0,1,drowsy,img_d_3074.jpg
0.29377679656839256,0.011290968676942646,0.0,0.0,1,drowsy,img_e_7560.jpg
0.145243856645491,0.01331441055176416,1.0,0.0,1,drowsy,img_d_11252.jpg
0.0743494840505815,0.00799820853791596,1.0,0.0,1,drowsy,img_f_12122.jpg
0.25866845619636414,0.011783476441266556,0.0,0.0,1,drowsy,image__10266 (2).jpg
0.08681987860268794,0.0,1.0,0.0,1,drowsy,img_f_12644.jpg
0.21574889736422315,0.013876848044826863,0.0,0.0,1,drowsy,img_d_3712.jpg
0.22281391066517264,0.04064503356504852,0.0,0.0,1,drowsy,image_145.jpg
0.19992235572473188,0.0,1.0,0.0,1,drowsy,img_a_8895.jpg
0.15291740760551145,0.0,1.0,0.0,1,drowsy,img_f_10875 (2).jpg
0.23309436396132555,0.014078922185989905,0.0,0.0,1,drowsy,img_c_18038.jpg
0.18721151084112897,0.1756751044647575,1.0,0.0,1,drowsy,image_11600.jpg
0.20238091269716105,0.006448258760611569,0.0,0.0,1,drowsy,img_g_8370.jpg
0.22693175475976765,0.006469815891261638,0.0,0.0,1,drowsy,img_g_5640.jpg
0.23550538672722907,0.09203628820572018,0.0,0.0,1,drowsy,image_6293.jpg
0.24944482614857091,0.007894600101597978,0.0,0.0,1,drowsy,img_j_18241.jpg
0.24578865884432075,0.0066306640818014845,0.0,0.0,1,drowsy,img_g_16290.jpg
0.10502226989071498,0.018826917081560465,1.0,0.0,1,drowsy,image_16559 (2).jpg
0.1804446539860402,0.06642301657423334,1.0,0.0,1,drowsy,image_18618.jpg
0.24081053860296364,0.013147655398310407,0.0,0.0,1,drowsy,img_c_11020.jpg
0.26810912852506213,0.0,0.0,0.0,1,drowsy,img_c_4959.jpg
0.18673283129950147,0.006519952200318939,1.0,0.0,1,drowsy,img_g_12960.jpg
0.1692114023777133,0.003916542520654635,1.0,0.0,1,drowsy,image_16153.jpg
0.16222246485586284,0.009522082227916019,1.0,0.0,1,drowsy,image_10005 (2).jpg
0.09708953202211451,0.02072121676601744,1.0,0.0,1,drowsy,image_14036.jpg
0.17909617544348808,0.012855955586933542,1.0,0.0,1,drowsy,image_9309 (2).jpg
0.15851466517512833,0.01295971882691329,1.0,0.0,1,drowsy,img_d_11078.jpg
0.23608544136650883,0.006327086621338783,0.0,0.0,1,drowsy,img_g_7080.jpg
0.22042867886947276,0.0,0.0,0.0,1,drowsy,img_d_9773.jpg
0.15656420776438826,0.009780915806751774,1.0,0.0,1,drowsy,image_8613 (2).jpg
0.20474102919601442,0.021738559539119507,0.0,0.0,1,drowsy,image_4321.jpg
0.15893247729014182,0.013858845696288754,1.0,0.0,1,drowsy,image_10121 (3).jpg
0.19806583100661063,0.020476503597984214,1.0,0.0,1,drowsy,img_c_8178.jpg
0.18351356991247147,0.0,1.0,0.0,1,drowsy,img_d_15544.jpg
0.03693340568321545,0.0,1.0,0.0,1,drowsy,76.jpg
0.1809532328229675,0.011284496802301607,1.0,0.0,1,drowsy,img_e_8323.jpg
0.27391608156661085,0.008615568885716693,0.0,0.0,1,drowsy,image__1798 (2).jpg
0.2743981529481337,0.12628648066936093,0.0,0.0,1,drowsy,image_810.jpg
0.22153357288751424,0.012803687829355174,0.0,0.0,1,drowsy,img_c_4756.jpg
0.2348019945997089,0.0,0.0,0.0,1,drowsy,img_g_15000.jpg
0.2376176697682274,0.15144562996023667,0.0,0.0,1,drowsy,62.jpg
0.21957064779856614,0.0,0.0,0.0,1,drowsy,img_d_8323.jpg
0.046741203011336496,0.016238174410233,1.0,0.0,1,drowsy,image_17313 (2).jpg
0.1702455207587838,0.018518518175582997,1.0,0.0,1,drowsy,74.jpg
0.04715233783557088,0.007656824131249616,1.0,0.0,1,drowsy,image_15573 (2).jpg
0.18545469060408093,0.0,1.0,0.0,1,drowsy,img_d_13137.jpg
0.15451745171002287,0.012169358907910224,1.0,0.0,1,drowsy,img_e_15109.jpg
0.20261759206762714,0.166478018994797,0.0,0.0,1,drowsy,60.jpg
0.18935071729963246,0.0,1.0,0.0,1,drowsy,img_d_1305.jpg
0.24472654293682422,0.0,0.0,0.0,1,drowsy,img_a_1680.jpg
0.21902506724803678,0.3895730298387298,0.0,0.0,1,drowsy,48.jpg
0.16660315572920883,0.03753847042030221,1.0,0.0,1,drowsy,image_18183.jpg
0.19151123808530562,0.008486469491136295,1.0,0.0,1,drowsy,img_f_11165.jpg
0.0970920476425678,0.0,1.0,0.0,1,drowsy,img_f_3596.jpg
0.13682238509354472,0.006605014008391008,1.0,0.0,1,drowsy,img_g_2850.jpg
0.20325007133155293,0.013117080731277302,0.0,0.0,1,drowsy,img_d_754.jpg
0.19837598673316412,0.0,1.0,0.0,1,drowsy,img_d_3248.jpg
0.22150289616261776,0.007246186513039835,0.0,0.0,1,drowsy,img_g_10620.jpg
0.08153643301762772,0.009255688994449984,1.0,0.0,1,drowsy,img_h_570.jpg
0.0997504086886051,0.007614973517623782,1.0,0.0,1,drowsy,image_16124 (2).jpg
0.18489352457196245,0.012642032923487357,1.0,0.0,1,drowsy,img_c_11977.jpg
0.22710929966447965,0.07888645755972822,0.0,0.0,1,drowsy,image_8294.jpg
0.244682996571903,0.0,0.0,0.0,1,drowsy,image_12006 (2).jpg
0.028789834581431417,0.010521944619939733,1.0,0.0,1,drowsy,image_15138 (2).jpg
0.16159654216341948,0.0075651276113330515,1.0,0.0,1,drowsy,image_17748 (2).jpg
0.2669221805115648,0.14961182944303306,0.0,0.0,1,drowsy,image_609.jpg
0.24952549744291244,0.0,0.0,0.0,1,drowsy,img_g_4560.jpg
0.05430243925362589,0.009513029792592146,1.0,0.0,1,drowsy,img_b_2494.jpg
0.2003372773547279,0.0066335812240621945,0.0,0.0,1,drowsy,img_g_5130.jpg
0.18317613916496095,0.012632950639746765,1.0,0.0,1,drowsy,img_d_783.jpg
0.19835902187375598,0.00951302981909832,1.0,0.0,1,drowsy,img_g_8400.jpg
0.14609311152917082,0.0,1.0,0.0,1,drowsy,img_d_13862.jpg
0.21369701422035137,0.020499724196514888,0.0,0.0,1,drowsy,image_18154.jpg
0.10914533815528045,0.0,1.0,0.0,1,drowsy,image__14906.jpg
0.24938631849168597,0.0,0.0,0.0,1,drowsy,img_j_14848.jpg
0.18896033448327318,0.0,1.0,0.0,1,drowsy,img_d_15022.jpg
0.24643223005532072,0.006975970749201885,0.0,0.0,1,drowsy,img_j_3335.jpg
0.22293036389860701,0.14210532731121772,0.0,0.0,1,drowsy,image_7366.jpg
0.061827496054467884,0.012439461688522701,1.0,0.0,1,drowsy,image_14587.jpg
0.2629537689173179,0.020761369532400518,0.0,0.0,1,drowsy,image_1500 (2).jpg
0.20288729328859165,0.00669319449513194,0.0,0.0,1,drowsy,img_g_11700.jpg
0.21469589077201007,0.006478635441944651,0.0,0.0,1,drowsy,img_g_3780.jpg
0.04596429415267549,0.008195620052482346,1.0,0.0,1,drowsy,img_e_13746.jpg
0.1631755921120283,0.007544645446621536,1.0,0.0,1,drowsy,img_j_18096.jpg
0.11461674674668632,0.011454971531939336,1.0,0.0,1,drowsy,img_e_17520.jpg
0.10374467255896973,0.0,1.0,0.0,1,drowsy,img_g_10350.jpg
0.15081130837786513,0.010895340722301774,1.0,0.0,1,drowsy,img_e_13020.jpg
0.21865930639155884,0.2082530014113621,0.0,0.0,1,drowsy,image_600 (5).jpg
0.21567821033840567,0.0,0.0,0.0,1,drowsy,img_d_10614.jpg
0.24595051500535908,0.2104939209413794,0.0,0.0,1,drowsy,image_2550.jpg
0.23279278791293428,0.008308846707748438,0.0,0.0,1,drowsy,img_f_18357.jpg
0.18626064096478898,0.0,1.0,0.0,1,drowsy,img_d_1885.jpg
0.16113583125226894,0.009432283384838843,1.0,0.0,1,drowsy,image_9396 (2).jpg
0.2493708338885728,0.34776597191706876,0.0,0.0,1,drowsy,image_1200 (5).jpg
0.17732090902532177,0.5075510879754617,1.0,0.0,1,drowsy,image_990 (4).jpg
0.1073496518383922,0.009432283384838843,1.0,0.0,1,drowsy,img_a_1455.jpg
0.20292492266633932,0.0,0.0,0.0,1,drowsy,img_d_6873.jpg
0.2538129343670667,0.008395953383411387,0.0,0.0,1,drowsy,img_f_10092.jpg
0.26695277229889236,0.0,0.0,0.0,1,drowsy,img_b_14065.jpg
0.18270525994181597,0.008473359199846027,1.0,0.0,1,drowsy,img_f_16385.jpg
0.22980094607464427,0.012452904113954916,0.0,0.0,1,drowsy,img_f_10904.jpg
0.2030205256233616,0.01041158401750599,0.0,0.0,1,drowsy,img_e_4080.jpg
0.28082155286333677,0.01053946174284678,0.0,0.0,1,drowsy,img_j_17400.jpg
0.21548125860956674,0.013094008612667525,0.0,0.0,1,drowsy,img_a_2160.jpg
0.08527421542955255,0.01035255480356177,1.0,0.0,1,drowsy,image_17487 (2).jpg
0.09354703884171987,0.006988736196497338,1.0,0.0,1,drowsy,img_g_330.jpg
0.04566901383058318,0.008388860208408502,1.0,0.0,1,drowsy,img_e_15486.jpg
0.25115212116584246,0.008263334025047878,0.0,0.0,1,drowsy,image__10962.jpg
0.06698392530953222,0.009541133365568902,1.0,0.0,1,drowsy,img_g_1140.jpg
0.23209814695798847,0.0,0.0,0.0,1,drowsy,img_d_17806.jpg
0.09263439868349739,0.07380655201940535,1.0,0.0,1,drowsy,image_3712.jpg
0.21240955343891482,0.0,0.0,0.0,1,drowsy,img_c_4350.jpg
0.18700078767229233,0.009003165087876137,1.0,0.0,1,drowsy,image_8932 (2).jpg
0.2814838345659586,0.011202064829450025,0.0,0.0,1,drowsy,img_e_12510.jpg
0.12747892307259565,0.009081532125411912,1.0,0.0,1,drowsy,img_g_3810.jpg
0.24352789387039525,0.006888529286598223,0.0,0.0,1,drowsy,img_g_15360.jpg
0.15946401698251672,0.8737508150216522,1.0,1.0,1,drowsy,image_3074.jpg
0.10076025588734282,0.020597770121236075,1.0,0.0,1,drowsy,image_15921.jpg
0.19089996923608837,0.01219149607872169,1.0,0.0,1,drowsy,img_c_6235.jpg
0.2164207889306632,0.0,0.0,0.0,1,drowsy,img_f_9483.jpg
0.19009648359393916,0.0,1.0,0.0,1,drowsy,img_c_9106.jpg
0.168155754758259,0.012816300232017847,1.0,0.0,1,drowsy,img_d_1073.jpg
0.26208187722977505,0.3596352810871829,0.0,0.0,1,drowsy,image_1020 (4).jpg
0.2979803145999314,0.01145196659354205,0.0,0.0,1,drowsy,img_f_10643.jpg
0.2387688262075542,0.0,0.0,0.0,1,drowsy,image_12900.jpg
0.2009774851023659,0.16969054135170297,0.0,0.0,1,drowsy,image_2430.jpg
0.20273721444682802,0.0,0.0,0.0,1,drowsy,img_d_18328.jpg
0.2183941192451312,1.2810942549119633,0.0,1.0,1,drowsy,image_330 (3).jpg
0.1900672745010684,0.004500807384491569,1.0,0.0,1,drowsy,image__11513.jpg
0.2504639296859666,0.0,0.0,0.0,1,drowsy,image_580.jpg
0.21977668013335472,0.006936921434041074,0.0,0.0,1,drowsy,img_g_10230.jpg
0.05976549240471165,0.007575757518365474,1.0,0.0,1,drowsy,img_e_2552.jpg
0.20906579068197745,0.0,0.0,0.0,1,drowsy,img_g_14730.jpg
0.17874084028197318,0.0,1.0,0.0,1,drowsy,img_d_13282.jpg
0.17377319177368672,0.0,1.0,0.0,1,drowsy,img_d_0.jpg
0.21638935846587887,0.008224117981543672,0.0,0.0,1,drowsy,img_f_9454.jpg
0.08974904690900114,0.08133273305286272,1.0,0.0,1,drowsy,image_17139.jpg
0.20143161333954945,0.01183701359702569,0.0,0.0,1,drowsy,img_b_10411.jpg
0.20626592967676594,0.011744404292762103,0.0,0.0,1,drowsy,img_f_14500 (2).jpg
0.26511579788127715,0.007477484552518848,0.0,0.0,1,drowsy,img_j_16124.jpg
0.18879128708100268,0.006210700901872563,1.0,0.0,1,drowsy,img_g_4170.jpg
0.11532420008501998,0.0677321727841857,1.0,0.0,1,drowsy,image_17893.jpg
0.17017962079479465,0.0,1.0,0.0,1,drowsy,img_c_14210.jpg
0.24090307373622186,0.6327621241521564,0.0,1.0,1,drowsy,image_420 (4).jpg
0.2315517493400278,0.009523809459672855,0.0,0.0,1,drowsy,img_g_1020.jpg
0.24125415432263514,0.012803687829355174,0.0,0.0,1,drowsy,img_c_11368.jpg
0.22834227081922762,0.0,0.0,0.0,1,drowsy,img_c_17719.jpg
0.21195131379645585,0.010939583300168924,0.0,0.0,1,drowsy,img_e_14820.jpg
0.2156624316210068,0.0,0.0,0.0,1,drowsy,img_g_5520.jpg
0.27727860277040783,0.0,0.0,0.0,1,drowsy,img_j_17574.jpg
0.22255598528083592,0.0190831352218459,0.0,0.0,1,drowsy,img_d_3857.jpg
0.20758796536231797,0.01423929420460344,0.0,0.0,1,drowsy,img_g_8010.jpg
0.23837829393018434,0.008403064581732659,0.0,0.0,1,drowsy,img_e_3857.jpg
0.23055778660485812,0.07951006353863684,0.0,0.0,1,drowsy,image_8874.jpg
0.14281991311922906,0.008066614832020685,1.0,0.0,1,drowsy,img_f_7337.jpg
0.199754546211952,0.0,1.0,0.0,1,drowsy,img_f_8004.jpg
0.2422812586808214,0.0,0.0,0.0,1,drowsy,img_j_17951.jpg
0.23631432400025726,0.9681342411877709,0.0,1.0,1,drowsy,image_1320 (6).jpg
0.22713527004102252,0.06616757488460179,0.0,0.0,1,drowsy,image_8323.jpg
0.2300646258277427,0.011101179226025423,0.0,0.0,1,drowsy,img_e_5017.jpg
0.25672352599427695,0.0,0.0,0.0,1,drowsy,img_f_18009.jpg
0.2181342721107826,0.0,0.0,0.0,1,drowsy,img_d_5771.jpg
0.21765718298551057,0.009069571916660432,0.0,0.0,1,drowsy,img_g_7860.jpg
0.1639329419409934,0.013139708108038987,1.0,0.0,1,drowsy,img_c_6989.jpg
0.0921582906956517,0.0,1.0,0.0,1,drowsy,img_b_2523.jpg
0.18324479957043233,0.0,1.0,0.0,1,drowsy,img_d_5017.jpg
0.20422097383973095,0.006656320386956519,0.0,0.0,1,drowsy,img_g_11310.jpg
0.23052135269756835,0.006279256851977131,0.0,0.0,1,drowsy,img_g_3390.jpg
0.049234930359002636,0.007731522179011861,1.0,0.0,1,drowsy,image_15022 (2).jpg
0.16759471481523217,0.0,1.0,0.0,1,drowsy,img_d_4321.jpg
0.2597434918793732,0.007839099635155257,0.0,0.0,1,drowsy,img_f_10469.jpg
0.23529840332220547,0.010563249236911869,0.0,0.0,1,drowsy,img_g_10740.jpg
0.19243500266213381,0.0,1.0,0.0,1,drowsy,image__4466.jpg
0.23664355226185213,0.11207433460250231,0.0,0.0,1,drowsy,image_9773.jpg
0.19693749576684477,0.0,1.0,0.0,1,drowsy,img_d_16675.jpg
0.17022983609436498,0.0,1.0,0.0,1,drowsy,image_3538.jpg
0.23163978103129107,0.0,0.0,0.0,1,drowsy,img_f_19459.jpg
0.17595974474916637,0.012632950639746765,1.0,0.0,1,drowsy,img_c_9338.jpg
0.2414092879870771,0.052623480927652524,0.0,0.0,1,drowsy,image__16095.jpg
0.25177819558927206,0.006964457003304684,0.0,0.0,1,drowsy,img_j_4089.jpg
0.21743875580429742,0.0,0.0,0.0,1,drowsy,img_c_6786.jpg
0.2532875555347537,0.11499781329437853,0.0,0.0,1,drowsy,img_h_10890.jpg
0.20055757195250887,0.08607663207097353,0.0,0.0,1,drowsy,image_10440.jpg
0.22785511990098922,0.013275635766842783,0.0,0.0,1,drowsy,img_c_17255.jpg
0.0623821560436079,0.0,1.0,0.0,1,drowsy,img_f_16965.jpg
0.06673015786321888,0.008270961849945297,1.0,0.0,1,drowsy,image_17371 (2).jpg
0.19575904379500875,0.0,1.0,0.0,1,drowsy,img_f_12383 (2).jpg
0.1220198588024492,0.007944518481474155,1.0,0.0,1,drowsy,image_12557 (2).jpg
0.19318960003057492,0.0,1.0,0.0,1,drowsy,img_d_6293.jpg
0.2511354056105,0.007990799830880156,0.0,0.0,1,drowsy,img_f_2059.jpg
0.20842247511831086,0.006910864839593766,0.0,0.0,1,drowsy,img_g_12180.jpg
0.16563578843210158,0.009123958408058947,1.0,0.0,1,drowsy,img_g_720.jpg
0.2213394499668953,0.08596631043963122,0.0,0.0,1,drowsy,image_17313.jpg
0.21429779070823154,0.00624512286310393,0.0,0.0,1,drowsy,img_g_3420.jpg
0.25494263516948734,0.007873283503251886,0.0,0.0,1,drowsy,img_f_7134.jpg
0.2429091792277484,0.008164421465992588,0.0,0.0,1,drowsy,img_f_8207.jpg
0.18228834665354393,0.024229498940034472,1.0,0.0,1,drowsy,image_19459.jpg
0.20124119652306777,0.009519924542330034,0.0,0.0,1,drowsy,image_7540 (2).jpg
0.20629410147465893,0.08711456652486424,0.0,0.0,1,drowsy,image_10469.jpg
0.26253767626358804,0.0,0.0,0.0,1,drowsy,img_j_17777.jpg
0.26082457000300363,0.0,0.0,0.0,1,drowsy,img_e_12934.jpg
0.15754858280182937,0.005590694073790517,1.0,0.0,1,drowsy,image_6496.jpg
0.25249231053269033,0.24901032245196328,0.0,0.0,1,drowsy,image__9802.jpg
0.21342690179476032,0.0,0.0,0.0,1,drowsy,img_c_15457.jpg
0.11872881435127117,0.021356505759478443,1.0,0.0,1,drowsy,image_18009.jpg
0.19469253753100696,0.011963828108398791,1.0,0.0,1,drowsy,img_f_9657.jpg
0.22412339138502346,0.0067126188862958285,0.0,0.0,1,drowsy,img_g_2070.jpg
0.1878650542864957,0.0,1.0,0.0,1,drowsy,img_d_812.jpg
0.2434042234570617,0.006491317136912764,0.0,0.0,1,drowsy,img_g_6570.jpg
0.24119757003940834,0.0,0.0,0.0,1,drowsy,img_f_17313.jpg
0.24439727104777303,0.006542798989569453,0.0,0.0,1,drowsy,img_g_9870.jpg
0.16156342874317808,0.0,1.0,0.0,1,drowsy,img_d_12412.jpg
0.1138348655474107,0.2322369656858373,1.0,0.0,1,drowsy,image_1050 (3).jpg
0.22836037679849447,0.10519841993802052,0.0,0.0,1,drowsy,image_783.jpg
0.22434314592973087,0.18439252446545665,0.0,0.0,1,drowsy,image_4524.jpg
0.21588579606653618,0.0,0.0,0.0,1,drowsy,img_c_8033.jpg
0.22527193156473563,0.006389026391090987,0.0,0.0,1,drowsy,img_g_12630.jpg
0.19932500356112642,0.0509901946260259,1.0,0.0,1,drowsy,image_10788 (2).jpg
0.11950061315061085,0.00796717902436612,1.0,0.0,1,drowsy,img_f_6902 (2).jpg
0.0753026545012183,0.05930676044165158,1.0,0.0,1,drowsy,image_16965.jpg
0.1917463629363001,0.019900743408160188,1.0,0.0,1,drowsy,image_2010 (2).jpg
0.16518484256597396,0.0,1.0,0.0,1,drowsy,img_d_15341.jpg
0.25977122064424407,0.0068467458860902945,0.0,0.0,1,drowsy,img_g_13260.jpg
0.27898841040685174,0.008150579083357439,0.0,0.0,1,drowsy,img_f_10440.jpg
0.2427028353974819,0.011053604466910229,0.0,0.0,1,drowsy,img_e_8526.jpg
0.23467495882056721,0.0,0.0,0.0,1,drowsy,img_g_17760.jpg
0.19178060279565726,0.006479859455445223,1.0,0.0,1,drowsy,img_g_5910.jpg
0.17284351620147578,0.0,1.0,0.0,1,drowsy,img_d_8526.jpg
0.2634675803064589,0.0,0.0,0.0,1,drowsy,img_j_8671.jpg
0.1365088993818201,0.008131156215701716,1.0,0.0,1,drowsy,img_f_3190 (2).jpg
0.13699900739932191,0.0,1.0,0.0,1,drowsy,image_3277.jpg
0.23958746411558773,0.011032058771808524,0.0,0.0,1,drowsy,image__12557.jpg
0.21849886334451876,0.0,0.0,0.0,1,drowsy,img_c_11194.jpg
0.1462142186998875,0.012642032923487357,1.0,0.0,1,drowsy,img_d_609.jpg
0.09623286318047508,0.05956098792021872,1.0,0.0,1,drowsy,image_17110.jpg
0.14267913446385777,0.0,1.0,0.0,1,drowsy,image__10817.jpg
0.04143663187071646,0.0,1.0,0.0,1,drowsy,img_e_8903.jpg
0.1616656758149444,0.0,1.0,0.0,1,drowsy,img_c_10063.jpg
0.2102901877043887,0.012977167126512961,0.0,0.0,1,drowsy,img_d_6090.jpg
0.09880092784612558,0.025712973652252797,1.0,0.0,1,drowsy,img_f_1885 (2).jpg
0.06224370686559309,0.010242010113496515,1.0,0.0,1,drowsy,image_12151 (2).jpg
0.16740420795565503,0.007688668887627861,1.0,0.0,1,drowsy,image_17777 (2).jpg
0.12013467940896445,0.0,1.0,0.0,1,drowsy,img_d_8903.jpg
0.2580991759931093,0.006722318769563786,0.0,0.0,1,drowsy,img_g_3150.jpg
0.15480366220086694,0.009001158916541225,1.0,0.0,1,drowsy,img_g_6000.jpg
0.17846007212186757,0.0,1.0,0.0,1,drowsy,image_10643.jpg
0.2604197029987013,0.007936257932322352,0.0,0.0,1,drowsy,img_f_15921.jpg
0.15761462923055003,0.011280906063721207,1.0,0.0,1,drowsy,img_e_13800.jpg
0.18905530051527156,0.0,1.0,0.0,1,drowsy,img_c_14239.jpg
0.2679497847031773,0.0,0.0,0.0,1,drowsy,image_6870.jpg
0.20641532023408016,0.013840913117385785,0.0,0.0,1,drowsy,img_c_13224.jpg
0.24744326914670098,0.006508756056317992,0.0,0.0,1,drowsy,img_g_4830.jpg
0.12720192812018963,0.10870949688053029,1.0,0.0,1,drowsy,image_9570.jpg
0.23193299403755926,0.013147655398310407,0.0,0.0,1,drowsy,img_c_4379.jpg
0.20002735878724084,0.009869403555740666,0.0,0.0,1,drowsy,image__13311.jpg
0.16727323462900673,0.015447815461815164,1.0,0.0,1,drowsy,img_e_18000.jpg
0.05609417863774668,0.008521833136793586,1.0,0.0,1,drowsy,img_f_17893.jpg
0.2235461119720028,0.0,0.0,0.0,1,drowsy,img_d_3103.jpg
0.146623830565968,0.12475657075394085,1.0,0.0,1,drowsy,image_1110.jpg
0.16123421556565692,0.0,1.0,0.0,1,drowsy,img_e_14160.jpg
0.25749513428312565,0.004593345916801351,0.0,0.0,1,drowsy,image__14442.jpg
0.2072481046058939,0.013147655398310407,0.0,0.0,1,drowsy,img_d_10991.jpg
0.24524346088061968,0.0,0.0,0.0,1,drowsy,img_c_4437.jpg
0.20449083319208966,0.004452940604415673,0.0,0.0,1,drowsy,image__6728.jpg
0.22102274884147982,0.0,0.0,0.0,1,drowsy,img_c_17081.jpg
0.1667785036110072,0.0,1.0,0.0,1,drowsy,img_d_15631.jpg
0.24653536336706078,0.11553049879406642,0.0,0.0,1,drowsy,image_8120.jpg
0.20391594552561854,0.009783958292343069,0.0,0.0,1,drowsy,img_g_13710.jpg
0.22024555966001244,0.006803980630373733,0.0,0.0,1,drowsy,img_g_3030.jpg
0.04701385514984176,0.05781965477548184,1.0,0.0,1,drowsy,image_18357.jpg
0.23822583116953014,0.006344253043651983,0.0,0.0,1,drowsy,img_g_7530.jpg
0.20920554431531518,0.0,0.0,0.0,1,drowsy,img_f_6148.jpg
0.1848097531196708,0.0,1.0,0.0,1,drowsy,img_d_580.jpg
0.2793493193195932,0.0,0.0,0.0,1,drowsy,image__15950 (2).jpg
0.23839308379640983,0.009686394169003186,0.0,0.0,1,drowsy,img_h_5070.jpg
0.2068690967630018,0.0,0.0,0.0,1,drowsy,img_d_9599.jpg
0.15516879170422904,0.0,1.0,0.0,1,drowsy,img_d_13485.jpg
0.15395352750038216,0.01061705133414759,1.0,0.0,1,drowsy,image__1682.jpg
0.14308301365624415,0.009174311842437506,1.0,0.0,1,drowsy,image_8700 (2).jpg
0.17804618899674174,0.0,1.0,0.0,1,drowsy,img_g_2460.jpg
0.06429444496107362,0.03534843542967979,1.0,0.0,1,drowsy,image_17226 (2).jpg
0.06496309860000035,0.008042577447539227,1.0,0.0,1,drowsy,img_f_6612.jpg
0.28091718152028455,0.0,0.0,0.0,1,drowsy,img_b_13079.jpg
0.11542422290093296,0.0,1.0,0.0,1,drowsy,img_h_2910.jpg
0.24076871472918093,0.007993607605876552,0.0,0.0,1,drowsy,img_e_6641.jpg
0.18862659795824366,0.009612496613471144,1.0,0.0,1,drowsy,img_g_480.jpg
0.2476855628973901,0.006376804052996962,0.0,0.0,1,drowsy,img_g_4950.jpg
0.23632013966501142,0.0,0.0,0.0,1,drowsy,img_d_6641.jpg
0.23001854582090314,0.0,0.0,0.0,1,drowsy,img_c_7076.jpg
0.15743144434846418,0.00852678841156275,1.0,0.0,1,drowsy,image_10904.jpg
0.1072510885406554,0.020788268661721163,1.0,0.0,1,drowsy,image_16385.jpg
0.205228530022655,0.006726727894714257,0.0,0.0,1,drowsy,img_g_1800.jpg
0.19975302609498413,0.0,1.0,0.0,1,drowsy,img_g_17370.jpg
0.2472795159860249,0.12757938437360367,0.0,0.0,1,drowsy,img_e_10266.jpg
0.13690187150632088,0.0,1.0,0.0,1,drowsy,img_c_9715.jpg
0.2141574769423751,0.09817769180916058,0.0,0.0,1,drowsy,image_10092.jpg
0.26143299696130384,0.008539837248135618,0.0,0.0,1,drowsy,img_j_12586.jpg
0.22013594401422237,0.0,0.0,0.0,1,drowsy,image_7830.jpg
0.31582723514596417,0.4006167994822922,0.0,0.0,1,drowsy,image_2790.jpg
0.20967487824765474,0.008186826466274784,0.0,0.0,1,drowsy,img_e_7946.jpg
0.2635184403486616,0.18505829912474386,0.0,0.0,1,drowsy,image_1260 (2).jpg
0.2522076877546602,0.0,0.0,0.0,1,drowsy,img_f_6438.jpg
0.09744233505616612,0.019592783176002226,1.0,0.0,1,drowsy,image_17081 (2).jpg
0.16161995283006872,0.0,1.0,0.0,1,drowsy,img_d_7946.jpg
0.24813651565168038,0.0,0.0,0.0,1,drowsy,img_a_6105.jpg
0.2756356625268277,0.010241204427862924,0.0,0.0,1,drowsy,img_j_17603.jpg
0.24324380997516942,0.008179155253185938,0.0,0.0,1,drowsy,img_f_18183.jpg
0.1748858087096652,0.037832715386936853,1.0,0.0,1,drowsy,image_2784.jpg
0.109553756892102,0.011133124106537245,1.0,0.0,1,drowsy,img_e_12840.jpg
0.18674978155998212,0.006323037933302163,1.0,0.0,1,drowsy,img_g_3540.jpg
0.18605621053051552,0.025170477844932048,1.0,0.0,1,drowsy,image_11165.jpg
0.23275916786296508,0.010797096320941934,0.0,0.0,1,drowsy,img_g_14490.jpg
0.21010105053470857,0.011497291137641528,0.0,0.0,1,drowsy,img_e_17910.jpg
0.2580814394670787,0.0,0.0,0.0,1,drowsy,img_j_12035.jpg
0.22282150257103733,0.008195620052482346,0.0,0.0,1,drowsy,image__9976.jpg
0.211674296784162,0.0,0.0,0.0,1,drowsy,img_c_16994.jpg
0.1522000404632644,0.0,1.0,0.0,1,drowsy,img_f_6960 (2).jpg
0.2531477064162419,0.008379430546708906,0.0,0.0,1,drowsy,img_f_18154.jpg
0.1900456518597527,0.006510963068974626,1.0,0.0,1,drowsy,img_g_12750.jpg
0.09735533668663365,0.012548621960902296,1.0,0.0,1,drowsy,image_16849 (2).jpg
0.1986512122954692,0.012811040536278705,1.0,0.0,1,drowsy,img_d_16066.jpg
0.28203466677551225,0.0,0.0,0.0,1,drowsy,49.jpg
0.23872919345907123,0.0,0.0,0.0,1,drowsy,image__15370.jpg
0.06406373588905398,0.008367688065496327,1.0,0.0,1,drowsy,img_e_12673.jpg
0.06714919938129787,0.0,1.0,0.0,1,drowsy,img_f_8323 (2).jpg
0.07826709075612232,0.021131577727061777,1.0,0.0,1,drowsy,image_14790.jpg
0.19693087273427676,0.0,1.0,0.0,1,drowsy,img_d_5162.jpg
0.20299159338321782,0.12839644593915878,0.0,0.0,1,drowsy,image_1500.jpg
0.18231300473412648,0.0,1.0,0.0,1,drowsy,61.jpg
0.03811619212846627,0.137924382848362,1.0,0.0,1,drowsy,image_660 (2).jpg
0.22697896693849592,0.0,0.0,0.0,1,drowsy,img_c_10498.jpg
0.08759713694724555,0.0,1.0,0.0,1,drowsy,75.jpg
0.06682279661756776,0.157311090263778,1.0,0.0,1,drowsy,image_6525.jpg
0.0736378246660935,0.045221941990928376,1.0,0.0,1,drowsy,image_14964.jpg
0.06001294577347589,0.0,1.0,0.0,1,drowsy,img_e_11430.jpg
0.23155080939457817,0.07854318019798663,0.0,0.0,1,drowsy,59.jpg
0.21277725370231013,0.06583191107016416,0.0,0.0,1,drowsy,image_9164.jpg
0.2402250098225423,0.0,0.0,0.0,1,drowsy,img_j_15979.jpg
0.2746550128489984,0.009877295868934922,0.0,0.0,1,drowsy,img_b_3016.jpg
0.20955817182574982,0.006590080914235648,0.0,0.0,1,drowsy,img_g_9900.jpg
0.18223220595293893,0.0,1.0,0.0,1,drowsy,img_d_15225.jpg
0.21823141104544608,0.0,0.0,0.0,1,drowsy,img_d_18067.jpg
0.19700469426597272,0.0,1.0,0.0,1,drowsy,img_c_13195.jpg
0.23475756983382542,0.22397874942094215,0.0,0.0,1,drowsy,71.jpg
0.23105239789629342,0.00987416556074331,0.0,0.0,1,drowsy,img_j_3654.jpg
0.19538594468225606,0.17278960197264845,1.0,0.0,1,drowsy,65.jpg
0.16736046478247255,0.0,1.0,0.0,1,drowsy,img_d_12238.jpg
0.09234821096820102,0.5961243718098652,1.0,0.0,1,drowsy,image_660 (3).jpg
0.21233173791865692,0.0077444953180773836,0.0,0.0,1,drowsy,img_f_12441.jpg
0.14489086735490475,0.0,1.0,0.0,1,drowsy,img_c_2320.jpg
0.2629032763999589,0.007590365079231966,0.0,0.0,1,drowsy,img_j_15776.jpg
0.2290764571516259,0.020821768808689838,0.0,0.0,1,drowsy,image_2958.jpg
0.35254508319965383,0.8296096224711088,0.0,1.0,1,drowsy,image_1260 (3).jpg
0.2256911811294812,0.0,0.0,0.0,1,drowsy,img_f_13978.jpg
0.13224744772482414,0.06146012843307431,1.0,0.0,1,drowsy,image_5945.jpg
0.22674007843626814,0.3754885738552108,0.0,0.0,1,drowsy,image_630.jpg
0.22725833068563517,0.006620194146529233,0.0,0.0,1,drowsy,img_g_7050.jpg
0.24671628811106777,0.0,0.0,0.0,1,drowsy,img_c_13630.jpg
0.16039364841619497,0.011118663298316582,1.0,0.0,1,drowsy,img_e_9947.jpg
0.21236186586989192,0.13477142921339658,0.0,0.0,1,drowsy,image_9831.jpg
0.058077604454641045,0.0,1.0,0.0,1,drowsy,img_f_8439.jpg
0.2324000915680801,0.0,0.0,0.0,1,drowsy,img_g_2100.jpg
0.17273620758567398,0.029068520118908824,1.0,0.0,1,drowsy,img_f_10295.jpg
0.18700154350810327,0.010204081528529781,1.0,0.0,1,drowsy,image_10295 (2).jpg
0.24073323681748054,0.0,0.0,0.0,1,drowsy,img_j_14326.jpg
0.15006622239869427,0.0,1.0,0.0,1,drowsy,img_h_4140.jpg
0.17070427633840496,0.013157894563711914,1.0,0.0,1,drowsy,img_c_8816.jpg
0.15847275247156,0.00803841892741483,1.0,0.0,1,drowsy,img_f_16182.jpg
0.25055177571956044,0.020340501949990666,0.0,0.0,1,drowsy,image_2970.jpg
0.06398328063097303,0.00781966233378077,1.0,0.0,1,drowsy,img_f_8207 (2).jpg
0.17026983595073997,0.0190671716806592,1.0,0.0,1,drowsy,image_10469 (2).jpg
0.21482409994724108,0.0,0.0,0.0,1,drowsy,img_c_7714.jpg
0.1656042985762242,0.004461441294147102,1.0,0.0,1,drowsy,image__11310.jpg
0.18034213555028222,0.012820512656147275,1.0,0.0,1,drowsy,img_d_12760.jpg
0.19623727035942418,0.006744298163759683,1.0,0.0,1,drowsy,img_g_13890.jpg
0.12416340657712066,0.01351351333089847,1.0,0.0,1,drowsy,img_d_12006.jpg
0.24412420367833224,0.009277571497103903,0.0,0.0,1,drowsy,image__6670.jpg
0.24510576287399025,0.0,0.0,0.0,1,drowsy,img_f_15138.jpg
0.21456284161057015,0.0,0.0,0.0,1,drowsy,img_c_10846.jpg
0.2779269032780688,0.008062156906967873,0.0,0.0,1,drowsy,img_j_8265.jpg
0.17850771877537794,0.0,1.0,0.0,1,drowsy,img_d_13456.jpg
0.13572699698649968,0.011036425008598584,1.0,0.0,1,drowsy,img_e_14010.jpg
0.23213930617740247,0.0,0.0,0.0,1,drowsy,img_f_15892.jpg
0.2434882518494758,0.009238294065067433,0.0,0.0,1,drowsy,img_g_8820.jpg
0.23007384489757393,0.013482771416679631,0.0,0.0,1,drowsy,img_c_4553.jpg
0.17821859850634997,0.01190138883150142,1.0,0.0,1,drowsy,img_d_1102.jpg
0.18810618980786098,0.0,1.0,0.0,1,drowsy,img_c_9077.jpg
0.19279019825446747,0.0,1.0,0.0,1,drowsy,img_d_7598.jpg
0.17366148004408502,0.008605036206476237,1.0,0.0,1,drowsy,img_a_9030.jpg
0.19043477114115978,0.0,1.0,0.0,1,drowsy,img_c_14413.jpg
0.23693672907533195,0.008304547916408481,0.0,0.0,1,drowsy,img_f_8613.jpg
0.16906187553010527,0.0,1.0,0.0,1,drowsy,image_9048 (2).jpg
0.17580307002425652,0.009918897378685636,1.0,0.0,1,drowsy,image__12180.jpg
0.07255097308840835,0.02989299510947743,1.0,0.0,1,drowsy,image_16356.jpg
0.24380938133734642,0.006613241680669282,0.0,0.0,1,drowsy,img_g_18090.jpg
0.021224491700700242,0.01044845941101926,1.0,0.0,1,drowsy,image_15051 (2).jpg
0.16269895075346646,0.008821621750003606,1.0,0.0,1,drowsy,img_f_15689.jpg
0.25048339401544056,0.0,0.0,0.0,1,drowsy,img_f_8149.jpg
0.1912669877164504,0.0,1.0,0.0,1,drowsy,img_c_13340.jpg
0.22434057017730077,0.007458119002294356,0.0,0.0,1,drowsy,img_g_16650.jpg
0.23953055479612462,0.006538182468286846,0.0,0.0,1,drowsy,img_g_5280.jpg
0.1963329831369658,0.0,1.0,0.0,1,drowsy,img_d_4640.jpg
0.12147041087668245,0.030201144902685734,1.0,0.0,1,drowsy,image_12905.jpg
0.03632346631480543,0.011479096849648434,1.0,0.0,1,drowsy,img_e_11020.jpg
0.2048937088152578,0.0,0.0,0.0,1,drowsy,img_d_16472.jpg
0.16718480143017359,0.011355940186308963,1.0,0.0,1,drowsy,image_14529 (2).jpg
0.1566030225912064,0.03060505927571942,1.0,0.0,1,drowsy,image_8642.jpg
0.2195952064266418,0.04249321605337041,0.0,0.0,1,drowsy,image_14384.jpg
0.2305880128815112,0.0,0.0,0.0,1,drowsy,img_f_19662.jpg
0.07009264122959023,0.0,1.0,0.0,1,drowsy,image_12093.jpg
0.22884247108634348,0.0,0.0,0.0,1,drowsy,img_d_10759.jpg
0.20728389457318297,0.0115670722878107,0.0,0.0,1,drowsy,img_e_14616.jpg
0.17551647246204477,0.8290405662638137,1.0,1.0,1,drowsy,image_11571.jpg
0.2426234921663134,0.009237111588890349,0.0,0.0,1,drowsy,img_f_10875.jpg
0.035230562897681686,0.007511157605469308,1.0,0.0,1,drowsy,image_14993 (2).jpg
0.15565412999327977,0.0,1.0,0.0,1,drowsy,img_c_8584.jpg
0.24336073339763928,0.006429040461898063,0.0,0.0,1,drowsy,img_g_7440.jpg
0.24766849974688382,0.006824229675718406,0.0,0.0,1,drowsy,img_g_10590.jpg
0.24213009640089347,0.0,0.0,0.0,1,drowsy,img_h_8430.jpg
0.23208162090509996,0.22047303630459475,0.0,0.0,1,drowsy,image__8932.jpg
0.16347402747045792,0.0,1.0,0.0,1,drowsy,img_c_10701.jpg
0.02268874333846593,0.0816015114705651,1.0,0.0,1,drowsy,image_19111.jpg
0.25660547254930194,0.0,0.0,0.0,1,drowsy,img_f_13398.jpg
0.10665252049957219,0.0,1.0,0.0,1,drowsy,img_f_2262.jpg
0.24853928641777429,0.10388021520289048,0.0,0.0,1,drowsy,image_10121.jpg
0.177212072761056,0.0,1.0,0.0,1,drowsy,img_d_8091.jpg
0.1850059503199864,0.0,1.0,0.0,1,drowsy,img_a_1530.jpg
0.2152085076620684,0.013453455698930777,0.0,0.0,1,drowsy,img_c_17052.jpg
0.19006759440831,0.013687076963362934,1.0,0.0,1,drowsy,img_d_6902.jpg
0.1592193906143133,0.0,1.0,0.0,1,drowsy,img_d_11484.jpg
0.18800105899791403,0.0,1.0,0.0,1,drowsy,img_a_8925.jpg
0.20727503448068507,0.14032928062758626,0.0,0.0,1,drowsy,image_1050 (2).jpg
0.24798659983954532,0.008193143992744806,0.0,0.0,1,drowsy,img_f_7859.jpg
0.24280503090617103,0.013919802345750722,0.0,0.0,1,drowsy,image__17371.jpg
0.19389717474313423,0.013693491678424732,1.0,0.0,1,drowsy,img_d_2755.jpg
0.07943002923287612,0.0,1.0,0.0,1,drowsy,img_e_11550.jpg
0.17915592951277517,0.013339263086985496,1.0,0.0,1,drowsy,image_8787 (2).jpg
0.2635377172094753,0.00861269250172468,0.0,0.0,1,drowsy,img_f_9860.jpg
0.24231158256571583,0.1261203321021046,0.0,0.0,1,drowsy,image_8468.jpg
0.06097029735771761,0.011040123634550465,1.0,0.0,1,drowsy,img_f_8265 (2).jpg
0.23200450097975123,0.006405783148269397,0.0,0.0,1,drowsy,img_g_16320.jpg
0.2347052374038129,0.007854318153190248,0.0,0.0,1,drowsy,img_e_16559.jpg
0.23252750998078311,0.0,0.0,0.0,1,drowsy,image_2010 (3).jpg
0.03996158385522295,0.007340252690054483,1.0,0.0,1,drowsy,img_e_9628.jpg
0.2517365028726748,0.0,0.0,0.0,1,drowsy,img_c_5249.jpg
0.2912640471778038,0.010828701928344463,0.0,0.0,1,drowsy,img_e_8250.jpg
0.3203400927995984,0.0109599323669037,0.0,0.0,1,drowsy,img_e_14400.jpg
0.20161296536008277,0.012803687829355174,0.0,0.0,1,drowsy,img_d_9628.jpg
0.1728711261731568,0.12965573769247785,1.0,0.0,1,drowsy,image_1470.jpg
0.17205380332817288,0.0,1.0,0.0,1,drowsy,img_c_6032.jpg
0.04879437120006817,0.010226199777352467,1.0,0.0,1,drowsy,img_e_10672.jpg
0.24647217812059566,0.013747878249359326,0.0,0.0,1,drowsy,image__13659.jpg
0.0793275177370638,0.0,1.0,0.0,1,drowsy,img_d_7163.jpg
0.2519886438948565,0.0,0.0,0.0,1,drowsy,img_j_5423.jpg
0.09730890781318717,0.08251272940934148,1.0,0.0,1,drowsy,image_16791.jpg
0.07449067884618099,0.008346093995959966,1.0,0.0,1,drowsy,image_16298 (2).jpg
0.14022062199162627,0.0,1.0,0.0,1,drowsy,img_e_12930.jpg
0.22511078943369536,0.05272749115420874,0.0,0.0,1,drowsy,image_15515.jpg
0.12798590882715255,0.22215451008754533,1.0,0.0,1,drowsy,image_750.jpg
0.07326389752758823,0.00806346729411053,1.0,0.0,1,drowsy,img_e_4495.jpg
0.26040816415182855,0.0,0.0,0.0,1,drowsy,img_a_6075.jpg
0.08282464944573507,0.028610778951751948,1.0,0.0,1,drowsy,image_16008.jpg
0.21053591585053805,0.0,0.0,0.0,1,drowsy,image__14877.jpg
0.23059753317183818,0.0,0.0,0.0,1,drowsy,img_d_4495.jpg
0.14430561810372677,0.058604086748881186,1.0,0.0,1,drowsy,image_17458.jpg
0.25065611731454135,0.0,0.0,0.0,1,drowsy,img_f_6206.jpg
0.14799406091240463,0.009173925775075276,1.0,0.0,1,drowsy,img_h_4020.jpg
0.1562876389672166,0.21305693253751692,1.0,0.0,1,drowsy,image_450 (2).jpg
0.24333385239442995,0.0561156352477488,0.0,0.0,1,drowsy,image_8497.jpg
0.20587187560504833,0.006637525480389313,0.0,0.0,1,drowsy,img_g_4410.jpg
0.11255870765270297,0.0,1.0,0.0,1,drowsy,img_d_11687.jpg
0.21354356696218957,0.0,0.0,0.0,1,drowsy,img_f_16791.jpg
0.120859560236307,0.0,1.0,0.0,1,drowsy,img_h_6150.jpg
0.22604595260366572,0.008521833158063973,0.0,0.0,1,drowsy,img_g_9120.jpg
0.15634039987105747,0.008905881169173986,1.0,0.0,1,drowsy,image_9077 (2).jpg
0.23548675709597705,0.007924288454708925,0.0,0.0,1,drowsy,img_h_7500.jpg
0.10837849150803039,0.0,1.0,0.0,1,drowsy,img_a_6060.jpg
0.15929084986889744,0.020513521653605767,1.0,0.0,1,drowsy,image_10730 (2).jpg
0.17141692926317467,0.012820512656147275,1.0,0.0,1,drowsy,img_c_8787.jpg
0.24768510570858598,0.0,0.0,0.0,1,drowsy,img_g_5040.jpg
0.2460095614017303,0.0,0.0,0.0,1,drowsy,img_e_12064.jpg
0.3060345192140844,0.7892850446557327,0.0,1.0,1,drowsy,image_1320 (7).jpg
0.20145684609470005,0.0,0.0,0.0,1,drowsy,img_e_12702.jpg
0.05327919480645241,0.0,1.0,0.0,1,drowsy,img_d_11136.jpg
0.07298474172156637,0.019586768968814446,1.0,0.0,1,drowsy,image_17400 (2).jpg
0.20763846447948225,0.0,0.0,0.0,1,drowsy,img_g_15600.jpg
0.09049029099137759,0.004400165782009693,1.0,0.0,1,drowsy,image_7772.jpg
0.07217005565282998,0.04433762369679482,1.0,0.0,1,drowsy,image__14645.jpg
0.25521596134542207,0.0,0.0,0.0,1,drowsy,img_g_7680.jpg
0.2183017754457071,0.0,0.0,0.0,1,drowsy,img_e_15051.jpg
0.24690929835734748,0.0,0.0,0.0,1,drowsy,img_f_15515.jpg
0.08076522647379976,0.03492151448360086,1.0,0.0,1,drowsy,image_17255 (2).jpg
0.21616516798331775,0.0,0.0,0.0,1,drowsy,img_f_12093.jpg
0.15171119598011237,0.013147655398310407,1.0,0.0,1,drowsy,img_d_4872.jpg
0.23054232583467898,0.0066335812240621945,0.0,0.0,1,drowsy,img_g_60.jpg
0.24324084087963282,0.0,0.0,0.0,1,drowsy,img_j_16646.jpg
0.2631595384421971,0.007924288454708925,0.0,0.0,1,drowsy,img_f_14384.jpg
0.16387763468438,0.008928571348852042,1.0,0.0,1,drowsy,image_8816 (2).jpg
0.22591202166773272,0.0,0.0,0.0,1,drowsy,img_j_5191.jpg
0.11401701315017085,0.014124412691369603,1.0,0.0,1,drowsy,image__12963.jpg
0.22151192302982997,0.009460733640328694,0.0,0.0,1,drowsy,img_g_240.jpg
0.2129831475655795,0.013502422031931107,0.0,0.0,1,drowsy,img_d_2581.jpg
0.07844892991642274,0.008928215480011582,1.0,0.0,1,drowsy,img_f_12905.jpg
0.20461504409233197,0.0,0.0,0.0,1,drowsy,img_c_116.jpg
0.2591875408022243,0.010209398123491796,0.0,0.0,1,drowsy,img_j_18125.jpg
0.23429927951084567,0.007561882493054227,0.0,0.0,1,drowsy,image_18067 (2).jpg
0.12113631099483421,0.0,1.0,0.0,1,drowsy,img_g_11670.jpg
0.17809636472145213,0.0,1.0,0.0,1,drowsy,img_d_4669.jpg
0.17329918024071267,0.0,1.0,0.0,1,drowsy,img_d_1711.jpg
0.15386696355714952,0.013468089681893617,1.0,0.0,1,drowsy,image_9947 (2).jpg
0.23155248856601449,0.012051691998333945,0.0,0.0,1,drowsy,image_7627 (2).jpg
0.23104754121369903,0.008189846068047001,0.0,0.0,1,drowsy,img_f_10121.jpg
0.08163774165032638,0.12066611737016489,1.0,0.0,1,drowsy,image_13398.jpg
0.2072194269961276,0.0,0.0,0.0,1,drowsy,img_d_17023.jpg
0.21610020259386675,0.0,0.0,0.0,1,drowsy,img_c_10933.jpg
0.16468729197577597,0.1578106890690122,1.0,0.0,1,drowsy,image_1020 (5).jpg
0.17583135785151266,0.012608826634099624,1.0,0.0,1,drowsy,img_f_9454 (2).jpg
0.269090765323383,0.00843109177036266,0.0,0.0,1,drowsy,img_f_19111.jpg
0.18574335739690814,0.0,1.0,0.0,1,drowsy,img_d_12615.jpg
0.05035142077065316,0.19040895676247105,1.0,0.0,1,drowsy,image_330 (2).jpg
0.1788016069971292,0.0,1.0,0.0,1,drowsy,img_f_3828.jpg
0.2049942210065398,0.0,0.0,0.0,1,drowsy,img_c_15863.jpg
0.1757655363251472,0.0,1.0,0.0,1,drowsy,image_8381 (2).jpg
0.18207642219238962,0.0,1.0,0.0,1,drowsy,image_10875.jpg
0.23094823154165822,0.007599126396884556,0.0,0.0,1,drowsy,img_f_7482.jpg
0.21800334910663408,0.004482682646151902,0.0,0.0,1,drowsy,image__18241.jpg
0.04658564280609055,0.0,1.0,0.0,1,drowsy,img_f_11571.jpg
0.21592364493170862,0.0,0.0,0.0,1,drowsy,img_g_11880.jpg
0.1659912891546264,0.0,1.0,0.0,1,drowsy,img_c_13427.jpg
0.1730368233719883,0.011110768104167076,1.0,0.0,1,drowsy,img_f_4698 (2).jpg
0.07926746838684548,0.04228276369574087,1.0,0.0,1,drowsy,image_15892.jpg
0.23227935049576634,0.0,0.0,0.0,1,drowsy,img_f_20155.jpg
0.06536529462783805,0.5157904750579415,1.0,0.0,1,drowsy,image_1200 (4).jpg
0.23003466742349926,0.1981072094272711,0.0,0.0,1,drowsy,image_990 (5).jpg
0.06863761644884632,0.012311947434301246,1.0,0.0,1,drowsy,img_c_11542.jpg
0.07606522376985678,0.07655805711302259,1.0,0.0,1,drowsy,image_15138.jpg
0.19139163357067895,0.0,1.0,0.0,1,drowsy,img_h_10260.jpg
0.21652860902524992,0.18518518175583,0.0,0.0,1,drowsy,image_1920.jpg
0.07251581040151853,0.008054830526395296,1.0,0.0,1,drowsy,img_f_5336.jpg
0.22713788028864712,0.013516907885720237,0.0,0.0,1,drowsy,img_g_8160.jpg
0.22529118299091253,0.0,0.0,0.0,1,drowsy,img_c_15718.jpg
0.2025648578811612,0.013666610295051715,0.0,0.0,1,drowsy,img_c_13369.jpg
0.09418612177349103,0.0,1.0,0.0,1,drowsy,img_c_16211.jpg
0.16043898416783062,0.0,1.0,0.0,1,drowsy,img_d_1856.jpg
0.22217809993407633,0.03681250373232794,0.0,0.0,1,drowsy,img_g_16080.jpg
0.24838271813053517,0.0,0.0,0.0,1,drowsy,img_c_4234.jpg
0.08040189300710157,0.0,1.0,0.0,1,drowsy,img_h_4380.jpg
0.19428773659599183,0.01350858049147573,1.0,0.0,1,drowsy,img_d_5365.jpg
0.2033472423693522,0.0,0.0,0.0,1,drowsy,img_d_18270.jpg
0.1869944523052322,0.02869089074094238,1.0,0.0,1,drowsy,image_15689.jpg
0.20100812690800202,0.01167337257929298,0.0,0.0,1,drowsy,img_f_9628 (2).jpg
0.23797660927918027,0.0,0.0,0.0,1,drowsy,image_1500 (3).jpg
0.18007876060244232,0.0,1.0,0.0,1,drowsy,img_c_6351.jpg
0.23104299285158786,0.0,0.0,0.0,1,drowsy,img_g_15210.jpg
0.11284619139669415,0.015488990636154767,1.0,0.0,1,drowsy,img_e_15660 (2).jpg
0.23091964885598193,0.0,0.0,0.0,1,drowsy,img_c_16588.jpg
0.08217004595652402,0.014249409906777139,1.0,0.0,1,drowsy,img_g_3960.jpg
0.1919839038411258,0.0,1.0,0.0,1,drowsy,img_d_2378.jpg
0.19788585719849905,0.006999684972265316,1.0,0.0,1,drowsy,img_g_14640.jpg
0.19461758943674318,0.016384638141924437,1.0,0.0,1,drowsy,img_d_2436.jpg
0.19651733073429317,0.04251471572106311,1.0,0.0,1,drowsy,image_2550 (2).jpg
0.15197476137047472,0.09888496792447744,1.0,0.0,1,drowsy,image_9367.jpg
0.029459693751101402,0.008257415840938823,1.0,0.0,1,drowsy,img_e_14993.jpg
0.24362079020659175,0.0,0.0,0.0,1,drowsy,img_b_3567.jpg
0.1632341891850258,0.02147584821254794,1.0,0.0,1,drowsy,image_8874 (2).jpg
0.25793491354874887,0.17017424830469738,0.0,0.0,1,drowsy,image_600 (4).jpg
0.23702229448972742,0.0,0.0,0.0,1,drowsy,image_12870.jpg
0.20654929756106527,0.008750410108521687,0.0,0.0,1,drowsy,image_7366 (2).jpg
0.1890356290733819,0.0,1.0,0.0,1,drowsy,img_d_2813.jpg
0.1119340707747361,0.009496286400847874,1.0,0.0,1,drowsy,img_h_6030.jpg
0.09892374947446776,0.07399187122489398,1.0,0.0,1,drowsy,image_12441.jpg
0.03619162487277452,0.010828384531118798,1.0,0.0,1,drowsy,image_15457 (2).jpg
0.12167167152816363,0.007812499938964845,1.0,0.0,1,drowsy,img_e_2813.jpg
0.21714149982229536,0.0,0.0,0.0,1,drowsy,img_d_16936.jpg
0.2338620874518969,0.008129812556079289,0.0,0.0,1,drowsy,image__12383.jpg
0.06142179715604457,0.0,1.0,0.0,1,drowsy,img_f_8410.jpg
0.06317127849486392,0.07304445232448892,1.0,0.0,1,drowsy,image_15312.jpg
0.16113443754988016,0.0,1.0,0.0,1,drowsy,img_d_4292.jpg
0.2433815717647107,0.0,0.0,0.0,1,drowsy,img_j_17835.jpg
0.26300665347921287,0.0,0.0,0.0,1,drowsy,img_c_4988.jpg
0.2421842307526003,0.0,0.0,0.0,1,drowsy,image__12354.jpg
0.08640532413949366,0.009278050712712876,1.0,0.0,1,drowsy,image_16182.jpg
0.07214279599800266,0.11302662191614198,1.0,0.0,1,drowsy,64.jpg
0.15242545004593677,0.0,1.0,0.0,1,drowsy,img_c_9512.jpg
0.2241694668624708,0.11969420933552938,0.0,0.0,1,drowsy,image_10295.jpg
0.12569904590528203,0.011056644465727792,1.0,0.0,1,drowsy,image_12122 (2).jpg
0.11685917397854015,0.007382939374651156,1.0,0.0,1,drowsy,img_j_15950.jpg
0.21004031896934247,0.2994247308349971,0.0,0.0,1,drowsy,70.jpg
0.1900884041683224,0.003921538458105607,1.0,0.0,1,drowsy,image_3306.jpg
0.27022242336767466,0.0,0.0,0.0,1,drowsy,img_j_8700.jpg
0.16817021423300046,0.0,1.0,0.0,1,drowsy,img_d_14674.jpg
0.21790070620567673,0.1776112038701056,0.0,0.0,1,drowsy,58.jpg
0.09408848277302459,0.008326325366185714,1.0,0.0,1,drowsy,image_13978.jpg
0.25011407538348157,0.10508158268708838,0.0,0.0,1,drowsy,img_g_15990.jpg
0.279931664719159,0.5160761512323412,0.0,0.0,1,drowsy,image_180.jpg
0.01688810782042487,0.0,1.0,0.0,1,drowsy,img_d_2146.jpg
0.1618049187987856,0.0034423662743845547,1.0,0.0,1,drowsy,img_k_9420.jpg
0.12200785347992125,0.5875463508992583,1.0,0.0,1,drowsy,8.jpg
0.27488300062985466,0.00733314424983041,0.0,0.0,1,drowsy,img_f_2842.jpg
0.2232132175155151,0.0,0.0,0.0,1,drowsy,img_g_10140.jpg
0.23268055936847298,0.0,0.0,0.0,1,drowsy,img_d_6322.jpg
0.056186057564848735,0.0,1.0,0.0,1,drowsy,image_10121 (2).jpg
0.21121465271681156,0.0,0.0,0.0,1,drowsy,img_d_7772.jpg
0.08797905262037561,0.15634374969321277,1.0,0.0,1,drowsy,66.jpg
0.24428478926379363,0.0,0.0,0.0,1,drowsy,img_f_19517.jpg
0.055395477995538275,0.1454305066963656,1.0,0.0,1,drowsy,72.jpg
0.1877449469639432,0.02241791843947441,1.0,0.0,1,drowsy,image__16124.jpg
0.25035778733447117,0.0,0.0,0.0,1,drowsy,img_e_12660.jpg
0.041305985335704794,0.008032970646377724,1.0,0.0,1,drowsy,img_e_7772.jpg
0.2651498560771181,0.0,0.0,0.0,1,drowsy,img_f_10527.jpg
0.23118417357715978,0.007796100836824433,0.0,0.0,1,drowsy,img_f_7047.jpg
0.19647126694559752,0.0,1.0,0.0,1,drowsy,img_a_9225.jpg
0.18627649142994798,0.0,1.0,0.0,1,drowsy,img_a_2370.jpg
0.19332578957647367,0.0,1.0,0.0,1,drowsy,img_f_2668 (2).jpg
0.18885706583518644,0.009653840875444707,1.0,0.0,1,drowsy,img_g_17820.jpg
0.22157580291613035,0.0,0.0,0.0,1,drowsy,img_g_12780.jpg
0.1376652994243213,0.0,1.0,0.0,1,drowsy,img_g_120.jpg
0.1424884932269073,0.09955394528142603,1.0,0.0,1,drowsy,image_13775.jpg
0.21185828473716492,0.0,0.0,0.0,1,drowsy,img_g_4200.jpg
0.22690996841377564,0.0,0.0,0.0,1,drowsy,image_12325.jpg
0.19825702639972967,0.5384425827881478,1.0,0.0,1,drowsy,image_1860 (4).jpg
0.05335394851808084,0.0,1.0,0.0,1,drowsy,img_h_11430.jpg
0.23660947559746415,0.0,0.0,0.0,1,drowsy,img_c_4785.jpg
0.1770390576883518,0.007999743948291442,1.0,0.0,1,drowsy,img_f_2117.jpg
0.258044033544205,0.0,0.0,0.0,1,drowsy,img_j_16240.jpg
0.19215558154934953,0.0,1.0,0.0,1,drowsy,img_c_9048.jpg
0.14039753861118,0.13892187281284765,1.0,0.0,1,drowsy,image_240 (3).jpg
0.1983309117715953,0.013517216508811753,1.0,0.0,1,drowsy,img_c_17864.jpg
0.1871590732488569,0.0,1.0,0.0,1,drowsy,img_c_6409.jpg
0.14891335611033246,0.0,1.0,0.0,1,drowsy,img_e_13740.jpg
0.04425456195181714,0.008250667747379545,1.0,0.0,1,drowsy,img_e_15457.jpg
0.19033412003314168,0.0,1.0,0.0,1,drowsy,img_g_14130.jpg
0.21631784661340925,0.0,0.0,0.0,1,drowsy,img_f_16733 (2).jpg
0.25910254175897857,0.0,0.0,0.0,1,drowsy,img_j_2987.jpg
0.09693387383106315,0.06786365861029647,1.0,0.0,1,drowsy,image_17922.jpg
0.09881554094797933,0.0,1.0,0.0,1,drowsy,img_f_8439 (2).jpg
0.08536747741816898,1.079505131166725,1.0,1.0,1,drowsy,image_1140 (4).jpg
0.28428461188270626,0.00761961430168273,0.0,0.0,1,drowsy,img_j_16095.jpg
0.25117362398917453,0.006883305261397738,0.0,0.0,1,drowsy,img_g_1620.jpg
0.24381200611838633,0.006421612949442242,0.0,0.0,1,drowsy,img_g_4980.jpg
0.2437573316014086,0.009747403509388047,0.0,0.0,1,drowsy,img_g_450.jpg
0.07795543444333895,0.007737074107525198,1.0,0.0,1,drowsy,img_f_5452.jpg
0.25915030686557206,0.0,0.0,0.0,1,drowsy,image_2610 (2).jpg
0.2585965156367296,0.0,0.0,0.0,1,drowsy,img_f_18386.jpg
0.1210836607020204,0.00957431090579021,1.0,0.0,1,drowsy,img_g_8610.jpg
0.18794963699847617,0.0,1.0,0.0,1,drowsy,img_c_8381.jpg
0.16503324364261507,0.02846035937154542,1.0,0.0,1,drowsy,image_15660.jpg
0.2102208611601929,0.012484404080112711,0.0,0.0,1,drowsy,img_d_18299.jpg
0.20396812273432136,0.0,0.0,0.0,1,drowsy,image_10730.jpg
0.22277413853406985,0.006163335475626953,0.0,0.0,1,drowsy,img_g_9240.jpg
0.1984275762129128,0.0,1.0,0.0,1,drowsy,img_b_0.jpg
0.04705965595728667,0.0,1.0,0.0,1,drowsy,img_f_7279.jpg
0.05385135813391496,0.0,1.0,0.0,1,drowsy,img_f_8062 (2).jpg
0.14236161853771293,0.0,1.0,0.0,1,drowsy,img_d_11281.jpg
0.19473819213623988,0.006598109209258364,1.0,0.0,1,drowsy,img_g_4770.jpg
0.26054852679012974,0.0,0.0,0.0,1,drowsy,img_j_3509.jpg
0.06460359567681939,0.006916317329608606,1.0,0.0,1,drowsy,img_g_3180.jpg
0.04896972286358729,0.0,1.0,0.0,1,drowsy,img_d_14500.jpg
0.19186699621444253,0.01834167790985001,1.0,0.0,1,drowsy,img_d_3886.jpg
0.042294433401050324,0.007664917077331726,1.0,0.0,1,drowsy,img_e_9367.jpg
0.1743733543122706,0.004367478528127921,1.0,0.0,1,drowsy,image__5568.jpg
0.19325457961892353,0.0,1.0,0.0,1,drowsy,img_d_9367.jpg
0.23090126570278208,0.011591524961718376,0.0,0.0,1,drowsy,img_e_3886.jpg
0.13529995665631456,0.22311032054380378,1.0,0.0,1,drowsy,image_17835 (2).jpg
0.21549164987368544,0.008474271936234073,0.0,0.0,1,drowsy,image_2436.jpg
0.17682065391194302,0.009174311842437506,1.0,0.0,1,drowsy,image_10092 (2).jpg
0.17310587412280654,0.0,1.0,0.0,1,drowsy,img_f_8178 (2).jpg
0.2129349359264543,0.0,0.0,0.0,1,drowsy,img_c_7105.jpg
0.20283242858542355,0.0,0.0,0.0,1,drowsy,img_c_8236.jpg
0.22160676652550315,0.0,0.0,0.0,1,drowsy,img_c_841.jpg
0.18040221843623055,0.01388754929789369,1.0,0.0,1,drowsy,img_d_13253.jpg
0.24795828706689724,0.008379430546708906,0.0,0.0,1,drowsy,img_f_13369 (2).jpg
0.18898825116422596,0.0,1.0,0.0,1,drowsy,image_1470 (2).jpg
0.06982109084767142,0.004792182451384427,1.0,0.0,1,drowsy,img_k_8460.jpg
0.16808440433127972,0.0,1.0,0.0,1,drowsy,img_e_12270.jpg
0.22323040912390077,0.006726727894714257,0.0,0.0,1,drowsy,img_g_11100.jpg
0.17873911691381666,0.0,1.0,0.0,1,drowsy,img_d_15805.jpg
0.11101822795158062,0.018058368455482463,1.0,0.0,1,drowsy,img_c_2900.jpg
0.1950750812426978,0.0,1.0,0.0,1,drowsy,img_d_12818.jpg
0.2185292487378157,0.0069462870682209755,0.0,0.0,1,drowsy,img_g_12390.jpg
0.22485701719191586,0.0,0.0,0.0,1,drowsy,img_g_1740.jpg
0.25215093389124693,0.055496644072930326,0.0,0.0,1,drowsy,image_551.jpg
0.21751257351775743,0.007800843567994342,0.0,0.0,1,drowsy,img_e_10498.jpg
0.1034997615656302,0.01140791609788362,1.0,0.0,1,drowsy,img_f_3625.jpg
0.15585845792584174,0.0,1.0,0.0,1,drowsy,img_g_16860.jpg
0.18155714049589847,0.013117080731277302,1.0,0.0,1,drowsy,img_c_14558.jpg
0.21227173575510566,0.021828858465372355,0.0,0.0,1,drowsy,image__17400.jpg
0.18523469171345605,0.0,1.0,0.0,1,drowsy,img_f_2088.jpg
0.22846172845445212,0.00418351452578334,0.0,0.0,1,drowsy,image_2146.jpg
0.07719758272684936,0.01149729117635841,1.0,0.0,1,drowsy,image_16443 (3).jpg
0.18307946227556537,0.0,1.0,0.0,1,drowsy,img_d_13079.jpg
0.22465588895398997,0.0,0.0,0.0,1,drowsy,img_c_5510.jpg
0.2108831679410423,0.0,0.0,0.0,1,drowsy,img_g_10020.jpg
0.1812134257043066,0.0,1.0,0.0,1,drowsy,img_d_2030.jpg
0.21544196830992976,0.0,0.0,0.0,1,drowsy,img_g_14520.jpg
0.2553181558056427,0.008531752340575151,0.0,0.0,1,drowsy,img_f_13166.jpg
0.20499996876098692,0.01910401773945359,0.0,0.0,1,drowsy,img_d_3306.jpg
0.22550968416093473,0.0,0.0,0.0,1,drowsy,img_c_6757.jpg
0.1420127367275685,0.19246395619666343,1.0,0.0,1,drowsy,image_960.jpg
0.1141236445265333,0.19988897806619718,1.0,0.0,1,drowsy,image_3270.jpg
0.23279453075893014,0.0,0.0,0.0,1,drowsy,img_c_17284.jpg
0.20652800034047902,0.0,0.0,0.0,1,drowsy,img_j_3045.jpg
0.2268317371669621,0.0,0.0,0.0,1,drowsy,img_d_17545.jpg
0.23655930025777394,0.0095830995168209,0.0,0.0,1,drowsy,img_g_1230.jpg
0.12719144160364299,0.04148092231649741,1.0,0.0,1,drowsy,image_4292.jpg
0.21785294847847597,0.006092127209113672,0.0,0.0,1,drowsy,image__9193.jpg
0.2172336690277239,0.013333333155555559,0.0,0.0,1,drowsy,img_c_10266.jpg
0.23979649775386214,0.010979071756736453,0.0,0.0,1,drowsy,img_e_15090.jpg
0.23089542599051757,0.013290870203834433,0.0,0.0,1,drowsy,img_c_16617.jpg
0.19575748347065453,0.009174311867089743,1.0,0.0,1,drowsy,img_g_5730.jpg
0.2179358666040872,0.0,0.0,0.0,1,drowsy,img_c_464.jpg
0.2578831515605609,0.007120910549808447,0.0,0.0,1,drowsy,img_g_17940.jpg
0.14883371649608956,0.0,1.0,0.0,1,drowsy,img_d_11861.jpg
0.2545704337242115,0.008353662038601769,0.0,0.0,1,drowsy,img_f_19488.jpg
0.0946958096112033,0.1021607912088327,1.0,0.0,1,drowsy,image_13601.jpg
0.1884715794873171,0.0,1.0,0.0,1,drowsy,img_c_8961.jpg
0.2467302624193758,0.008143279208492707,0.0,0.0,1,drowsy,img_f_18966.jpg
0.24394244051289557,0.0,0.0,0.0,1,drowsy,img_j_17980.jpg
0.25339514601396174,0.007699600649776723,0.0,0.0,1,drowsy,img_f_1218.jpg
0.2392111204407118,0.00844430759731173,0.0,0.0,1,drowsy,img_f_13833.jpg
0.08977524170462124,0.024040421795413235,1.0,0.0,1,drowsy,image_16037.jpg
0.21703215515088053,0.0066041497228707955,0.0,0.0,1,drowsy,img_g_12810.jpg
0.20954241398502726,0.009053574522284641,0.0,0.0,1,drowsy,img_a_1725.jpg
0.1315533608953967,0.008360958486831991,1.0,0.0,1,drowsy,image_14152.jpg
0.19229862135429276,0.016883800267191496,1.0,0.0,1,drowsy,image_2813.jpg
0.17773706022870617,0.013444637539127571,1.0,0.0,1,drowsy,img_g_6210.jpg
0.2640802171585094,0.0,0.0,0.0,1,drowsy,img_f_9889.jpg
0.2487285524928337,0.12727332070192415,0.0,0.0,1,drowsy,image_9947.jpg
0.21932746259588048,0.0,0.0,0.0,1,drowsy,img_c_13746.jpg
0.17815385158196517,0.0,1.0,0.0,1,drowsy,img_b_10614.jpg
0.20903208987191185,0.0,0.0,0.0,1,drowsy,img_d_9831.jpg
0.17339649683722227,0.21374433940218243,1.0,0.0,1,drowsy,image_12963 (2).jpg
0.08107877508596119,0.0,1.0,0.0,1,drowsy,image_18212 (2).jpg
0.26390265895236587,0.0,0.0,0.0,1,drowsy,img_c_4814.jpg
0.1172395487309196,0.10786683964337575,1.0,0.0,1,drowsy,image_13166.jpg
0.2607897961363935,0.1764366709511325,0.0,0.0,1,drowsy,image_2190.jpg
0.1939786602554209,0.0,1.0,0.0,1,drowsy,img_d_5945.jpg
0.0360438955728547,0.01113415922061944,1.0,0.0,1,drowsy,img_e_2958.jpg
0.2202612030030061,0.0,0.0,0.0,1,drowsy,img_d_2958.jpg
0.2756288928988331,0.6734441043739288,0.0,1.0,1,drowsy,img_e_5945.jpg
0.279177251381087,0.0,0.0,0.0,1,drowsy,img_e_14370.jpg
0.17001006667886182,0.0065707049859620075,1.0,0.0,1,drowsy,img_g_900.jpg
0.046714754587341034,0.07844978783530251,1.0,0.0,1,drowsy,image_18966.jpg
0.21935792705050733,0.0,0.0,0.0,1,drowsy,img_f_16037.jpg
0.10186300174554197,0.1265507085714121,1.0,0.0,1,drowsy,image_13833.jpg
0.21116402858399175,0.0,0.0,0.0,1,drowsy,img_c_15486.jpg
0.20859774498895545,0.012047318269635492,0.0,0.0,1,drowsy,img_c_5539.jpg
0.26055542379427854,0.008539214515996735,0.0,0.0,1,drowsy,img_f_9686.jpg
0.23595930047062913,0.0,0.0,0.0,1,drowsy,img_g_13500.jpg
0.14652822074286687,0.0,1.0,0.0,1,drowsy,img_d_1276.jpg
0.19194390156823624,0.0,1.0,0.0,1,drowsy,img_d_13050.jpg
0.18931465613083182,0.04350962093198273,1.0,0.0,1,drowsy,image_19488.jpg
0.17433126689870115,0.012654173162613516,1.0,0.0,1,drowsy,img_d_9164.jpg
0.25114359281401955,0.006714585776783216,0.0,0.0,1,drowsy,img_g_12150.jpg
0.26758565500289183,0.0,0.0,0.0,1,drowsy,img_e_11220.jpg
0.15349332305850266,0.012982634189551132,1.0,0.0,1,drowsy,img_d_14065.jpg
0.26750529536903483,0.20118110816023474,0.0,0.0,1,drowsy,image_1410 (5).jpg
0.22931000887730196,0.0,0.0,0.0,1,drowsy,img_d_6525.jpg
0.13026303044057502,0.004422009143388955,1.0,0.0,1,drowsy,image__11716.jpg
0.1663075668975977,0.0,1.0,0.0,1,drowsy,img_d_14703.jpg
0.25018885662996826,0.011107683255434849,0.0,0.0,1,drowsy,img_j_9541.jpg
0.216183788214939,0.007878902130354236,0.0,0.0,1,drowsy,img_f_4611.jpg
0.1550876405522173,0.012496095423949133,1.0,0.0,1,drowsy,img_c_6583.jpg
0.11091700499814008,0.01176511288885535,1.0,0.0,1,drowsy,img_e_11977.jpg
0.24191970179951555,0.006880209114200537,0.0,0.0,1,drowsy,img_g_14910.jpg
0.2450294184693198,0.013207723406169653,0.0,0.0,1,drowsy,img_g_3630.jpg
0.23384148870740834,0.011556253993593613,0.0,0.0,1,drowsy,img_f_9309.jpg
0.12804598747870916,0.04409985977985509,1.0,0.0,1,drowsy,img_f_12499 (2).jpg
0.15097812404789634,0.011202064829450025,1.0,0.0,1,drowsy,img_e_17490.jpg
0.23947003453674987,0.006751211061544403,0.0,0.0,1,drowsy,img_g_6990.jpg
0.20986550287781158,0.0,0.0,0.0,1,drowsy,img_c_667.jpg
0.27792151620750427,0.0,0.0,0.0,1,drowsy,img_j_7975.jpg
0.08257533587688567,0.21653408081399275,1.0,0.0,1,drowsy,image_60 (2).jpg
0.09778233944670763,0.1107901258890711,1.0,0.0,1,drowsy,image_7598.jpg
0.1883067882080151,0.013275635766842783,1.0,0.0,1,drowsy,img_c_16414.jpg
0.14019949734686094,0.0,1.0,0.0,1,drowsy,img_f_1972.jpg
0.23831813936049578,0.0,0.0,0.0,1,drowsy,img_j_10585.jpg
0.18762917638582954,0.0,1.0,0.0,1,drowsy,img_d_4118.jpg
0.3241172314899995,0.23999999520000012,0.0,0.0,1,drowsy,image_930 (5).jpg
0.17793446333576368,0.0,1.0,0.0,1,drowsy,img_d_14529.jpg
0.19721793551663058,0.01234473812927683,1.0,0.0,1,drowsy,img_c_6554.jpg
0.03136545987290656,0.007873039487710731,1.0,0.0,1,drowsy,img_e_4118.jpg
0.1537999986164024,0.013698629949333838,1.0,0.0,1,drowsy,img_d_2233.jpg
0.19020563233208365,0.009005720368201986,1.0,0.0,1,drowsy,image_9164 (2).jpg
0.25195063244511706,0.012649110480673518,0.0,0.0,1,drowsy,img_c_5075.jpg
0.20024345013442132,0.011903918261310683,0.0,0.0,1,drowsy,img_c_5713.jpg
0.15384931181231865,0.0068886927290961785,1.0,0.0,1,drowsy,img_g_12420.jpg
0.22343611300982105,0.05737716738614717,0.0,0.0,1,drowsy,img_g_6600.jpg
0.1287213499394699,0.012819459160727294,1.0,0.0,1,drowsy,img_d_12789.jpg
0.20478859108429495,0.13156747043869746,0.0,0.0,1,drowsy,image_6902.jpg
0.18377756506617615,0.0,1.0,0.0,1,drowsy,image_9106 (2).jpg
0.2443110648483265,0.11528251084756427,0.0,0.0,1,drowsy,image_8091.jpg
0.21114512903469687,0.0,0.0,0.0,1,drowsy,img_d_17197.jpg
0.2352777221840824,0.012207382588556253,0.0,0.0,1,drowsy,image__6699.jpg
0.04410858886770077,0.008542017883997534,1.0,0.0,1,drowsy,img_e_11803.jpg
0.08901300934626975,0.008291976516326368,1.0,0.0,1,drowsy,img_f_17922.jpg
0.24286091132804946,0.008304547916408481,0.0,0.0,1,drowsy,img_j_12557.jpg
0.08120237908014666,0.04577209380804503,1.0,0.0,1,drowsy,image_17052 (2).jpg
0.1187856140389078,0.0,1.0,0.0,1,drowsy,img_f_7250.jpg
0.26507733022932645,0.11764705783489868,0.0,0.0,1,drowsy,image_2580.jpg
0.24069186266198178,0.011457226817552794,0.0,0.0,1,drowsy,img_e_6690.jpg
0.08808419919551683,0.5259920927734105,1.0,0.0,1,drowsy,image_1800 (3).jpg
0.1741969076385034,0.0,1.0,0.0,1,drowsy,image_390 (2).jpg
0.2578240976072054,0.0,0.0,0.0,1,drowsy,img_a_6315.jpg
0.22653247573586496,0.009448057350253445,0.0,0.0,1,drowsy,img_g_10380.jpg
0.2243039998522175,0.006388765609183073,0.0,0.0,1,drowsy,img_g_3750.jpg
0.1748103795263131,0.0,1.0,0.0,1,drowsy,img_d_12992.jpg
0.23030840092440139,0.0,0.0,0.0,1,drowsy,image_10080.jpg
0.21379271432763303,0.0,0.0,0.0,1,drowsy,img_e_8642.jpg
0.2144763859701071,0.0,0.0,0.0,1,drowsy,img_d_17632.jpg
0.13601369644845443,0.07875817289312126,1.0,0.0,1,drowsy,image_1710.jpg
0.1581790187416421,0.012969524828394443,1.0,0.0,1,drowsy,img_d_8642.jpg
0.11682491459580353,0.0,1.0,0.0,1,drowsy,img_e_14760.jpg
0.15816445324085388,0.008999882921283557,1.0,0.0,1,drowsy,image_9425 (2).jpg
0.2856704993036904,0.01069106049740323,0.0,0.0,1,drowsy,img_e_8130.jpg
0.1212929091519158,0.019683666285750544,1.0,0.0,1,drowsy,img_f_10730.jpg
0.20945559945006795,0.007427813471909662,0.0,0.0,1,drowsy,img_g_13110.jpg
0.10293904286346035,0.008583769970062305,1.0,0.0,1,drowsy,img_f_15660.jpg
0.2880047080793201,0.0109599323669037,0.0,0.0,1,drowsy,img_e_15330.jpg
0.07055224038448285,0.0620781437821228,1.0,0.0,1,drowsy,image_18386.jpg
0.19501269236508667,0.009053389027927287,1.0,0.0,1,drowsy,img_g_5490.jpg
0.2510652685203665,0.0065707049859620075,0.0,0.0,1,drowsy,img_g_12540.jpg
0.21134336349645075,0.0,0.0,0.0,1,drowsy,img_d_17168.jpg
0.05504868288365122,0.00796540957932863,1.0,0.0,1,drowsy,image_15544 (2).jpg
0.2182373521113675,0.14437069069075914,0.0,0.0,1,drowsy,image__9541.jpg
0.19785014365066006,0.0,1.0,0.0,1,drowsy,img_d_551.jpg
0.22582517598146995,0.014879041330768086,0.0,0.0,1,drowsy,img_e_4050.jpg
0.19162447921656378,0.008515959953724008,1.0,0.0,1,drowsy,image_10527.jpg
0.17471928913033458,0.0,1.0,0.0,1,drowsy,img_d_8497.jpg
0.21914248661869917,0.0,0.0,0.0,1,drowsy,image_12296 (2).jpg
0.16132238082650263,0.030700277694228936,1.0,0.0,1,drowsy,img_e_8497.jpg
0.22240090209285646,0.0071574791276938455,0.0,0.0,1,drowsy,img_g_10800.jpg
0.23199695969131234,0.0,0.0,0.0,1,drowsy,img_j_14442.jpg
0.08405915850965338,0.031972132317691276,1.0,0.0,1,drowsy,image_19517.jpg
0.16507945360542736,0.0,1.0,0.0,1,drowsy,img_g_2670.jpg
0.23011431133775076,0.010780143930731869,0.0,0.0,1,drowsy,image_4495.jpg
0.23224515745611035,0.0,0.0,0.0,1,drowsy,img_e_11397.jpg
0.21862017173348086,0.006488583605358198,0.0,0.0,1,drowsy,img_g_2880.jpg
0.2320620085329853,0.0,0.0,0.0,1,drowsy,img_c_16762.jpg
0.267298865868686,0.0,0.0,0.0,1,drowsy,img_j_16269.jpg
0.027134315115060086,0.0,1.0,0.0,1,drowsy,image_18270 (2).jpg
0.09102604208551532,0.0,1.0,0.0,1,drowsy,73.jpg
0.21357707972255388,0.008539214515996735,0.0,0.0,1,drowsy,image_7163.jpg
0.2741198112837599,0.3213291887670016,0.0,0.0,1,drowsy,image_2160 (2).jpg
0.16831204437360453,0.0,1.0,0.0,1,drowsy,image__14732.jpg
0.2161837672135759,0.15854697359143397,0.0,0.0,1,drowsy,img_e_11368.jpg
0.1627462202369613,0.0,1.0,0.0,1,drowsy,img_g_17160.jpg
0.1695311599692254,0.09272387112997695,1.0,0.0,1,drowsy,image_9628.jpg
0.20248469103233938,0.0,0.0,0.0,1,drowsy,img_f_12325.jpg
0.11915764635380535,0.28194193159641995,1.0,0.0,1,drowsy,image_1260.jpg
0.25353175508976317,0.06657205320200461,0.0,0.0,1,drowsy,img_h_10920.jpg
0.24139220429604752,0.0,0.0,0.0,1,drowsy,img_e_1470.jpg
0.21231434972923405,0.0,0.0,0.0,1,drowsy,img_d_17342.jpg
0.26422462684414494,0.0,0.0,0.0,1,drowsy,image_5760.jpg
0.18158118741635476,0.01178511292156652,1.0,0.0,1,drowsy,image__9947 (2).jpg
0.22879858467995462,0.49999999107711757,0.0,0.0,1,drowsy,67.jpg
0.229054042062855,0.007851267392950887,0.0,0.0,1,drowsy,img_k_6060.jpg
0.15092863480952715,0.0,1.0,0.0,1,drowsy,img_d_8468.jpg
0.07111622584226657,0.0,1.0,0.0,1,drowsy,img_e_13543.jpg
0.18708139388475306,0.0,1.0,0.0,1,drowsy,9.jpg
0.1859495910845227,0.01109946950131746,1.0,0.0,1,drowsy,img_e_11340.jpg
0.21418118026525357,0.0,0.0,0.0,1,drowsy,img_g_690.jpg
0.2401587551348689,0.0,0.0,0.0,1,drowsy,img_g_12030.jpg
0.21488538008994335,0.0,0.0,0.0,1,drowsy,img_f_1392.jpg
0.22501173420294987,0.03920467269156819,0.0,0.0,1,drowsy,img_e_11426.jpg
0.1318733283624717,0.0,1.0,0.0,1,drowsy,img_d_10411.jpg
0.23932435689260084,0.007304915617352233,0.0,0.0,1,drowsy,img_g_16530.jpg
0.15044540991850863,0.0,1.0,0.0,1,drowsy,img_d_15254.jpg
0.08613000034214766,0.009671885426052636,1.0,0.0,1,drowsy,img_h_1920.jpg
0.13308725253788728,0.10810867621951227,1.0,0.0,1,drowsy,image_13920.jpg
0.09076532667948967,0.0,1.0,0.0,1,drowsy,img_f_16124.jpg
0.16588434416249678,0.7798598227434501,1.0,1.0,1,drowsy,00.jpg
0.19382678365532452,0.0,1.0,0.0,1,drowsy,img_d_7714.jpg
0.2247278945081372,0.004424735426484558,0.0,0.0,1,drowsy,image__10527.jpg
0.2520959541085466,0.010080716797441408,0.0,0.0,1,drowsy,img_j_3625.jpg
0.15135290655827133,0.0,1.0,0.0,1,drowsy,14.jpg
0.22957707981797038,0.0,0.0,0.0,1,drowsy,image__7047.jpg
0.23121647821596814,0.013823710388998151,0.0,0.0,1,drowsy,img_c_16936.jpg
0.2694606665188107,0.0,0.0,0.0,1,drowsy,img_e_13530.jpg
0.24547936783091867,0.0066833214314381785,0.0,0.0,1,drowsy,image__2117.jpg
0.1844591966175475,0.0,1.0,0.0,1,drowsy,img_f_10498 (2).jpg
0.21672930346273622,0.006779544116880591,0.0,0.0,1,drowsy,img_g_14340.jpg
0.1985171380722196,0.019900743408160188,1.0,0.0,1,drowsy,image_2040.jpg
0.19288475911297173,0.0,1.0,0.0,1,drowsy,img_f_18647.jpg
0.2509668262318936,0.0,0.0,0.0,1,drowsy,img_e_11455.jpg
0.14081820509823467,0.017323972916760886,1.0,0.0,1,drowsy,28.jpg
0.15740020311793226,0.009799683771263777,1.0,0.0,1,drowsy,image_10324 (2).jpg
0.2148070915346536,0.0,0.0,0.0,1,drowsy,img_d_9077.jpg
0.19513439298826202,0.01935644987083222,1.0,0.0,1,drowsy,img_d_4553.jpg
0.23531143155832598,0.004181136936392602,0.0,0.0,1,drowsy,image_2726.jpg
0.2854319253138855,0.008143279208492707,0.0,0.0,1,drowsy,img_j_10643.jpg
0.18699771038465843,0.0,1.0,0.0,1,drowsy,img_c_7598.jpg
0.23389911476564004,0.006752904116643584,0.0,0.0,1,drowsy,img_g_4500.jpg
0.17077850030247246,0.029315304501321037,1.0,0.0,1,drowsy,image_14732.jpg
0.21535543148529512,0.006429040461898063,0.0,0.0,1,drowsy,img_g_9030.jpg
0.2015701527338395,0.0,0.0,0.0,1,drowsy,img_f_3509.jpg
0.18504070582419155,0.0,1.0,0.0,1,drowsy,img_d_15283.jpg
0.22163537625513519,0.007818228278884834,0.0,0.0,1,drowsy,img_f_1450.jpg
0.17280429456871688,0.009012118123756668,1.0,0.0,1,drowsy,img_g_8460.jpg
0.20113009763097345,0.013170555993987478,0.0,0.0,1,drowsy,image_2929.jpg
0.24739410781043053,0.0,0.0,0.0,1,drowsy,img_e_4590.jpg
0.05803324138762407,0.0075016411072518,1.0,0.0,1,drowsy,image_9715 (2).jpg
0.23045476954935784,0.13962644149360096,0.0,0.0,1,drowsy,image_899.jpg
0.043508144959297064,0.0,1.0,0.0,1,drowsy,image_6583.jpg
0.24659818661843505,0.0,0.0,0.0,1,drowsy,img_d_3770.jpg
0.24231960344638775,0.0,0.0,0.0,1,drowsy,image_1500 (4).jpg
0.12724380057910728,0.009336217571122251,1.0,0.0,1,drowsy,img_g_11760.jpg
0.1876185428503298,0.0,1.0,0.0,1,drowsy,img_d_3016.jpg
0.17492769625281254,0.01331441055176416,1.0,0.0,1,drowsy,img_d_13427.jpg
0.23455011501797385,0.0,0.0,0.0,1,drowsy,img_e_3770.jpg
0.18079083636222953,0.026432743771179393,1.0,0.0,1,drowsy,image_9860 (2).jpg
0.2391734129867815,0.0,0.0,0.0,1,drowsy,image__12441 (2).jpg
0.17395622180682987,0.0,1.0,0.0,1,drowsy,img_d_11542.jpg
0.044552555331257966,0.0,1.0,0.0,1,drowsy,image_9918 (2).jpg
0.2177528347389759,0.12390599852293745,0.0,0.0,1,drowsy,image_600 (3).jpg
0.09467932283731428,0.0,1.0,0.0,1,drowsy,img_e_725.jpg
0.1540557242232133,0.0,1.0,0.0,1,drowsy,img_d_2320.jpg
0.22295328930019068,0.009460733640328694,0.0,0.0,1,drowsy,img_g_6840.jpg
0.20404746947388344,0.0,0.0,0.0,1,drowsy,img_d_522.jpg
0.09767069117422772,0.013332148128403257,1.0,0.0,1,drowsy,img_d_13369.jpg
0.12283696938513058,0.0,1.0,0.0,1,drowsy,img_d_15718.jpg
0.19368044268713405,0.0,1.0,0.0,1,drowsy,img_d_16211.jpg
0.17396056293921777,0.4070741416731383,1.0,0.0,1,drowsy,image_480.jpg
0.21760247515902054,0.0,0.0,0.0,1,drowsy,img_c_18270.jpg
0.10237591765675925,0.03310967854244526,1.0,0.0,1,drowsy,image_16327.jpg
0.2863541877712892,0.008328418633557128,0.0,0.0,1,drowsy,img_f_15834.jpg
0.27838164144074407,0.008997514722521712,0.0,0.0,1,drowsy,img_g_9540.jpg
0.25099189518345716,0.010438208562744947,0.0,0.0,1,drowsy,img_j_1595.jpg
0.17971371508956677,0.0,1.0,0.0,1,drowsy,img_d_16588.jpg
0.2708404112826363,0.0,0.0,0.0,1,drowsy,img_j_18009.jpg
0.20861283960709584,0.0,0.0,0.0,1,drowsy,img_c_18502.jpg
0.24509850046255766,0.00685494510329986,0.0,0.0,1,drowsy,img_j_2088.jpg
0.18817246011579608,0.14812274930562394,1.0,0.0,1,drowsy,image_1200 (3).jpg
0.15441927135938555,0.0,1.0,0.0,1,drowsy,image_990 (2).jpg
0.252862234840682,0.07473724006561278,0.0,0.0,1,drowsy,image_4814.jpg
0.08703702438850922,0.0,1.0,0.0,1,drowsy,img_f_17951.jpg
0.062023538612376694,0.008223839871947735,1.0,0.0,1,drowsy,img_f_7975 (2).jpg
0.11936138841459296,0.011170221368913078,1.0,0.0,1,drowsy,image_11687 (2).jpg
0.09602803355451504,0.007596275641668332,1.0,0.0,1,drowsy,img_f_3045.jpg
0.12222499682253601,0.0,1.0,0.0,1,drowsy,img_c_9947.jpg
0.10661246214689299,0.05420385023797653,1.0,0.0,1,drowsy,image_17777.jpg
0.19397828907625114,0.05381158895275674,1.0,0.0,1,drowsy,image_18444.jpg
0.26570394776014505,0.0,0.0,0.0,1,drowsy,img_j_10469.jpg
0.1619800893032394,0.1679692302496823,1.0,0.0,1,drowsy,image_1950.jpg
0.03902052818347172,0.0,1.0,0.0,1,drowsy,img_d_8816.jpg
0.2106492532973449,0.009292279827320404,0.0,0.0,1,drowsy,image__3625.jpg
0.16762451463788142,0.0,1.0,0.0,1,drowsy,img_h_4290.jpg
0.13364740893347515,0.19996000799760086,1.0,0.0,1,drowsy,image_3000.jpg
0.07750641021265692,0.0,1.0,0.0,1,drowsy,image_1020 (2).jpg
0.2200694302170731,0.006248779615339246,0.0,0.0,1,drowsy,img_g_3870.jpg
0.15322809916451186,0.0,1.0,0.0,1,drowsy,img_j_7047.jpg
0.24436299445577844,0.007091485173938643,0.0,0.0,1,drowsy,img_g_15300.jpg
0.24696849202637147,0.00892910525526184,0.0,0.0,1,drowsy,img_g_7380.jpg
0.20273159069109703,0.013328594941838832,0.0,0.0,1,drowsy,img_d_5249.jpg
0.09974035303003062,0.0,1.0,0.0,1,drowsy,img_f_10179.jpg
0.19913274990988927,0.0,1.0,0.0,1,drowsy,image__4176.jpg
0.1729021699110026,0.01158957856607681,1.0,0.0,1,drowsy,img_b_17487.jpg
0.2738299063335594,0.7095537134672573,0.0,1.0,1,drowsy,image_2070 (3).jpg
0.18966492462875656,0.0077287506929199735,1.0,0.0,1,drowsy,img_e_5249.jpg
0.21903266358768023,0.018593592577698416,0.0,0.0,1,drowsy,img_d_6032.jpg
0.17388607772828196,0.0,1.0,0.0,1,drowsy,img_c_9628.jpg
0.2591147341754843,0.06450773835288424,0.0,0.0,1,drowsy,image_6150.jpg
0.14985913210241952,0.0,1.0,0.0,1,drowsy,img_c_7163.jpg
0.10389688637269617,0.004024609240881151,1.0,0.0,1,drowsy,image_12035.jpg
0.22345992885425636,0.00632911388399295,0.0,0.0,1,drowsy,img_g_4110.jpg
0.19310268360929,0.007021737790271867,1.0,0.0,1,drowsy,img_g_9420.jpg
0.08953820389454228,0.011482123239565623,1.0,0.0,1,drowsy,img_f_5568.jpg
0.16745196804726253,0.008535791922666654,1.0,0.0,1,drowsy,image_10150.jpg
0.19116687824423598,0.0071897804674297275,1.0,0.0,1,drowsy,img_j_2842.jpg
0.22128529302076733,0.0,0.0,0.0,1,drowsy,img_c_17023.jpg
0.20647304940361733,0.012803687829355174,0.0,0.0,1,drowsy,img_d_10933.jpg
0.25376707773775053,0.13954438742329892,0.0,0.0,1,drowsy,img_h_6450.jpg
0.23912423819288325,0.0,0.0,0.0,1,drowsy,img_c_4495.jpg
0.19707583346263868,0.00839861796657758,1.0,0.0,1,drowsy,img_a_9135.jpg
0.1856915009803714,0.012811040536278705,1.0,0.0,1,drowsy,img_d_15863.jpg
0.1501905077271541,0.23678643417269715,1.0,0.0,1,drowsy,image_1830.jpg
0.10298461991283009,0.0,1.0,0.0,1,drowsy,img_g_8070.jpg
0.08578038064310722,0.06319189057649759,1.0,0.0,1,drowsy,image_17603.jpg
0.19523123247235363,0.02997602846213292,1.0,0.0,1,drowsy,image_9802 (2).jpg
0.31106030277561125,0.12754414716318932,0.0,0.0,1,drowsy,image_420 (2).jpg
0.2274418481694528,0.006528143883131151,0.0,0.0,1,drowsy,img_g_7800.jpg
0.23083410189720244,0.0,0.0,0.0,1,drowsy,img_c_4640.jpg
0.22565314028032427,0.006803350748814886,0.0,0.0,1,drowsy,img_g_11370.jpg
0.20482247702242223,0.012803687829355174,0.0,0.0,1,drowsy,img_c_11687.jpg
0.2667986340814319,0.007963388799308569,0.0,0.0,1,drowsy,img_f_10353.jpg
0.21780044361319545,0.06431196915270553,0.0,0.0,1,drowsy,image_12586.jpg
0.2993409623374674,0.0,0.0,0.0,1,drowsy,img_j_5452.jpg
0.10265014359259589,0.23495450104423124,1.0,0.0,1,drowsy,image_1680 (3).jpg
0.049233845666450775,0.004078677896785189,1.0,0.0,1,drowsy,image_11919.jpg
0.21897248463096047,0.0045942183932100285,0.0,0.0,1,drowsy,image__13166.jpg
0.07938130862424012,0.015938405383804307,1.0,0.0,1,drowsy,image_16414 (2).jpg
0.0951056648944048,0.009451643791537052,1.0,0.0,1,drowsy,img_g_14220.jpg
0.2038358269786942,0.0,0.0,0.0,1,drowsy,img_a_8940.jpg
0.24615312338260306,0.10946983898220967,0.0,0.0,1,drowsy,img_e_8584.jpg
0.11353529717333102,0.0,1.0,0.0,1,drowsy,img_h_6120.jpg
0.08527303758291693,0.00875812548564047,1.0,0.0,1,drowsy,image_16762 (2).jpg
0.11595265105115724,0.07735587878706908,1.0,0.0,1,drowsy,image_17429.jpg
0.24485481740231807,0.006629498301995922,0.0,0.0,1,drowsy,img_g_9150.jpg
0.249260204987719,0.0,0.0,0.0,1,drowsy,img_b_12064.jpg
0.18201011073246842,0.0,1.0,0.0,1,drowsy,img_d_8584.jpg
0.13267965954878608,0.0,1.0,0.0,1,drowsy,img_f_14848.jpg
0.14520360600937615,0.007796337767966916,1.0,0.0,1,drowsy,img_f_5742.jpg
0.25085890982999703,0.0,0.0,0.0,1,drowsy,img_g_1530.jpg
0.0832325774328253,0.014538247178015964,1.0,0.0,1,drowsy,image_17545 (2).jpg
0.1612648029625004,0.0057981975967238515,1.0,0.0,1,drowsy,image_11716.jpg
0.20769916095685434,0.014249409794536247,0.0,0.0,1,drowsy,img_c_8091.jpg
0.1143771751032193,0.0,1.0,0.0,1,drowsy,img_f_18096.jpg
0.1859852776877003,0.0,1.0,0.0,1,drowsy,img_c_6902.jpg
0.25561202428397234,0.0,0.0,0.0,1,drowsy,img_c_4872.jpg
0.23170376523794042,0.10810810762113465,0.0,0.0,1,drowsy,image__9686.jpg
0.11456401863322921,0.08287532823974124,1.0,0.0,1,drowsy,image_17400.jpg
0.19381521089354503,0.012632950639746765,1.0,0.0,1,drowsy,img_d_696.jpg
0.2462613631845244,0.0,0.0,0.0,1,drowsy,img_f_15515 (2).jpg
0.25183615403526877,0.02195549724552382,0.0,0.0,1,drowsy,img_g_7140.jpg
0.18395755370580025,0.5675211742914161,1.0,0.0,1,drowsy,image_720.jpg
0.19665022002194213,0.0,1.0,0.0,1,drowsy,img_f_12586.jpg
0.1168208995714923,0.06592916915287626,1.0,0.0,1,drowsy,image_8381.jpg
0.19866832142049812,0.0,1.0,0.0,1,drowsy,img_g_2010.jpg
0.24910999040217424,0.007237072287166943,0.0,0.0,1,drowsy,img_g_6510.jpg
0.19966411276384086,0.0,1.0,0.0,1,drowsy,img_d_12499.jpg
0.1357702198819308,0.12842813044583537,1.0,0.0,1,drowsy,image_10353.jpg
0.2856864281644293,0.009524241407850756,0.0,0.0,1,drowsy,img_i_16617.jpg
0.08690345779058477,0.03402765935653997,1.0,0.0,1,drowsy,image_18096.jpg
0.22498307040472065,0.0,0.0,0.0,1,drowsy,img_c_4669.jpg
0.08595679462071662,0.0,1.0,0.0,1,drowsy,img_e_11520.jpg
0.24547622344050762,0.009411373867671317,0.0,0.0,1,drowsy,img_g_16350.jpg
0.20568257471550977,0.0,0.0,0.0,1,drowsy,img_f_11716.jpg
0.1875351372238344,0.01295971882691329,1.0,0.0,1,drowsy,img_d_899.jpg
0.2733006526509074,0.0,0.0,0.0,1,drowsy,image_2880 (2).jpg
0.051702088423047826,0.0,1.0,0.0,1,drowsy,img_e_11252.jpg
0.22828891978210597,0.0,0.0,0.0,1,drowsy,image__13601.jpg
0.25953859506479515,0.004483899180893072,0.0,0.0,1,drowsy,image__9889.jpg
0.08898391520467733,0.0086380395754248,1.0,0.0,1,drowsy,image_16588 (2).jpg
0.08585043794230407,0.03769806143098613,1.0,0.0,1,drowsy,image_14848.jpg
0.07313750533698896,0.0,1.0,0.0,1,drowsy,img_f_7801.jpg
0.24007038892771732,0.007355924503856125,0.0,0.0,1,drowsy,img_j_14587.jpg
0.21554967885337473,0.007867920396591567,0.0,0.0,1,drowsy,img_e_16501.jpg
0.20180069482762572,0.02875837857670448,0.0,0.0,1,drowsy,img_g_13200.jpg
0.21156800473823606,0.08865734592663446,0.0,0.0,1,drowsy,image_9048.jpg
0.1775134057342273,0.0064018439556611925,1.0,0.0,1,drowsy,img_g_5970.jpg
0.10237685440439107,0.0068945844182976695,1.0,0.0,1,drowsy,img_g_17700.jpg
0.10377498467412447,0.012740145610396828,1.0,0.0,1,drowsy,img_f_17429.jpg
0.2925968806564957,0.010909595708670306,0.0,0.0,1,drowsy,img_e_8220.jpg
0.060073083182345534,0.06230163859280999,1.0,0.0,1,drowsy,image_18531.jpg
0.22733249482976495,0.0,0.0,0.0,1,drowsy,img_a_9120.jpg
0.24125269046539788,0.0,0.0,0.0,1,drowsy,img_f_7424.jpg
0.22437209313994322,0.0498382040741671,0.0,0.0,1,drowsy,image_4785.jpg
0.1663690962164024,0.009219820971068514,1.0,0.0,1,drowsy,image_10179.jpg
0.18863333241937655,0.013275635766842783,1.0,0.0,1,drowsy,img_c_16472.jpg
0.22896724943209834,0.007619393119539442,0.0,0.0,1,drowsy,img_j_18154.jpg
0.23772686038696356,0.008034785508959108,0.0,0.0,1,drowsy,img_f_1015 (2).jpg
0.17461721401223845,0.0,1.0,0.0,1,drowsy,img_d_8787.jpg
0.21367318051314813,0.0,0.0,0.0,1,drowsy,img_c_10759.jpg
0.14836627746572992,0.0,1.0,0.0,1,drowsy,img_g_6060.jpg
0.1421294211572618,0.0,1.0,0.0,1,drowsy,img_e_13860.jpg
0.17751593114911612,0.007858439945986723,1.0,0.0,1,drowsy,img_j_18183.jpg
0.2427571203747365,0.008922882548485287,0.0,0.0,1,drowsy,img_f_17603.jpg
0.13687810816804172,0.00985090200747453,1.0,0.0,1,drowsy,img_g_13980.jpg
0.2314253137984714,0.007490268915295618,0.0,0.0,1,drowsy,img_g_16620.jpg
0.2581376971352761,0.01107765502131305,0.0,0.0,1,drowsy,img_e_9300.jpg
0.22411002802687602,0.0,0.0,0.0,1,drowsy,img_d_10701.jpg
0.07964202655997193,0.007892878564521234,1.0,0.0,1,drowsy,img_f_7395.jpg
0.10463047043208429,0.0,1.0,0.0,1,drowsy,img_e_11078.jpg
0.23916511293517304,0.0,0.0,0.0,1,drowsy,img_f_1914.jpg
0.12027965704719984,0.0,1.0,0.0,1,drowsy,img_e_14100.jpg
0.24251726580749644,0.0,0.0,0.0,1,drowsy,img_g_13770.jpg
0.09753106336618214,0.01167337257929298,1.0,0.0,1,drowsy,img_f_10150.jpg
0.23205931138305497,0.0,0.0,0.0,1,drowsy,img_g_9390.jpg
0.2296232982118952,0.01017182940080166,0.0,0.0,1,drowsy,image_6873 (2).jpg
0.19912541060669897,0.012491220040334178,1.0,0.0,1,drowsy,img_d_17052.jpg
0.20726278935097103,0.0,0.0,0.0,1,drowsy,img_d_319.jpg
0.23693935027412283,0.008150579083357439,0.0,0.0,1,drowsy,img_f_12035.jpg
0.21729444669425818,0.0872444974343393,0.0,0.0,1,drowsy,image_1170.jpg
0.18540293062999974,0.0,1.0,0.0,1,drowsy,image_7598 (2).jpg
0.15581235770401472,0.00818326214844511,1.0,0.0,1,drowsy,img_e_14935.jpg
0.17688845848973345,0.007979344211185378,1.0,0.0,1,drowsy,img_j_9686.jpg
0.25716206794577,0.018854504594633663,0.0,0.0,1,drowsy,image_2280.jpg
0.18249180094625778,0.012632950639746765,1.0,0.0,1,drowsy,img_c_12006.jpg
0.19759086515344157,0.009007546901084998,1.0,0.0,1,drowsy,img_a_2115.jpg
0.2026400673949397,0.012740145610396828,0.0,0.0,1,drowsy,image_7482 (2).jpg
0.34099050964838784,0.13714948074660108,0.0,0.0,1,drowsy,image_1170 (6).jpg
0.11113119162098414,0.0,1.0,0.0,1,drowsy,img_d_1827.jpg
0.23571833705589182,0.0,0.0,0.0,1,drowsy,img_f_1653.jpg
0.18773380951611213,0.00843799229672402,1.0,0.0,1,drowsy,image__6960 (2).jpg
0.13317079112076952,0.06031897211509971,1.0,0.0,1,drowsy,image_8961.jpg
0.13636933889151437,0.3094206929462616,1.0,0.0,1,drowsy,image_330.jpg
0.19354126613527634,0.0065593869085855076,1.0,0.0,1,drowsy,img_g_2400.jpg
0.2170439077948899,0.0,0.0,0.0,1,drowsy,img_d_15080.jpg
0.16893298713280985,0.0,1.0,0.0,1,drowsy,img_c_13456.jpg
0.2140521437663126,0.0,0.0,0.0,1,drowsy,img_d_10846.jpg
0.2113343623229736,0.008143279208492707,0.0,0.0,1,drowsy,img_f_9541.jpg
0.21686850109241104,0.007110821717439676,0.0,0.0,1,drowsy,img_g_12240.jpg
0.22784715774314035,0.0,0.0,0.0,1,drowsy,img_e_11130.jpg
0.19491065075395503,0.0,1.0,0.0,1,drowsy,img_d_4988.jpg
0.14661704128564024,0.007542928217649774,1.0,0.0,1,drowsy,img_g_16740.jpg
0.20439140311473136,0.0,0.0,0.0,1,drowsy,img_f_17777.jpg
0.21886788620792663,0.0,0.0,0.0,1,drowsy,img_d_9512.jpg
0.2585352985944334,0.007712872282385696,0.0,0.0,1,drowsy,img_f_6699.jpg
0.17283032596764458,0.0,1.0,0.0,1,drowsy,img_d_14413.jpg
0.23014235731747174,0.007219134644954261,0.0,0.0,1,drowsy,img_e_4988.jpg
0.22844912161335293,0.0,0.0,0.0,1,drowsy,img_f_4930.jpg
0.2368035241085591,0.14506001641667046,0.0,0.0,1,drowsy,image_6757.jpg
0.2007832713880971,0.008568473779829798,0.0,0.0,1,drowsy,img_g_8850.jpg
0.11870910840924331,0.046475185414284734,1.0,0.0,1,drowsy,image_17951.jpg
0.10978928948580897,0.010020764451142571,1.0,0.0,1,drowsy,image__10730.jpg
0.07544567862210566,0.10866997468424512,1.0,0.0,1,drowsy,image_570 (6).jpg
0.2137731839813103,0.0,0.0,0.0,1,drowsy,image_3161.jpg
0.24383259948701475,0.0,0.0,0.0,1,drowsy,img_g_1860.jpg
0.08096278211680791,0.04921705724577728,1.0,0.0,1,drowsy,image_15834.jpg
0.18431782519375536,0.0,1.0,0.0,1,drowsy,img_d_13340.jpg
0.28259768277586295,0.1487552493440286,0.0,0.0,1,drowsy,image_840 (3).jpg
0.28806550068050807,0.012890087511086369,0.0,0.0,1,drowsy,image__7250.jpg
0.21034522623010674,0.0,0.0,0.0,1,drowsy,img_g_17310.jpg
0.24183177547012666,0.006752904116643584,0.0,0.0,1,drowsy,img_g_7020.jpg
0.20257791515231258,0.009089406751140163,0.0,0.0,1,drowsy,img_a_6165.jpg
0.25068431728176543,0.007917579377556142,0.0,0.0,1,drowsy,img_f_8671 (2).jpg
0.07707972195086836,0.054873817363480716,1.0,0.0,1,drowsy,image_17574.jpg
0.052890067649199575,0.04615675631479378,1.0,0.0,1,drowsy,image_18647.jpg
0.0778700346596645,0.011293128494062587,1.0,0.0,1,drowsy,image_15834 (2).jpg
0.22672235803123486,0.013823710388998151,0.0,0.0,1,drowsy,img_c_16704.jpg
0.07671960178621993,0.007364097645018636,1.0,0.0,1,drowsy,image_12093 (2).jpg
0.19502017688352166,0.0,1.0,0.0,1,drowsy,img_d_13195.jpg
0.21699597912412985,0.0,0.0,0.0,1,drowsy,img_c_18067.jpg
0.147928871066688,0.012286726580784115,1.0,0.0,1,drowsy,image_2900.jpg
0.2639856952057926,0.007718614017881151,0.0,0.0,1,drowsy,img_j_17139.jpg
0.20409719419328315,0.0,0.0,0.0,1,drowsy,img_f_1479.jpg
0.2732177184544311,0.011241633239735163,0.0,0.0,1,drowsy,img_e_17970.jpg
0.25709619789078597,0.0077066855773893364,0.0,0.0,1,drowsy,img_j_17893.jpg
0.16457249895387416,0.02891768083778785,1.0,0.0,1,drowsy,image_16124.jpg
0.24080603523317057,0.008157355760299152,0.0,0.0,1,drowsy,img_f_13920.jpg
0.15740785227121845,0.0,1.0,0.0,1,drowsy,29.jpg
0.23173496451241574,0.0,0.0,0.0,1,drowsy,img_h_6900.jpg
0.19692261813902262,0.0,1.0,0.0,1,drowsy,img_d_4234.jpg
0.2392638944647329,0.0,0.0,0.0,1,drowsy,img_c_5365.jpg
0.18377625260322755,0.008999882921283557,1.0,0.0,1,drowsy,img_a_8835.jpg
0.21931515527121148,0.0,0.0,0.0,1,drowsy,img_d_6351.jpg
0.06378492384750054,0.00781966233378077,1.0,0.0,1,drowsy,img_f_8352 (2).jpg
0.23102795265868536,0.0067962766141164725,0.0,0.0,1,drowsy,img_g_16230.jpg
0.19839540394546568,0.0,1.0,0.0,1,drowsy,img_d_3567.jpg
0.25242106581684914,0.011055968657876546,0.0,0.0,1,drowsy,img_e_8340.jpg
0.27394389778022,0.0,0.0,0.0,1,drowsy,image__12325.jpg
0.2824108861967596,0.6887908912099941,0.0,1.0,1,drowsy,image_660 (4).jpg
0.25729594631636266,0.071432776462169,0.0,0.0,1,drowsy,image_8236.jpg
0.22458518147041662,0.01218742104594386,0.0,0.0,1,drowsy,image_7105.jpg
0.16650301015283664,0.0,1.0,0.0,1,drowsy,15.jpg
0.22535492721565586,0.0,0.0,0.0,1,drowsy,img_f_7975.jpg
0.1902150015648419,0.0,1.0,0.0,1,drowsy,img_d_13630.jpg
0.1665378779210394,0.013089520905058561,1.0,0.0,1,drowsy,image_10585 (2).jpg
0.22234543675080753,0.006594234763290255,0.0,0.0,1,drowsy,img_g_9780.jpg
0.22797439877085668,0.007246186513039835,0.0,0.0,1,drowsy,img_e_3567.jpg
0.25525954689062397,0.01043451427542849,0.0,0.0,1,drowsy,img_j_15921.jpg
0.17282642574708373,0.16062888886044732,1.0,0.0,1,drowsy,image_1560.jpg
0.23256885758171403,0.04605266012017046,0.0,0.0,1,drowsy,image__12441.jpg
0.14934525884783834,0.01331441055176416,1.0,0.0,1,drowsy,img_d_9048.jpg
0.1613493079567147,0.017677669217163693,1.0,0.0,1,drowsy,17.jpg
0.25772394254220826,0.0,0.0,0.0,1,drowsy,img_h_10950.jpg
0.19522159250777582,0.0,1.0,0.0,1,drowsy,image_12383.jpg
0.13693114983153984,0.010245503616530507,1.0,0.0,1,drowsy,img_e_9048.jpg
0.1978577015069769,0.0,1.0,0.0,1,drowsy,img_a_12480.jpg
0.06795325688691299,0.0,1.0,0.0,1,drowsy,img_g_13410.jpg
0.20301752347784469,0.013482771416679631,0.0,0.0,1,drowsy,img_d_6409.jpg
0.2177232965185418,0.009252915066930103,0.0,0.0,1,drowsy,img_g_810.jpg
0.20635715525825948,0.0,0.0,0.0,1,drowsy,image_12586 (2).jpg
0.2615875549866844,0.0,0.0,0.0,1,drowsy,img_f_10556.jpg
0.07561181710531184,0.009236323587460706,1.0,0.0,1,drowsy,image_14094.jpg
0.0924795751331341,0.008006151022861435,1.0,0.0,1,drowsy,img_f_11890.jpg
0.24602111789080977,0.009455445655131556,0.0,0.0,1,drowsy,img_g_5190.jpg
0.221389912036205,0.006014445979204571,0.0,0.0,1,drowsy,image__15312.jpg
0.25085944403792615,0.010842696614313502,0.0,0.0,1,drowsy,img_e_15630.jpg
0.23685274075704543,0.012819459160727294,0.0,0.0,1,drowsy,img_d_16762.jpg
0.1521336908533325,0.0,1.0,0.0,1,drowsy,img_a_8610.jpg
0.24384351409830748,0.0,0.0,0.0,1,drowsy,img_g_6300.jpg
0.0565726707181982,0.0,1.0,0.0,1,drowsy,img_e_8381.jpg
0.21819540979666685,0.004085991537135746,0.0,0.0,1,drowsy,image_12354.jpg
0.23191662919059303,0.0,0.0,0.0,1,drowsy,img_c_17342.jpg
0.2399522900898602,0.0,0.0,0.0,1,drowsy,img_f_10179 (2).jpg
0.25281404163848586,0.008664587340092199,0.0,0.0,1,drowsy,img_j_12731.jpg
0.2007317210473199,0.012654173162613516,0.0,0.0,1,drowsy,img_d_8381.jpg
0.1785799348688542,0.009257671917305983,1.0,0.0,1,drowsy,image__13978.jpg
0.07233850977189116,0.266403675810079,1.0,0.0,1,drowsy,image_1620 (3).jpg
0.17189876201731563,0.038000569689927426,1.0,0.0,1,drowsy,image_11107.jpg
0.2610876131830656,0.0,0.0,0.0,1,drowsy,img_j_17661.jpg
0.2007689841203153,0.0,0.0,0.0,1,drowsy,img_c_10411.jpg
0.22478912281111801,0.07980868788812653,0.0,0.0,1,drowsy,img_g_10680.jpg
0.20035073304761983,0.006956363892212958,0.0,0.0,1,drowsy,img_g_17460.jpg
0.21932115589634787,0.0,0.0,0.0,1,drowsy,img_c_17197.jpg
0.17101462712040122,0.0,1.0,0.0,1,drowsy,img_e_16675.jpg
0.24776068847179827,0.008640618864673322,0.0,0.0,1,drowsy,img_j_12296.jpg
0.24843875558524137,0.0,0.0,0.0,1,drowsy,img_j_14181.jpg
0.19059351017832424,0.0,1.0,0.0,1,drowsy,img_c_6322.jpg
0.2329845163424774,0.0,0.0,0.0,1,drowsy,img_f_16443.jpg
0.27279767206329597,0.0,0.0,0.0,1,drowsy,img_i_16588.jpg
0.20846302834483238,0.0,0.0,0.0,1,drowsy,img_c_7772.jpg
0.283754595130995,0.8280940006931273,0.0,1.0,1,drowsy,image_480 (2).jpg
0.073090493208097,0.011135194550837927,1.0,0.0,1,drowsy,img_e_11640.jpg
0.19111668236589557,0.0,1.0,0.0,1,drowsy,img_f_14268.jpg
0.20880815716232495,0.006787034983200482,0.0,0.0,1,drowsy,img_g_390.jpg
0.18477568472394645,0.0,1.0,0.0,1,drowsy,image_10237 (2).jpg
0.22664929171990594,0.0,0.0,0.0,1,drowsy,img_j_9860.jpg
0.24289131832861305,0.0,0.0,0.0,1,drowsy,img_f_20126.jpg
0.22254702124919762,0.36838215812040126,0.0,0.0,1,drowsy,image_1080 (2).jpg
0.23758555127127895,0.0,0.0,0.0,1,drowsy,img_c_17632.jpg
0.1269098509556723,0.016828126334873933,1.0,0.0,1,drowsy,image_11339.jpg
0.2611720174252228,0.39257128693489984,0.0,0.0,1,drowsy,image_630 (6).jpg
0.09356394736016388,0.06284572936362251,1.0,0.0,1,drowsy,image_17748.jpg
0.23051561519136476,0.007873283503251886,0.0,0.0,1,drowsy,img_f_12180.jpg
0.24697326250446133,0.07465049008748982,0.0,0.0,1,drowsy,image_8787.jpg
0.22858401560090874,0.006701756548155321,0.0,0.0,1,drowsy,img_g_2370.jpg
0.05328182971444462,0.0,1.0,0.0,1,drowsy,img_e_4785.jpg
0.22226929033500012,0.0,0.0,0.0,1,drowsy,img_c_17168.jpg
0.15778255182816572,0.0,1.0,0.0,1,drowsy,img_e_13080.jpg
0.0927391347409785,0.007273737197259709,1.0,0.0,1,drowsy,img_g_3720.jpg
0.0829703000017177,0.007991565294258651,1.0,0.0,1,drowsy,img_f_5423.jpg
0.17036042627019946,0.015842112008390877,1.0,0.0,1,drowsy,img_e_17580.jpg
0.18057822525382533,0.0,1.0,0.0,1,drowsy,img_d_4785.jpg
0.02010103143305259,0.007710579173304864,1.0,0.0,1,drowsy,image_15254 (2).jpg
0.2027008048212308,0.013139708108038987,0.0,0.0,1,drowsy,img_d_290.jpg
0.0738304362251221,0.2805594886074082,1.0,0.0,1,drowsy,image_1800 (4).jpg
0.2581713906341533,0.11111110905349798,0.0,0.0,1,drowsy,image_390 (5).jpg
0.24291425020730228,0.0,0.0,0.0,1,drowsy,img_h_1260.jpg
0.17156019761288466,0.0,1.0,0.0,1,drowsy,image_9570 (2).jpg
0.22140870581869004,0.007461855431069468,0.0,0.0,1,drowsy,img_e_3161.jpg
0.06817896412256935,0.009077041480236771,1.0,0.0,1,drowsy,image_17139 (3).jpg
0.23728175669081103,0.01910401773945359,0.0,0.0,1,drowsy,img_d_3161.jpg
0.17060273066710446,0.01350858049147573,1.0,0.0,1,drowsy,img_d_5510.jpg
0.20549576226925637,0.409017310234735,0.0,0.0,1,drowsy,image_930 (2).jpg
0.28846499233808487,0.0,0.0,0.0,1,drowsy,img_e_14670.jpg
0.14756860404570407,0.007812261531302849,1.0,0.0,1,drowsy,image_9512 (2).jpg
0.04734225845412368,0.008648694060161027,1.0,0.0,1,drowsy,img_f_19604.jpg
0.15391337751993797,0.010979071756736453,1.0,0.0,1,drowsy,img_e_14880.jpg
0.19878622326456527,0.029314926540090998,1.0,0.0,1,drowsy,img_g_5580.jpg
0.19369301166092795,0.0,1.0,0.0,1,drowsy,img_d_6757.jpg
0.08893792088995996,0.006770215320510056,1.0,0.0,1,drowsy,img_g_12450.jpg
0.12423302571687553,0.0,1.0,0.0,1,drowsy,img_c_3306.jpg
0.09230154227232482,0.008066614832020685,1.0,0.0,1,drowsy,img_f_3683.jpg
0.23631879849959653,0.0,0.0,0.0,1,drowsy,img_g_1080.jpg
0.17620474709060152,0.05121301476903437,1.0,0.0,1,drowsy,image_12963.jpg
0.19359855622768124,0.0,1.0,0.0,1,drowsy,img_d_15109.jpg
0.16537792059516904,0.004007798732470764,1.0,0.0,1,drowsy,image_19836.jpg
0.12934581091602215,0.10147936127569603,1.0,0.0,1,drowsy,image_9512.jpg
0.1920851140002729,0.0068227206156792316,1.0,0.0,1,drowsy,image__2262.jpg
0.19307844688593018,0.0,1.0,0.0,1,drowsy,img_d_16414.jpg
0.2496884472165685,0.0,0.0,0.0,1,drowsy,img_j_8439.jpg
0.2563722500774176,0.0,0.0,0.0,1,drowsy,img_f_8729.jpg
0.20541766503731312,0.0,0.0,0.0,1,drowsy,img_c_14529.jpg
0.26295513160826306,0.010653984056180675,0.0,0.0,1,drowsy,img_j_16153.jpg
0.16743935786245984,0.0,1.0,0.0,1,drowsy,img_d_8961.jpg
0.27432733216556987,0.012241635211528627,0.0,0.0,1,drowsy,img_j_11600.jpg
0.2515721587376609,0.0,0.0,0.0,1,drowsy,img_f_3132.jpg
0.23114130019609685,0.009831126083577694,0.0,0.0,1,drowsy,img_g_14790.jpg
0.049962015069817636,0.00828713465218675,1.0,0.0,1,drowsy,img_f_9396 (2).jpg
0.2308927250854132,0.004422009143388955,0.0,0.0,1,drowsy,image__10875.jpg
0.10883832403774776,0.04550196461775888,1.0,0.0,1,drowsy,image_18241.jpg
0.22808981377525156,0.010429972840384596,0.0,0.0,1,drowsy,img_g_10290.jpg
0.09273051895228135,0.006886079044323258,1.0,0.0,1,drowsy,img_h_9990.jpg
0.10073623805029962,0.0081190872051165,1.0,0.0,1,drowsy,img_f_3654.jpg
0.20789631477170262,0.006862688983450911,0.0,0.0,1,drowsy,img_g_17070.jpg
0.18379826074015848,0.0,1.0,0.0,1,drowsy,img_d_13746.jpg
0.19749157352550983,0.007803930988863019,1.0,0.0,1,drowsy,img_e_7105.jpg
0.13116559380927514,0.011113512350708918,1.0,0.0,1,drowsy,img_e_8236.jpg
0.24466728179187103,0.0,0.0,0.0,1,drowsy,img_j_8613.jpg
0.29533015763852444,0.01074275600216987,0.0,0.0,1,drowsy,img_e_1560.jpg
0.18077275797826106,0.0,1.0,0.0,1,drowsy,img_c_9367.jpg
0.1741864843281702,0.013687076963362934,1.0,0.0,1,drowsy,img_d_7105.jpg
0.19657942635319767,0.0,1.0,0.0,1,drowsy,img_d_8236.jpg
0.1265661138843533,0.03759398467974448,1.0,0.0,1,drowsy,image_18357 (2).jpg
0.10184874923325665,0.06889494864948169,1.0,0.0,1,drowsy,image_16907.jpg
0.13034764469420296,0.0,1.0,0.0,1,drowsy,image_1410 (2).jpg
0.2609588667776698,0.0,0.0,0.0,1,drowsy,img_j_12876.jpg
0.17569327045418204,0.019213723117925765,1.0,0.0,1,drowsy,image__9135.jpg
0.2692549505235351,0.0,0.0,0.0,1,drowsy,img_f_17371.jpg
0.1875091281128536,0.012987012818350484,1.0,0.0,1,drowsy,img_d_12470.jpg
0.24105392843604792,0.011229577105116363,0.0,0.0,1,drowsy,img_e_450.jpg
0.22170791724452793,0.0,0.0,0.0,1,drowsy,img_g_780.jpg
0.21934299057721723,0.0,0.0,0.0,1,drowsy,img_f_12209.jpg
0.09210737589819593,0.0,1.0,0.0,1,drowsy,img_g_12120.jpg
0.17277276566920302,0.0,1.0,0.0,1,drowsy,img_d_870.jpg
0.22510319781354093,0.0,0.0,0.0,1,drowsy,img_e_2900.jpg
0.18523438204029485,0.01786569012751974,1.0,0.0,1,drowsy,img_d_15486.jpg
0.1965226504334564,0.013469311279586785,1.0,0.0,1,drowsy,img_c_13050.jpg
0.19846318229328236,0.013147655398310407,1.0,0.0,1,drowsy,img_d_2900.jpg
0.08244416217839777,0.01651483175006256,1.0,0.0,1,drowsy,image_14645.jpg
0.10186159193099423,0.008250878408978167,1.0,0.0,1,drowsy,image_14123.jpg
0.17529466127154908,0.0,1.0,0.0,1,drowsy,img_d_13949.jpg
0.1813652963049046,0.006601702755173541,1.0,0.0,1,drowsy,img_g_2760.jpg
0.06785340469466217,0.008379430546708906,1.0,0.0,1,drowsy,img_f_14877.jpg
0.23312247264687275,0.007062245465589176,0.0,0.0,1,drowsy,img_g_15840.jpg
0.2333636438213899,0.17538082098588237,0.0,0.0,1,drowsy,img_g_3330.jpg
0.20836447296954558,0.024638008089454676,0.0,0.0,1,drowsy,image_15573.jpg
0.2143966899405818,0.0,0.0,0.0,1,drowsy,img_h_8640.jpg
0.25651309337800127,0.0,0.0,0.0,1,drowsy,img_f_8265.jpg
0.22135071233009604,0.012484404080112711,0.0,0.0,1,drowsy,img_d_6583.jpg
0.11052123525508191,0.05438100019542485,1.0,0.0,1,drowsy,image_17371.jpg
0.13597826669277854,0.004071639620824603,1.0,0.0,1,drowsy,image_12209.jpg
0.13332469114206102,0.0,1.0,0.0,1,drowsy,img_f_551.jpg
0.2307177542470763,0.007873039487710731,0.0,0.0,1,drowsy,img_e_2929.jpg
0.20931355117181089,0.018582353412012458,0.0,0.0,1,drowsy,img_d_2929.jpg
0.23783896390919732,0.0,0.0,0.0,1,drowsy,img_f_16907.jpg
0.19899560704158542,0.013469311279586785,1.0,0.0,1,drowsy,img_c_13079.jpg
0.1998214273505783,0.006510963068974626,1.0,0.0,1,drowsy,img_g_12690.jpg
0.2708628851023404,0.0,0.0,0.0,1,drowsy,img_j_12644.jpg
0.27189654551403425,0.0,0.0,0.0,1,drowsy,img_j_12122.jpg
0.03442528344561121,0.007674617366160536,1.0,0.0,1,drowsy,image_14761 (2).jpg
0.09260719375082332,0.11514586019211887,1.0,0.0,1,drowsy,image_13659.jpg
0.239794514400588,0.0,0.0,0.0,1,drowsy,img_c_17545.jpg
0.24940708103887319,0.013328594941838832,0.0,0.0,1,drowsy,img_d_17284.jpg
0.23088504986024228,0.004174755827810719,0.0,0.0,1,drowsy,image__15515.jpg
0.20888196095147163,0.0,0.0,0.0,1,drowsy,img_d_2726.jpg
0.17022158355032607,0.010025849817077197,1.0,0.0,1,drowsy,image_4553.jpg
0.17424441233737284,0.006477548012051551,1.0,0.0,1,drowsy,img_g_10050.jpg
0.1944267686315508,0.08039801204793737,1.0,0.0,1,drowsy,image_9077.jpg
0.23804692741452577,0.006626004648461971,0.0,0.0,1,drowsy,img_g_3480.jpg
0.24322804294542355,0.007021910899368744,0.0,0.0,1,drowsy,img_g_14550.jpg
0.15924569542181422,0.013867504713323039,1.0,0.0,1,drowsy,img_d_16617.jpg
0.04450973142655108,0.0,1.0,0.0,1,drowsy,img_e_6554.jpg
0.22974814763704363,0.0,0.0,0.0,1,drowsy,img_d_10266.jpg
0.24337846907862132,0.018829419977308318,0.0,0.0,1,drowsy,img_d_6554.jpg
0.25805471122688106,0.008328707488792251,0.0,0.0,1,drowsy,image__1595 (2).jpg
0.17457504413465447,0.009007546901084998,1.0,0.0,1,drowsy,image_8323 (2).jpg
0.09808250868991557,0.05322462932332255,1.0,0.0,1,drowsy,image_14877.jpg
0.25861079871445103,0.0,0.0,0.0,1,drowsy,img_f_3480.jpg
0.18620302400702307,0.013322679272130074,1.0,0.0,1,drowsy,img_d_5075.jpg
0.28943330930871025,0.01107765502131305,0.0,0.0,1,drowsy,img_e_7110.jpg
0.20057804668945683,0.012642032923487357,0.0,0.0,1,drowsy,img_d_5713.jpg
0.07597837054599771,0.10408444509255108,1.0,0.0,1,drowsy,image__17458.jpg
0.23312535879848922,0.007916338824877094,0.0,0.0,1,drowsy,img_e_5075.jpg
0.1560257178212681,0.012513204376618561,1.0,0.0,1,drowsy,image_7714.jpg
0.07534791600790575,0.006963274998454711,1.0,0.0,1,drowsy,img_g_11400.jpg
0.1682808578751473,0.0,1.0,0.0,1,drowsy,img_d_13021.jpg
0.23852029456128304,0.009259259173525379,0.0,0.0,1,drowsy,img_b_377.jpg
0.12533882900233262,0.07924613856903123,1.0,0.0,1,drowsy,image_8816.jpg
0.2389401001104784,0.006843538528515486,0.0,0.0,1,drowsy,img_g_540.jpg
0.295558606495811,0.008254320910135164,0.0,0.0,1,drowsy,image__12905.jpg
0.2289285670717732,0.0,0.0,0.0,1,drowsy,img_c_14500.jpg
0.25263814042011906,0.009193094842002586,0.0,0.0,1,drowsy,img_g_4890.jpg
0.1617293852923857,0.0,1.0,0.0,1,drowsy,img_f_8700.jpg
0.10086160501733463,0.0,1.0,0.0,1,drowsy,img_f_12963.jpg
0.2073095936786042,0.008848171669080168,0.0,0.0,1,drowsy,img_a_6210.jpg
0.16591125490759767,0.008844018247669581,1.0,0.0,1,drowsy,image_7888 (2).jpg
0.2715476924728486,0.0070744289140392035,0.0,0.0,1,drowsy,img_j_17516.jpg
0.24335743391909964,0.00850948264760179,0.0,0.0,1,drowsy,img_f_19836.jpg
0.2188510031181461,0.0067900069849517256,0.0,0.0,1,drowsy,img_g_8700.jpg
0.2113871737084283,0.0,0.0,0.0,1,drowsy,img_c_9831.jpg
0.09937938744872041,0.009160444047169336,1.0,0.0,1,drowsy,img_h_3270.jpg
0.20778963294812003,0.0,0.0,0.0,1,drowsy,img_d_4814.jpg
0.07525382374589754,0.04818449890136524,1.0,0.0,1,drowsy,image_19604.jpg
0.3118029330424641,0.0,0.0,0.0,1,drowsy,img_e_4800.jpg
0.21084015029953532,0.0,0.0,0.0,1,drowsy,img_c_13253.jpg
0.12457573035516406,0.011903918261310683,1.0,0.0,1,drowsy,img_c_5945.jpg
0.2702149604272294,0.0,0.0,0.0,1,drowsy,image__7482.jpg
0.06827183272229129,0.00802443139970348,1.0,0.0,1,drowsy,image_15689 (2).jpg
0.14618059611189607,0.012598690724464028,1.0,0.0,1,drowsy,image__12093.jpg
0.21679276191277944,0.0,0.0,0.0,1,drowsy,img_e_4814.jpg
0.2822194016951099,0.004255897155206281,0.0,0.0,1,drowsy,image__14384.jpg
0.26040654850380174,0.0,0.0,0.0,1,drowsy,img_f_18241.jpg
0.185196899388634,0.012657213691191082,1.0,0.0,1,drowsy,img_d_12673.jpg
0.25515630412074575,0.012267860908285928,0.0,0.0,1,drowsy,img_b_1276.jpg
0.1835553397206806,0.012769194792036889,1.0,0.0,1,drowsy,img_c_15805.jpg
0.21479525275350508,0.0,0.0,0.0,1,drowsy,img_e_13650.jpg
0.17056408419603697,0.0,1.0,0.0,1,drowsy,img_d_5539.jpg
0.23957944011129367,0.007905447046562658,0.0,0.0,1,drowsy,img_f_7859 (2).jpg
0.22348517607294932,0.012496095423949133,0.0,0.0,1,drowsy,img_d_14558.jpg
0.06262167280702925,0.012947763865649376,1.0,0.0,1,drowsy,img_c_9164.jpg
0.23848393247790578,0.029459940967639656,0.0,0.0,1,drowsy,img_f_12528 (2).jpg
0.03770237798417602,0.5774008011565653,1.0,0.0,1,drowsy,image_3016.jpg
0.27002851699326225,0.0,0.0,0.0,1,drowsy,img_j_8410.jpg
0.20430571537252898,0.0,0.0,0.0,1,drowsy,img_c_6525.jpg
0.26660659824760624,0.008129812556079289,0.0,0.0,1,drowsy,img_e_3799.jpg
0.22947631769384513,0.008695652098298678,0.0,0.0,1,drowsy,image__1740 (2).jpg
0.18743413261136824,0.013132341421447355,1.0,0.0,1,drowsy,image_11310.jpg
0.3677559278369348,0.7274999512724575,0.0,1.0,1,drowsy,image_540 (3).jpg
0.20401380296721244,0.013693491678424732,0.0,0.0,1,drowsy,img_c_8497.jpg
0.21345265216919204,0.0,0.0,0.0,1,drowsy,img_d_17864.jpg
0.09799628416562314,0.03783965120038252,1.0,0.0,1,drowsy,image_14268.jpg
0.25755022973799196,0.006783754675210611,0.0,0.0,1,drowsy,img_g_1650.jpg
0.2126589769134618,0.01331441055176416,0.0,0.0,1,drowsy,img_d_3799.jpg
0.24390563616264135,0.009749487945774597,0.0,0.0,1,drowsy,img_g_420.jpg
0.2359112031575177,0.008455166895609106,0.0,0.0,1,drowsy,img_f_13050 (2).jpg
0.056768745413447404,0.008129812556079289,1.0,0.0,1,drowsy,img_e_928.jpg
0.061216749967704966,0.049676866359912954,1.0,0.0,1,drowsy,image_16443.jpg
0.1296142391248598,0.0,1.0,0.0,1,drowsy,image_10740.jpg
0.18585365376242427,0.01234473812927683,1.0,0.0,1,drowsy,img_d_12934.jpg
0.19028044593452365,0.006323290748635558,1.0,0.0,1,drowsy,img_h_6240.jpg
0.09301355308373849,0.0,1.0,0.0,1,drowsy,img_h_11130.jpg
0.1952499365211257,0.006859459178614465,1.0,0.0,1,drowsy,img_g_10440.jpg
0.2327623846197137,0.006542798989569453,0.0,0.0,1,drowsy,img_g_7590.jpg
0.05263638037502259,0.008250667747379545,1.0,0.0,1,drowsy,img_e_15341.jpg
0.17056553538547287,0.0,1.0,0.0,1,drowsy,img_k_9120.jpg
0.07666456851957872,0.010051393424707669,1.0,0.0,1,drowsy,img_g_3090.jpg
0.2629873088490281,0.0,0.0,0.0,1,drowsy,img_e_6150.jpg
0.07616257411127975,0.19947315977452765,1.0,0.0,1,drowsy,image_2100 (2).jpg
0.22609166699826166,0.0,0.0,0.0,1,drowsy,img_f_19981.jpg
0.2196029133012755,0.0,0.0,0.0,1,drowsy,img_c_18299.jpg
0.18351272106460575,0.0,1.0,0.0,1,drowsy,img_c_8468.jpg
0.10082907905835048,0.025104964704118347,1.0,0.0,1,drowsy,image_14297.jpg
0.142302080860434,0.0077774512632206305,1.0,0.0,1,drowsy,image_12180 (2).jpg
0.12039929459227916,0.005956392037255661,1.0,0.0,1,drowsy,image_12180.jpg
0.2655915831837854,0.009009008927846767,0.0,0.0,1,drowsy,image__14616 (2).jpg
0.2512898381112911,0.014886458394596177,0.0,0.0,1,drowsy,img_e_3000.jpg
0.1539478395127716,0.13722852185088083,1.0,0.0,1,drowsy,image_60.jpg
0.2592079525642009,0.0,0.0,0.0,1,drowsy,img_f_11339.jpg
0.22961513781402573,0.0,0.0,0.0,1,drowsy,img_g_11010.jpg
0.15206926905015608,0.5998789248341349,1.0,0.0,1,drowsy,image_1140 (3).jpg
0.2164798083814599,0.0,0.0,0.0,1,drowsy,img_g_15510.jpg
0.226566994838724,0.0,0.0,0.0,1,drowsy,img_c_11281.jpg
0.2670271841318448,0.007758467837119792,0.0,0.0,1,drowsy,img_f_1334.jpg
0.17921207875609313,0.014995314621168687,1.0,0.0,1,drowsy,image__14964.jpg
0.24468475411571344,0.0,0.0,0.0,1,drowsy,img_g_17850.jpg
0.2499545774563715,0.009150659012149162,0.0,0.0,1,drowsy,img_g_1320.jpg
0.2695144140595959,0.015470907069809114,0.0,0.0,1,drowsy,img_e_15180.jpg
0.26596651926225523,0.0,0.0,0.0,1,drowsy,image_2820 (2).jpg
0.2482377657606798,0.012194215068294965,0.0,0.0,1,drowsy,img_b_13224.jpg
0.15709394399063553,0.0,1.0,0.0,1,drowsy,img_g_8310.jpg
0.2180338656816035,0.008042577447539227,0.0,0.0,1,drowsy,img_f_7540 (2).jpg
0.05765351723694315,0.0,1.0,0.0,1,drowsy,img_f_6467.jpg
0.12811959654046134,0.004080273338180556,1.0,0.0,1,drowsy,image_11890.jpg
0.06751570707728154,0.14782049774280273,1.0,0.0,1,drowsy,image_10556.jpg
0.1644456928191253,0.0068180409045366696,1.0,0.0,1,drowsy,img_g_0.jpg
0.17577599663475915,0.0,1.0,0.0,1,drowsy,image_10759 (2).jpg
0.2059242090817276,0.0,0.0,0.0,1,drowsy,img_f_12383.jpg
0.2407256076892651,0.05772540656386437,0.0,0.0,1,drowsy,image_8584.jpg
0.24229064860407268,0.0,0.0,0.0,1,drowsy,img_j_3828.jpg
0.2697218296754335,0.2268367929541036,0.0,0.0,1,drowsy,image_1860 (3).jpg
0.1458554946318815,0.0,1.0,0.0,1,drowsy,img_g_12900.jpg
0.23695468563689925,0.007969202691902154,0.0,0.0,1,drowsy,img_j_14355.jpg
0.19754251649355564,0.007991565294258651,1.0,0.0,1,drowsy,img_f_5191.jpg
0.2567521084525584,0.007999743948291442,0.0,0.0,1,drowsy,image_2730.jpg
0.02232323187804164,0.0075833778019701835,1.0,0.0,1,drowsy,image_14703 (2).jpg
0.19658562076613778,0.008020558915925152,1.0,0.0,1,drowsy,img_g_14430.jpg
0.17424651822099924,0.0,1.0,0.0,1,drowsy,img_c_8642.jpg
0.08893908776683904,0.015687842646266808,1.0,0.0,1,drowsy,image_15776 (3).jpg
0.10979673981181487,0.007812261531302849,1.0,0.0,1,drowsy,img_e_15631.jpg
0.27111340818259944,0.007873039487710731,0.0,0.0,1,drowsy,img_f_11107.jpg
0.2316039419501097,0.009549177709126484,0.0,0.0,1,drowsy,img_g_15060.jpg
0.23606031755795517,0.6268920294171115,0.0,1.0,1,drowsy,image_870.jpg
0.17972793158487912,0.007575540133396894,1.0,0.0,1,drowsy,image_6902 (2).jpg
0.1980027191417119,0.00781966233378077,1.0,0.0,1,drowsy,img_f_12354.jpg
0.10186901326332004,0.11643916593513697,1.0,0.0,1,drowsy,16.jpg
0.20241444767115793,0.012337220017753088,0.0,0.0,1,drowsy,img_d_18038.jpg
0.24901912447730817,0.10524696139376659,0.0,0.0,1,drowsy,img_e_5887.jpg
0.20277263567166218,0.0,0.0,0.0,1,drowsy,img_c_8120.jpg
0.2110619451672474,0.14140878579284877,0.0,0.0,1,drowsy,image_0137.jpg
0.20843804275403027,0.0,0.0,0.0,1,drowsy,img_d_5887.jpg
0.18619669214338064,0.0,1.0,0.0,1,drowsy,img_c_6119.jpg
0.05971154329940377,0.012820512656147275,1.0,0.0,1,drowsy,img_d_12267.jpg
0.03692287678445991,0.0,1.0,0.0,1,drowsy,image_15776 (2).jpg
0.22743881394553705,0.0,0.0,0.0,1,drowsy,img_d_14616.jpg
0.1787440826474675,0.745355981707865,1.0,1.0,1,drowsy,image_690.jpg
0.2242240843654552,0.14174619174992337,0.0,0.0,1,drowsy,image_10585.jpg
0.10703033747344957,0.0,1.0,0.0,1,drowsy,12.jpg
0.10722046072584966,0.0,1.0,0.0,1,drowsy,img_h_90.jpg
0.2262455941070034,0.0,0.0,0.0,1,drowsy,image_3364.jpg
0.15820372344592348,0.0,1.0,0.0,1,drowsy,image_8265 (2).jpg
0.17945370400661764,0.0,1.0,0.0,1,drowsy,img_d_11020.jpg
0.26568287230307086,0.011253015771185109,0.0,0.0,1,drowsy,img_j_8004.jpg
0.23686976794721445,0.007461855431069468,0.0,0.0,1,drowsy,img_e_1363.jpg
0.18734810626804488,0.01295971882691329,1.0,0.0,1,drowsy,img_c_9570.jpg
0.21519417542863167,0.0070707142349941765,0.0,0.0,1,drowsy,image_4379.jpg
0.1984151939575891,0.0,1.0,0.0,1,drowsy,img_d_1363.jpg
0.21495118800611912,0.15926709004344303,0.0,0.0,1,drowsy,img_e_290.jpg
0.20764859249810616,0.012491220040334178,0.0,0.0,1,drowsy,img_d_14819.jpg
0.256752898522819,0.0,0.0,0.0,1,drowsy,img_c_4901.jpg
0.08303810349920968,0.0,1.0,0.0,1,drowsy,img_e_11490.jpg
0.13214729874383074,0.006601702755173541,1.0,0.0,1,drowsy,img_i_16994.jpg
0.14959403758428447,0.0,1.0,0.0,1,drowsy,img_f_435.jpg
0.2503073545464503,0.0,0.0,0.0,1,drowsy,img_f_14906.jpg
0.15428180894022264,0.009423484415764011,1.0,0.0,1,drowsy,image_10208.jpg
0.12231563506578355,0.0,1.0,0.0,1,drowsy,img_d_13804.jpg
0.09593176128191068,0.09006007656995639,1.0,0.0,1,drowsy,image_15370.jpg
0.1961314897932948,0.013687076963362934,1.0,0.0,1,drowsy,img_d_4582.jpg
0.26366423486561846,0.01523922860336546,0.0,0.0,1,drowsy,img_f_2639.jpg
0.08557244681115375,0.0,1.0,0.0,1,drowsy,img_e_11484.jpg
0.2120115434429517,0.0,0.0,0.0,1,drowsy,img_c_15544.jpg
0.2221188519221757,0.0,0.0,0.0,1,drowsy,image_11658.jpg
0.23870009969818623,0.006519120874201553,0.0,0.0,1,drowsy,img_g_9750.jpg
0.20203854438273075,0.009119214992948006,0.0,0.0,1,drowsy,img_g_4260.jpg
0.07884303483073639,0.007740550142465505,1.0,0.0,1,drowsy,image_18183 (2).jpg
0.056126115774000104,0.008029862312487894,1.0,0.0,1,drowsy,img_f_6525 (2).jpg
0.010407635961407556,0.14427746126236532,1.0,0.0,1,drowsy,image_1860 (2).jpg
0.19028251284298237,0.013153340871106032,1.0,0.0,1,drowsy,img_d_2871.jpg
0.2547822876602943,0.0,0.0,0.0,1,drowsy,img_f_15167.jpg
0.19223000556145964,0.0,1.0,0.0,1,drowsy,image_58.jpg
0.1886639060897971,0.0,1.0,0.0,1,drowsy,img_d_4031.jpg
0.24239920393074066,0.6794799145149552,0.0,1.0,1,drowsy,image_2100 (3).jpg
0.22547974858082687,0.012475657075394084,0.0,0.0,1,drowsy,img_d_10672.jpg
0.05172641016594696,0.0,1.0,0.0,1,drowsy,img_f_19749.jpg
0.16588110058791575,0.011312260531796786,1.0,0.0,1,drowsy,img_e_4031.jpg
0.23840446538771565,0.007554111215874419,0.0,0.0,1,drowsy,img_e_5307.jpg
0.2408240893753683,0.006627750784631921,0.0,0.0,1,drowsy,img_g_18030.jpg
0.2445607805445021,0.0,0.0,0.0,1,drowsy,img_c_4524.jpg
0.21015886897992608,0.11850466321297898,0.0,0.0,1,drowsy,image_8033.jpg
0.2726365023091152,0.011963828108398791,0.0,0.0,1,drowsy,img_f_17980.jpg
0.21583474495153213,0.0,0.0,0.0,1,drowsy,img_d_18212.jpg
0.17197211925614797,0.0,1.0,0.0,1,drowsy,img_d_5307.jpg
0.1815909413088882,0.17845764937734912,1.0,0.0,1,drowsy,image_1140 (2).jpg
0.18677481437361304,0.013322679272130074,1.0,0.0,1,drowsy,img_d_16559.jpg
0.2516894939302596,0.14097096579820997,0.0,0.0,1,drowsy,image_540 (2).jpg
0.2595848827548988,0.007812261531302849,0.0,0.0,1,drowsy,img_f_10962.jpg
0.20951460851311038,0.0,0.0,0.0,1,drowsy,img_f_145.jpg
0.24046324623406387,0.0,0.0,0.0,1,drowsy,img_g_13830.jpg
0.18603145394306103,0.008471838687491821,1.0,0.0,1,drowsy,img_f_19952.jpg
0.1612627663574962,0.009339270758992121,1.0,0.0,1,drowsy,image_9193 (2).jpg
0.08179831807640485,0.006726727894714257,1.0,0.0,1,drowsy,img_g_5340.jpg
0.18192478614307922,0.0,1.0,0.0,1,drowsy,img_c_16501.jpg
0.19726112285890274,0.012337220017753088,1.0,0.0,1,drowsy,img_d_17690.jpg
0.05914085000691697,0.0,1.0,0.0,1,drowsy,image__10092.jpg
0.1482145039904132,0.0,1.0,0.0,1,drowsy,img_c_6496.jpg
0.24767481936084434,0.05728081029043414,0.0,0.0,1,drowsy,image__16385.jpg
0.23429465761862334,0.0,0.0,0.0,1,drowsy,img_g_4710.jpg
0.21595841242710717,0.017367681828856247,0.0,0.0,1,drowsy,image_7047 (2).jpg
0.21118264749717014,0.0,0.0,0.0,1,drowsy,img_d_6815.jpg
0.24764227872972067,0.0090238521799989,0.0,0.0,1,drowsy,img_g_8880.jpg
0.21947426729433459,0.0,0.0,0.0,1,drowsy,image_10817.jpg
0.17730508744164925,0.007899525027426399,1.0,0.0,1,drowsy,img_k_17820.jpg
0.23330553338200538,0.0,0.0,0.0,1,drowsy,img_e_17340.jpg
0.033917203758672965,0.007511157605469308,1.0,0.0,1,drowsy,image_15080 (2).jpg
0.0330795144449201,0.0,1.0,0.0,1,drowsy,img_e_12238.jpg
0.21450156962074288,0.0074329414072230445,0.0,0.0,1,drowsy,img_f_4843.jpg
0.1717144196390989,0.0,1.0,0.0,1,drowsy,img_g_10530.jpg
0.2015074571291337,0.0062647001101559085,0.0,0.0,1,drowsy,image__8004.jpg
0.23383329093013744,0.006709143233304541,0.0,0.0,1,drowsy,img_g_11160.jpg
0.13704780672120054,0.012649110480673518,1.0,0.0,1,drowsy,img_d_1015.jpg
0.2382675019052417,0.006462921097408037,0.0,0.0,1,drowsy,img_g_5220.jpg
0.19796814426681764,0.0,1.0,0.0,1,drowsy,img_d_493.jpg
0.17196134225242204,0.013697344839357587,1.0,0.0,1,drowsy,img_d_1798.jpg
0.13961505829003176,0.0,1.0,0.0,1,drowsy,img_d_2291.jpg
0.2017586766279142,0.1774355176357973,0.0,0.0,1,drowsy,image__9483.jpg
0.04613327413381382,0.015166755603940367,1.0,0.0,1,drowsy,image_14848 (2).jpg
0.17881103257417305,0.0,1.0,0.0,1,drowsy,img_g_13950.jpg
0.09742431166466393,0.016614539487497807,1.0,0.0,1,drowsy,image_16269.jpg
0.1087810936825655,0.12216250244469633,1.0,0.0,1,drowsy,image_13311.jpg
0.20723554101948705,0.00794051014700185,0.0,0.0,1,drowsy,img_f_5220.jpg
0.2385437839295348,0.00873837469512521,0.0,0.0,1,drowsy,img_f_19198.jpg
0.23836773172914522,0.013840913173495594,0.0,0.0,1,drowsy,image_0296.jpg
0.07173337652950262,0.0,1.0,0.0,1,drowsy,img_f_8062.jpg
0.14447794859661392,0.006347703125601493,1.0,0.0,1,drowsy,img_h_6330.jpg
0.27148781702389524,0.0,0.0,0.0,1,drowsy,img_j_10527.jpg
0.2319573455180683,0.007222146382504059,0.0,0.0,1,drowsy,img_g_16800.jpg
0.2198582053385263,0.008156473869597823,0.0,0.0,1,drowsy,image_14442.jpg
0.2873365355186873,0.0,0.0,0.0,1,drowsy,img_j_3596.jpg
0.2081866104164548,0.0,0.0,0.0,1,drowsy,img_c_7830.jpg
0.1680722611377336,0.0,1.0,0.0,1,drowsy,img_c_16878.jpg
0.15486100251133633,0.0,1.0,0.0,1,drowsy,img_e_12990.jpg
0.2604328881533855,0.00826446274161601,0.0,0.0,1,drowsy,image_2640.jpg
0.10443310065452578,0.08330377406636677,1.0,0.0,1,drowsy,image_9715.jpg
0.13140417335902388,0.006230015665828544,1.0,0.0,1,drowsy,image__10469.jpg
0.21411112193206822,0.016661460634666576,0.0,0.0,1,drowsy,image_7076.jpg
0.04435373352936656,0.015298856144983969,1.0,0.0,1,drowsy,image_14645 (2).jpg
0.22405582745609254,0.00415959556986967,0.0,0.0,1,drowsy,image_2668.jpg
0.22271238398738946,0.0,0.0,0.0,1,drowsy,img_e_8555.jpg
0.16176239619686067,0.0,1.0,0.0,1,drowsy,image_10411 (2).jpg
0.24182290657809233,0.0,0.0,0.0,1,drowsy,img_e_12760.jpg
0.17691155306999506,0.0,1.0,0.0,1,drowsy,image_8990 (2).jpg
0.21165515609734237,0.4733538158685855,0.0,0.0,1,drowsy,image_900.jpg
0.18052496704886922,0.007783810105183211,1.0,0.0,1,drowsy,img_e_12006.jpg
0.17308495990894807,0.0,1.0,0.0,1,drowsy,img_d_8555.jpg
0.2136765656227138,0.008261923813590583,0.0,0.0,1,drowsy,image_2697.jpg
0.19202882540008076,0.009523377543695548,1.0,0.0,1,drowsy,image_8207 (2).jpg
0.16531790333128885,0.07441802230238415,1.0,0.0,1,drowsy,image_18734.jpg
0.20839873266564962,0.009438583500666252,0.0,0.0,1,drowsy,img_g_16380.jpg
0.07661033271786548,0.008106538995662629,1.0,0.0,1,drowsy,img_f_3335.jpg
0.20726170253982862,0.006420289314901084,0.0,0.0,1,drowsy,img_g_12870.jpg
0.19242256970145016,0.0,1.0,0.0,1,drowsy,img_d_16820.jpg
0.22436538265590394,0.006323290748635558,0.0,0.0,1,drowsy,img_g_9630.jpg
0.050648296715886484,0.0,1.0,0.0,1,drowsy,img_f_4466.jpg
0.13605037802657696,0.13036314191770604,1.0,0.0,1,drowsy,image_13891.jpg
0.22453284776678212,0.06924914646678652,0.0,0.0,1,drowsy,image_12557.jpg
0.252343973652957,0.0,0.0,0.0,1,drowsy,img_f_10382.jpg
0.2132945615699798,0.012548992533987814,0.0,0.0,1,drowsy,image__7685.jpg
0.17892719411918517,0.019026059510213515,1.0,0.0,1,drowsy,img_c_17226.jpg
0.23664807750193434,0.0,0.0,0.0,1,drowsy,img_g_6270.jpg
0.04999649008571967,0.00792727574624199,1.0,0.0,1,drowsy,img_f_6264.jpg
0.255202221872106,0.006435427456191673,0.0,0.0,1,drowsy,img_g_7620.jpg
0.10282581910776414,0.007488378573587996,1.0,0.0,1,drowsy,img_j_15660.jpg
0.2119733872829749,0.013129511307932853,0.0,0.0,1,drowsy,img_c_377.jpg
0.1745803607527982,0.0,1.0,0.0,1,drowsy,img_d_4408.jpg
0.17333296679121096,0.015144563158204115,1.0,0.0,1,drowsy,img_e_14310.jpg
0.22163214374781726,0.0,0.0,0.0,1,drowsy,img_g_960.jpg
0.223335903613839,0.11822850659784143,0.0,0.0,1,drowsy,image_10382.jpg
0.22246854685102452,0.006673046137937795,0.0,0.0,1,drowsy,img_g_13560.jpg
0.2278391181667374,0.007935258403619477,0.0,0.0,1,drowsy,img_f_12557.jpg
0.24401060890036144,0.0,0.0,0.0,1,drowsy,img_f_13891.jpg
0.0694948475150413,0.016287368551610556,1.0,0.0,1,drowsy,image_16095.jpg
0.24058789123459928,0.007046973071005583,0.0,0.0,1,drowsy,img_j_957.jpg
0.10900893340600656,0.02118567972962756,1.0,0.0,1,drowsy,image_16820 (2).jpg
0.25412991353218545,0.0,0.0,0.0,1,drowsy,img_j_17922.jpg
0.22011626633412013,0.00651704394933653,0.0,0.0,1,drowsy,img_g_9180.jpg
0.19671980136974615,0.012649110480673518,1.0,0.0,1,drowsy,img_d_14993.jpg
0.22049973826075775,0.0,0.0,0.0,1,drowsy,img_h_15780.jpg
0.32923235745316515,0.010838237875662488,0.0,0.0,1,drowsy,img_e_5070.jpg
0.22209256904256247,0.018154082960473543,0.0,0.0,1,drowsy,img_h_11280.jpg
0.058834957437593816,1.0487007152949943,1.0,1.0,1,drowsy,image_1410 (3).jpg
0.24371376840325135,0.03598350518148205,0.0,0.0,1,drowsy,image__9657.jpg
0.051317809742221374,0.007546148984457357,1.0,0.0,1,drowsy,image_15486 (2).jpg
0.23718081737745703,0.008766534994835044,0.0,0.0,1,drowsy,image__17313.jpg
0.12055808366254468,0.018841113713793267,1.0,0.0,1,drowsy,img_d_6960.jpg
0.03269763698474583,0.007547008552625938,1.0,0.0,1,drowsy,image_15312 (2).jpg
0.22525880617450023,0.00850025493922124,0.0,0.0,1,drowsy,image_12354 (2).jpg
0.24535568735570817,0.0,0.0,0.0,1,drowsy,img_g_14970.jpg
0.26055855988460425,0.0,0.0,0.0,1,drowsy,img_j_12325.jpg
0.1536052433129116,0.010702688236801587,1.0,0.0,1,drowsy,img_e_6960.jpg
0.0758002740552384,0.029045392991960784,1.0,0.0,1,drowsy,image_16240.jpg
0.21938625815908103,0.007796337767966916,0.0,0.0,1,drowsy,img_f_6728.jpg
0.1688730441900222,0.0,1.0,0.0,1,drowsy,img_c_10005.jpg
0.19612076811622348,0.0,1.0,0.0,1,drowsy,image_60 (4).jpg
0.2124336529489627,0.0,0.0,0.0,1,drowsy,img_g_11820.jpg
0.25624279814195583,0.009219429130150083,0.0,0.0,1,drowsy,img_f_10817.jpg
0.24499689839083608,0.00875980544372642,0.0,0.0,1,drowsy,image__957.jpg
0.15700482051048226,0.0,1.0,0.0,1,drowsy,img_c_8294.jpg
0.2206672229016074,0.7666847953189962,0.0,1.0,1,drowsy,image_11513.jpg
0.24041827460326046,0.006388113794095076,0.0,0.0,1,drowsy,img_g_7350.jpg
0.1556115267410827,0.008171505563984164,1.0,0.0,1,drowsy,img_f_3132 (2).jpg
0.2294021869625233,0.15492060260806814,0.0,0.0,1,drowsy,img_h_6480.jpg
0.2637000051590973,0.0,0.0,0.0,1,drowsy,img_f_14442.jpg
0.25961945980540646,0.0,0.0,0.0,1,drowsy,image_17139 (2).jpg
0.18115464088645683,0.01350858049147573,1.0,0.0,1,drowsy,img_d_18415.jpg
0.08814335568727913,0.01625801335993866,1.0,0.0,1,drowsy,image_15631 (2).jpg
0.2294063424209138,0.008070291622273042,0.0,0.0,1,drowsy,img_f_9396.jpg
0.24018649631003852,0.006427645852193498,0.0,0.0,1,drowsy,image__17893.jpg
0.03993616456077338,0.4343722357797373,1.0,0.0,1,drowsy,image_930 (3).jpg
0.19545213387803173,0.0,1.0,0.0,1,drowsy,img_c_10788.jpg
0.042334018764621534,0.08295137533748981,1.0,0.0,1,drowsy,image_19198.jpg
0.15658033590352316,0.010780143930731869,1.0,0.0,1,drowsy,image_9628 (2).jpg
0.1270646792114505,0.016128507666320575,1.0,0.0,1,drowsy,img_f_16269.jpg
0.2394653467185057,0.006888529286598223,0.0,0.0,1,drowsy,img_g_16140.jpg
0.08654230621260386,0.0,1.0,0.0,1,drowsy,img_f_13311.jpg
0.19916860289192367,0.0,1.0,0.0,1,drowsy,img_h_13050.jpg
0.2571086863573157,0.010082509965324718,0.0,0.0,1,drowsy,img_h_4320.jpg
0.1836638463102965,0.009066961890142873,1.0,0.0,1,drowsy,image_10237 (3).jpg
0.26172234055287613,0.00754958902061643,0.0,0.0,1,drowsy,img_j_16037.jpg
0.18417445552662237,0.0,1.0,0.0,1,drowsy,image_1080 (3).jpg
0.11543747432321756,0.03784018550904052,1.0,0.0,1,drowsy,image_17980.jpg
0.18917679801371518,0.006410256369165024,1.0,0.0,1,drowsy,img_g_6660.jpg
0.20814296574468644,0.0,0.0,0.0,1,drowsy,img_c_15747.jpg
0.2591975880604205,0.0,0.0,0.0,1,drowsy,img_j_14152.jpg
0.10736291371977885,0.02425356230755487,1.0,0.0,1,drowsy,image_11252 (2).jpg
0.1927037714354612,0.5296980891964332,1.0,0.0,1,drowsy,image_450.jpg
0.07989857246948866,0.006608041682072737,1.0,0.0,1,drowsy,img_g_7230.jpg
0.21057803970787936,0.0,0.0,0.0,1,drowsy,img_c_14471.jpg
0.2209393301816861,0.0,0.0,0.0,1,drowsy,img_f_8671.jpg
0.09016461856688146,0.009084904444250258,1.0,0.0,1,drowsy,image_17023 (2).jpg
0.27135371844089606,0.02628407750647781,0.0,0.0,1,drowsy,image_1943.jpg
0.16279240874813772,0.0,1.0,0.0,1,drowsy,image_19749.jpg
0.24346462825206747,0.01104551004631123,0.0,0.0,1,drowsy,img_e_3944.jpg
0.19299799329119827,0.013502422031931107,1.0,0.0,1,drowsy,img_d_4959.jpg
0.20604023021310802,0.0065471446415927715,0.0,0.0,1,drowsy,img_g_11940.jpg
0.0713854552763542,0.056243402658723914,1.0,0.0,1,drowsy,image_15167.jpg
0.2211099831363805,0.007727827526333641,0.0,0.0,1,drowsy,image_12615 (2).jpg
0.23911739046216013,0.13770384460041837,0.0,0.0,1,drowsy,image_6786.jpg
0.2306148558562064,0.09750251415720362,0.0,0.0,1,drowsy,img_e_4959.jpg
0.2092253199299759,0.007665998109320246,0.0,0.0,1,drowsy,img_k_5910.jpg
0.1785628890326158,0.0,1.0,0.0,1,drowsy,img_d_3944.jpg
0.31212057933003845,0.7259912665301222,0.0,1.0,1,drowsy,image_1800 (5).jpg
0.21875455601546817,0.17985616897567297,0.0,0.0,1,drowsy,image_390 (4).jpg
0.19332747081480625,0.012982634189551132,1.0,0.0,1,drowsy,img_d_7511.jpg
0.1711991040581321,0.011903918261310683,1.0,0.0,1,drowsy,img_d_1160.jpg
0.19145804314486803,0.11699166428797861,1.0,0.0,1,drowsy,image_9338.jpg
0.2128200573643163,0.007257627867208068,0.0,0.0,1,drowsy,img_g_13170.jpg
0.1705634146437791,0.0,1.0,0.0,1,drowsy,img_c_9773.jpg
0.2084628128838672,0.0,0.0,0.0,1,drowsy,img_d_15051.jpg
0.04460542328271315,0.0,1.0,0.0,1,drowsy,img_e_7511.jpg
0.15569258674904263,0.0,1.0,0.0,1,drowsy,img_d_11223.jpg
0.2796491913084239,0.011311174989009033,0.0,0.0,1,drowsy,img_j_8207.jpg
0.22587702389130346,0.010915768626810611,0.0,0.0,1,drowsy,image_13079 (2).jpg
0.1496127603802458,0.17779122473078948,1.0,0.0,1,drowsy,image_1770.jpg
0.2516301149639226,0.009599422423962712,0.0,0.0,1,drowsy,img_b_3538.jpg
0.1335299772537543,0.18981385870842096,1.0,0.0,1,drowsy,image_1980.jpg
0.2518806423777699,0.007691397462444397,0.0,0.0,1,drowsy,img_e_4756.jpg
0.12526337758817807,0.01350858049147573,1.0,0.0,1,drowsy,img_d_12064.jpg
0.1788236182226507,0.0039835579206658174,1.0,0.0,1,drowsy,image_493.jpg
0.041950375945477125,0.008025981964531059,1.0,0.0,1,drowsy,image_15370 (2).jpg
0.15734186767768338,0.008013602550632673,1.0,0.0,1,drowsy,image_10556 (2).jpg
0.14863579558902884,0.012738594991226149,1.0,0.0,1,drowsy,image_9454 (2).jpg
0.24366761894412703,0.009612496613471144,0.0,0.0,1,drowsy,image_6989.jpg
0.13740004645472093,0.012985917745820209,1.0,0.0,1,drowsy,img_d_12702.jpg
0.2280275385925014,0.011903918261310683,0.0,0.0,1,drowsy,image_0320.jpg
0.19206879426582998,0.0,1.0,0.0,1,drowsy,img_d_8178.jpg
0.19848423947149488,0.013502422031931107,1.0,0.0,1,drowsy,img_d_4756.jpg
0.20043923218969337,0.0,0.0,0.0,1,drowsy,img_e_11136.jpg
0.21869178841153084,0.00854420022768192,0.0,0.0,1,drowsy,image_2523.jpg
0.2570775535003821,0.09684349950738337,0.0,0.0,1,drowsy,img_g_16020.jpg
0.1292218523678382,0.0,1.0,0.0,1,drowsy,img_e_8178.jpg
0.19748274513074138,0.0,1.0,0.0,1,drowsy,img_f_9947 (2).jpg
0.1547105684812082,0.015959196490956073,1.0,0.0,1,drowsy,img_f_2001 (2).jpg
0.15859864443663999,0.0,1.0,0.0,1,drowsy,img_c_8323.jpg
0.13910400191808459,0.01847233192758603,1.0,0.0,1,drowsy,image_10962.jpg
0.18870850543513362,0.008027016173916206,1.0,0.0,1,drowsy,image_13949 (2).jpg
0.1177000229950912,0.014294103491921699,1.0,0.0,1,drowsy,img_g_2610.jpg
0.15471416909223543,0.0,1.0,0.0,1,drowsy,img_c_8874.jpg
0.23784158166595995,0.0071574791276938455,0.0,0.0,1,drowsy,img_g_10860.jpg
0.19445973723704157,0.0,1.0,0.0,1,drowsy,img_d_17487.jpg
0.08566079154396254,0.012987012818350484,1.0,0.0,1,drowsy,img_d_11948.jpg
0.10605804461377039,0.035558550866675455,1.0,0.0,1,drowsy,image_17284 (2).jpg
0.03017485646458374,0.0075649111401246485,1.0,0.0,1,drowsy,image_14877 (2).jpg
0.2819434516879863,0.0,0.0,0.0,1,drowsy,img_f_2610.jpg
0.2564780555021777,0.0,0.0,0.0,1,drowsy,img_f_10585.jpg
0.14405998782005508,0.009671885426052636,1.0,0.0,1,drowsy,img_h_4650.jpg
0.06509175238491963,0.3482196533012852,1.0,0.0,1,drowsy,image_1620 (2).jpg
0.17395546063302414,0.0,1.0,0.0,1,drowsy,img_d_928.jpg
0.179852564583006,0.0,1.0,0.0,1,drowsy,img_c_13108.jpg
0.23423115861020774,0.036307268561972264,0.0,0.0,1,drowsy,img_g_3240.jpg
0.21292941278907151,0.0,0.0,0.0,1,drowsy,img_d_6380.jpg
0.22231270739602615,0.0,0.0,0.0,1,drowsy,img_g_15930.jpg
0.19591504179877184,0.2043344694947498,1.0,0.0,1,drowsy,image_120.jpg
0.24353161093143122,0.009460733640328694,0.0,0.0,1,drowsy,img_g_7740.jpg
0.12620957664435112,0.00940014035078461,1.0,0.0,1,drowsy,img_h_6090.jpg
0.18560543858832537,0.02518763810449525,1.0,0.0,1,drowsy,image_1200.jpg
0.19494941149721307,0.0,1.0,0.0,1,drowsy,img_d_5104.jpg
0.20928887254903028,0.0,0.0,0.0,1,drowsy,img_c_4727.jpg
0.1781900984534532,0.07841629820050333,1.0,0.0,1,drowsy,13.jpg
0.20029239266139143,0.012977167126512961,0.0,0.0,1,drowsy,img_d_8352.jpg
0.0185249645722464,0.04027415263197648,1.0,0.0,1,drowsy,image_12818 (2).jpg
0.19919563603538012,0.0,1.0,0.0,1,drowsy,img_d_12528.jpg
0.20586469696918674,0.0,0.0,0.0,1,drowsy,img_e_5104.jpg
0.23872365727868272,0.009197565482813847,0.0,0.0,1,drowsy,img_g_17100.jpg
0.25770084684758043,0.0,0.0,0.0,1,drowsy,img_f_10208.jpg
0.2544007034678245,0.009415127297831482,0.0,0.0,1,drowsy,img_b_3712.jpg
0.19931383425374913,0.05634890945449366,1.0,0.0,1,drowsy,image_9106.jpg
0.25479895696214344,0.08472292706787639,0.0,0.0,1,drowsy,image_6235.jpg
0.2436223743407418,0.008250667747379545,0.0,0.0,1,drowsy,img_f_9976.jpg
0.1865446205373047,0.006621209893782797,1.0,0.0,1,drowsy,image__348.jpg
0.241441175998777,0.0,0.0,0.0,1,drowsy,img_b_10933.jpg
0.0812842217910246,0.04200522210520876,1.0,0.0,1,drowsy,image_14906.jpg
0.20243158829884325,0.0,0.0,0.0,1,drowsy,img_c_3712.jpg
0.1940768272190605,0.010553832476263155,1.0,0.0,1,drowsy,image_4350.jpg
0.2090241149699794,0.11810375777525334,0.0,0.0,1,drowsy,image_0136.jpg
0.22615006585620007,0.0,0.0,0.0,1,drowsy,image__4205.jpg
0.24027854131962145,0.1315334079944279,0.0,0.0,1,drowsy,39.jpg
0.2001599079306936,0.006141734503443257,0.0,0.0,1,drowsy,image__11600.jpg
0.17999792235906065,0.011850304324119133,1.0,0.0,1,drowsy,img_f_13311 (2).jpg
0.1339512578092484,0.0,1.0,0.0,1,drowsy,img_g_9960.jpg
0.2332758377010249,0.0,0.0,0.0,1,drowsy,image_0134.jpg
0.19410572317940272,0.012464991218229696,1.0,0.0,1,drowsy,img_d_725.jpg
0.2977585243898437,0.010708823307274086,0.0,0.0,1,drowsy,img_e_15150.jpg
0.22463492175719169,0.006758608300084663,0.0,0.0,1,drowsy,img_g_17880.jpg
0.1912032524753598,0.0063803075421933276,1.0,0.0,1,drowsy,img_g_12720.jpg
0.27746492745429235,0.012169358907910224,0.0,0.0,1,drowsy,image__16153.jpg
0.21048762242028557,0.0,0.0,0.0,1,drowsy,img_d_16994.jpg
0.14554062448657878,0.06388475902560918,1.0,0.0,1,drowsy,image_16849.jpg
0.20347654322611394,0.018817747883266893,0.0,0.0,1,drowsy,11.jpg
0.12165785680231542,0.0,1.0,0.0,1,drowsy,img_d_11745.jpg
0.2351789327241404,0.03740745105700589,0.0,0.0,1,drowsy,image_4408.jpg
0.2131928155789526,0.0,0.0,0.0,1,drowsy,img_c_16066.jpg
0.23081440660736402,0.0,0.0,0.0,1,drowsy,img_a_2475.jpg
0.23719287880358364,0.011497291137641528,0.0,0.0,1,drowsy,img_e_17790.jpg
0.21917665231567923,0.0,0.0,0.0,1,drowsy,img_c_6873.jpg
0.1726921920206105,0.07145001792996403,1.0,0.0,1,drowsy,image_18125.jpg
0.27060525877479946,0.008264180519112698,0.0,0.0,1,drowsy,image_2910.jpg
0.18347503446779076,0.07571316945028898,1.0,0.0,1,drowsy,image_10237.jpg
0.18875455742505232,0.09778171695401644,1.0,0.0,1,drowsy,image_16646.jpg
0.19786117799912467,0.010925862706996862,1.0,0.0,1,drowsy,img_f_7018.jpg
0.13378997159315212,0.07271325810749354,1.0,0.0,1,drowsy,image_19575.jpg
0.12029531089870109,0.0,1.0,0.0,1,drowsy,image_16095 (2).jpg
0.27338277266897926,0.007437668499849308,0.0,0.0,1,drowsy,img_f_4263.jpg
0.20523598716085145,0.013117080731277302,0.0,0.0,1,drowsy,img_d_10498.jpg
0.23946492542460418,0.014814408279699312,0.0,0.0,1,drowsy,image_6728 (2).jpg
0.052256425412535744,0.0064933695542868895,1.0,0.0,1,drowsy,img_g_2160.jpg
0.2283594112392731,0.11534347062040638,0.0,0.0,1,drowsy,image_0322.jpg
0.24370900654472705,0.006783754675210611,0.0,0.0,1,drowsy,img_g_1680.jpg
0.08505708049833877,0.0,1.0,0.0,1,drowsy,img_f_5394.jpg
0.2960216866011738,0.015871016448611257,0.0,0.0,1,drowsy,img_e_15420.jpg
0.24510808730749156,0.009325656235717215,0.0,0.0,1,drowsy,img_g_4920.jpg
0.25854884291941144,0.0,0.0,0.0,1,drowsy,img_f_15602.jpg
0.14654437549761018,0.0,1.0,0.0,1,drowsy,image_570 (7).jpg
0.24382486850105034,0.0,0.0,0.0,1,drowsy,img_f_10034.jpg
0.13609096042912217,0.009513029792592146,1.0,0.0,1,drowsy,image_8178 (2).jpg
0.04906222602770446,0.0,1.0,0.0,1,drowsy,img_f_3915.jpg
0.18903179363795605,0.11094003719376382,1.0,0.0,1,drowsy,image_840 (2).jpg
0.21594480803772848,0.0,0.0,0.0,1,drowsy,img_f_12151.jpg
0.13606734874908313,0.0,1.0,0.0,1,drowsy,img_e_14070.jpg
0.2300036783417191,0.0,0.0,0.0,1,drowsy,img_e_1189.jpg
0.10641037096384863,0.009003165087876137,1.0,0.0,1,drowsy,img_h_1500.jpg
0.265527727941376,0.006512481693154651,0.0,0.0,1,drowsy,img_i_16559.jpg
0.09659098384760631,0.0078446453439889,1.0,0.0,1,drowsy,img_f_1131.jpg
0.10267081767728987,0.0,1.0,0.0,1,drowsy,img_f_7540.jpg
0.2254218989565141,0.0076061573370010335,0.0,0.0,1,drowsy,image_14442 (2).jpg
0.19141995409002555,0.014279886745523327,1.0,0.0,1,drowsy,img_d_2494.jpg
0.1781844722888804,0.006842096687419476,1.0,0.0,1,drowsy,img_g_14190.jpg
0.18444549331703672,0.012341917227085853,1.0,0.0,1,drowsy,img_d_1189.jpg
0.02075155944263827,0.008755439561968028,1.0,0.0,1,drowsy,img_a_11400.jpg
0.1889315349283096,0.010795208771688528,1.0,0.0,1,drowsy,img_e_2494.jpg
0.1167086174731248,0.10333985462841887,1.0,0.0,1,drowsy,image_13514.jpg
0.1610193480545977,0.0,1.0,0.0,1,drowsy,img_e_11861.jpg
0.26869588878507683,0.007749842522861226,0.0,0.0,1,drowsy,image_6960.jpg
0.20590075591101248,0.0,0.0,0.0,1,drowsy,img_d_10063.jpg
0.23510517557241317,0.00760681748865168,0.0,0.0,1,drowsy,img_f_4698.jpg
0.21017815369840118,0.0,0.0,0.0,1,drowsy,img_d_2523.jpg
0.18050290069935093,0.0,1.0,0.0,1,drowsy,img_f_6931.jpg
0.23432246866914236,0.09304525264616069,0.0,0.0,1,drowsy,image_8178.jpg
0.11927257668149437,0.013876848044826863,1.0,0.0,1,drowsy,img_d_6989.jpg
0.19166296153991372,0.0,1.0,0.0,1,drowsy,img_c_5771.jpg
0.2659405832540702,0.0,0.0,0.0,1,drowsy,img_c_5017.jpg
0.17250390098615892,0.009257671917305983,1.0,0.0,1,drowsy,image_8439 (2).jpg
0.03567361705296085,0.0077517050180726365,1.0,0.0,1,drowsy,img_e_2523.jpg
0.29116475280118337,0.0,0.0,0.0,1,drowsy,img_f_15776.jpg
0.06009044129040439,0.007002601900990026,1.0,0.0,1,drowsy,img_g_12330.jpg
0.2696605480295115,0.007464973415205278,0.0,0.0,1,drowsy,img_j_16182.jpg
0.21567526757641214,0.013129511307932853,0.0,0.0,1,drowsy,img_c_4321.jpg
0.16579754515421913,0.012977167126512961,1.0,0.0,1,drowsy,img_d_14239.jpg
0.10551224100366566,0.04669518560869432,1.0,0.0,1,drowsy,image_17835.jpg
0.10172083291507407,0.0,1.0,0.0,1,drowsy,img_f_14326.jpg
0.059484891260412606,0.007843921323133404,1.0,0.0,1,drowsy,image_16240 (2).jpg
0.10504042453141246,0.02897364879900224,1.0,0.0,1,drowsy,image_15950.jpg
0.12696810768909766,0.0,1.0,0.0,1,drowsy,img_f_20097.jpg
0.18599224071713466,0.0,1.0,0.0,1,drowsy,img_d_13224.jpg
0.10596766884503558,0.0,1.0,0.0,1,drowsy,img_f_1131 (2).jpg
0.19697748791557776,0.012491220040334178,1.0,0.0,1,drowsy,img_d_9338.jpg
0.22929749537348837,0.0,0.0,0.0,1,drowsy,image_1160.jpg
0.19715757656723915,0.10638173278693469,1.0,0.0,1,drowsy,image_7511.jpg
0.18882242045365338,0.09026568144968261,1.0,0.0,1,drowsy,image_3944.jpg
0.1976137217629682,0.14752115973565486,1.0,0.0,1,drowsy,image_240.jpg
0.18976545773132972,0.0,1.0,0.0,1,drowsy,image_8062 (2).jpg
0.19833488979674205,0.0,1.0,0.0,1,drowsy,img_f_754.jpg
0.11155889862575452,0.0,1.0,0.0,1,drowsy,img_g_3120.jpg
0.20172503702376482,0.013687076963362934,0.0,0.0,1,drowsy,img_d_6786.jpg
0.2696007819238385,0.0,0.0,0.0,1,drowsy,img_j_15312.jpg
0.23238366862090765,0.0,0.0,0.0,1,drowsy,img_f_20068.jpg
0.08972972252199374,0.013697344839357587,1.0,0.0,1,drowsy,img_d_1943.jpg
0.21478467528565803,0.007870113069783186,0.0,0.0,1,drowsy,img_e_6786.jpg
0.08360815909973461,0.1235814444248364,1.0,0.0,1,drowsy,image_16530.jpg
0.16056156851534764,0.0,1.0,0.0,1,drowsy,img_c_6293.jpg
0.08252475264496767,0.008085049221040527,1.0,0.0,1,drowsy,img_f_9425.jpg
0.24778006221272914,0.008527098403322577,0.0,0.0,1,drowsy,img_j_12441.jpg
0.2160710527393443,0.0,0.0,0.0,1,drowsy,img_c_15631.jpg
0.19374712435345365,0.0,1.0,0.0,1,drowsy,img_d_17081.jpg
0.1845414583049568,0.008106538995662629,1.0,0.0,1,drowsy,img_f_2610 (2).jpg
0.17474012237695863,0.012819459160727294,1.0,0.0,1,drowsy,img_d_12847.jpg
0.19974425805181367,0.01423352335514611,1.0,0.0,1,drowsy,img_c_18473.jpg
0.2412064411788114,0.008899883150195735,0.0,0.0,1,drowsy,image__11774.jpg
0.2231728876200042,0.0,0.0,0.0,1,drowsy,img_d_14761.jpg
0.11022404523149305,0.0,1.0,0.0,1,drowsy,img_g_5790.jpg
0.2216615257489729,0.010623279967939247,0.0,0.0,1,drowsy,img_e_330.jpg
0.1886198757327157,0.0,1.0,0.0,1,drowsy,img_d_4350.jpg
0.16842891791162345,0.011029038966110608,1.0,0.0,1,drowsy,img_e_9660.jpg
0.15268872261240674,0.009034157165591906,1.0,0.0,1,drowsy,img_g_1290.jpg
0.11843607693763111,0.015360094992326812,1.0,0.0,1,drowsy,img_e_15030.jpg
0.18587777991676463,0.10765529744595961,1.0,0.0,1,drowsy,image_7250 (2).jpg
0.1727684464927001,0.0,1.0,0.0,1,drowsy,img_d_14007.jpg
0.1696697276033181,0.013129511307932853,1.0,0.0,1,drowsy,img_d_6235.jpg
0.23356489848528833,0.009298805816385885,0.0,0.0,1,drowsy,img_h_6870.jpg
0.3129178069536085,0.17806548141786438,0.0,0.0,1,drowsy,image_1050 (4).jpg
0.2186067041825156,0.0,0.0,0.0,1,drowsy,img_f_16733.jpg
0.21475818840929212,0.23689479439888497,0.0,0.0,1,drowsy,image_1410.jpg
0.2005139556873858,0.06640599414663474,0.0,0.0,1,drowsy,image_8352.jpg
0.24132686579642157,0.010230747787229688,0.0,0.0,1,drowsy,img_j_15689.jpg
0.24357416464506548,0.01161026001312495,0.0,0.0,1,drowsy,img_f_19372.jpg
0.12654547692037238,0.007497633876411601,1.0,0.0,1,drowsy,img_f_5974.jpg
0.21402297520406902,0.0,0.0,0.0,1,drowsy,img_d_1566.jpg
0.16700338710800933,0.01109946950131746,1.0,0.0,1,drowsy,img_e_14460.jpg
0.1843038958198851,0.012621876608429033,1.0,0.0,1,drowsy,img_d_15457.jpg
0.13211850494043353,0.011244831111688825,1.0,0.0,1,drowsy,img_f_4872 (2).jpg
0.05584303915337703,0.007453559869443745,1.0,0.0,1,drowsy,img_f_1247.jpg
0.13911196729015907,0.008246458580701721,1.0,0.0,1,drowsy,img_e_11281.jpg
0.21267746563133733,0.007258583761557228,0.0,0.0,1,drowsy,img_g_3450.jpg
0.20561912328111265,0.0,0.0,0.0,1,drowsy,img_g_14580.jpg
0.11984878303144773,0.0,1.0,0.0,1,drowsy,img_f_609 (2).jpg
0.21117868988392585,0.009112586623395681,0.0,0.0,1,drowsy,img_g_10080.jpg
0.23962032750053455,0.0,0.0,0.0,1,drowsy,image_12934 (2).jpg
0.25060532881457054,0.0,0.0,0.0,1,drowsy,img_j_15892.jpg
0.21092761482773198,0.08121644210017989,0.0,0.0,1,drowsy,image_19401.jpg
0.16936525158948615,0.025170477844932048,1.0,0.0,1,drowsy,image_11049.jpg
0.14139312169134527,0.0,1.0,0.0,1,drowsy,img_d_11194.jpg
0.33956394866686346,0.009008643354415622,0.0,0.0,1,drowsy,image__14181.jpg
0.2287529522468914,0.009319781780607921,0.0,0.0,1,drowsy,img_f_2001.jpg
0.19543353917705003,0.09884795521342837,1.0,0.0,1,drowsy,image_19372.jpg
0.2412305633453119,0.0,0.0,0.0,1,drowsy,img_g_4470.jpg
0.1838670811753047,0.0,1.0,0.0,1,drowsy,img_c_6090.jpg
0.1877483309602151,0.0,1.0,0.0,1,drowsy,img_c_8903.jpg
0.024235578791995102,0.007421878342382806,1.0,0.0,1,drowsy,image_15167 (2).jpg
0.13486425494926235,0.06361588573526805,1.0,0.0,1,drowsy,image_16733.jpg
0.18309805451826355,0.008254320910135164,1.0,0.0,1,drowsy,img_e_12789.jpg
0.14974257314092473,0.10078398285797872,1.0,0.0,1,drowsy,image_9918.jpg
0.22242533755561417,0.009593677865494737,0.0,0.0,1,drowsy,img_g_750.jpg
0.20011791511352536,0.019439476274123128,0.0,0.0,1,drowsy,image_16530 (2).jpg
0.2363958696370285,0.012901990658771536,0.0,0.0,1,drowsy,image_4582.jpg
0.25640982332729917,0.0,0.0,0.0,1,drowsy,img_e_15780.jpg
0.21759468624943074,0.0,0.0,0.0,1,drowsy,img_c_406.jpg
0.10116232081212737,0.0,1.0,0.0,1,drowsy,img_h_7560.jpg
0.14065149452709047,0.0,1.0,0.0,1,drowsy,img_d_11803.jpg
0.17823135935185067,0.011284856061043593,1.0,0.0,1,drowsy,img_f_3451.jpg
0.2052602245263573,0.0,0.0,0.0,1,drowsy,img_c_16675.jpg
0.1836964930206137,0.006595955896446359,1.0,0.0,1,drowsy,img_g_15660.jpg
0.057433718427113714,0.011076635656786519,1.0,0.0,1,drowsy,img_f_6409 (2).jpg
0.20310385244723878,0.00909053337415379,0.0,0.0,1,drowsy,img_f_11049.jpg
0.1771883582533051,0.0,1.0,0.0,1,drowsy,img_d_4379.jpg
0.08591139032020916,0.008928215480011582,1.0,0.0,1,drowsy,image_16646 (2).jpg
0.2412122615100695,0.0,0.0,0.0,1,drowsy,img_d_17255.jpg
0.2208770386346462,0.0,0.0,0.0,1,drowsy,img_f_19401.jpg
0.14505658684655215,0.028922257769656828,1.0,0.0,1,drowsy,image_11600 (2).jpg
0.2060774637498261,0.0,0.0,0.0,1,drowsy,image_12412 (2).jpg
0.20415991736516406,0.013693491678424732,0.0,0.0,1,drowsy,img_d_3364.jpg
0.2647807949842336,0.009930481627662736,0.0,0.0,1,drowsy,img_j_1624.jpg
0.0936640263238816,0.11208312748338622,1.0,0.0,1,drowsy,image_13688.jpg
0.2663542352942991,0.05656351378390099,0.0,0.0,1,drowsy,image_1680 (2).jpg
0.20866586200028897,0.0,0.0,0.0,1,drowsy,img_e_12992.jpg
0.26046192933593065,0.011211213144394704,0.0,0.0,1,drowsy,img_f_580.jpg
0.1976890858768069,0.1756472776009052,1.0,0.0,1,drowsy,image_2130.jpg
0.2846600118096417,0.0,0.0,0.0,1,drowsy,img_e_13440.jpg
0.16738726391716344,0.0,1.0,0.0,1,drowsy,img_g_2940.jpg
0.1552533732917839,0.014062207986997055,1.0,0.0,1,drowsy,img_d_4437.jpg
0.07387599391879751,0.10880271752195728,1.0,0.0,1,drowsy,image_6815.jpg
0.15945239497510497,0.0,1.0,0.0,1,drowsy,img_d_11397.jpg
0.0979697078374814,0.03312437706814035,1.0,0.0,1,drowsy,image_14326.jpg
0.034596865150189934,0.010622380954776517,1.0,0.0,1,drowsy,image_14906 (2).jpg
0.21194982300734308,0.0,0.0,0.0,1,drowsy,img_c_638.jpg
0.2397441348621823,0.012366902366682657,0.0,0.0,1,drowsy,img_f_17835.jpg
0.20684246510240484,0.0,0.0,0.0,1,drowsy,img_c_18328.jpg
0.154801615278519,0.04787730583589436,1.0,0.0,1,drowsy,image_15776.jpg
0.2697383209521726,0.07226817805491191,0.0,0.0,1,drowsy,image_0280.jpg
0.24950308599548082,0.0,0.0,0.0,1,drowsy,img_h_1320 (2).jpg
0.25173413299402847,0.0106328840530588,0.0,0.0,1,drowsy,img_e_696.jpg
0.2386402612426788,0.006352952918760902,0.0,0.0,1,drowsy,img_g_1050.jpg
0.21141991886919653,0.2040391424619959,0.0,0.0,1,drowsy,image_420 (3).jpg
0.15843463356750903,0.010708823307274086,1.0,0.0,1,drowsy,img_e_14850.jpg
0.2248500103744674,0.0,0.0,0.0,1,drowsy,img_g_5550.jpg
0.28729686687373895,0.007793259346956241,0.0,0.0,1,drowsy,img_f_1044.jpg
0.2216837265899817,0.006603861703084826,0.0,0.0,1,drowsy,img_g_12480.jpg
0.16871104826262467,0.007628033522687718,1.0,0.0,1,drowsy,image__7453.jpg
0.21092971652817538,0.0,0.0,0.0,1,drowsy,img_c_13282.jpg
0.21316663414716258,0.10811310338619248,0.0,0.0,1,drowsy,image_5307.jpg
0.06524456262276665,0.062499999023437516,1.0,0.0,1,drowsy,image_1020 (3).jpg
0.1883993436038245,0.012969524828394443,1.0,0.0,1,drowsy,img_d_13543.jpg
0.19479539142193747,0.0,1.0,0.0,1,drowsy,img_d_8033.jpg
0.24323900097260015,0.006503660923304993,0.0,0.0,1,drowsy,img_g_11610.jpg
0.1659944730939022,0.0,1.0,0.0,1,drowsy,img_d_11426.jpg
0.09879035615796586,0.0,1.0,0.0,1,drowsy,img_e_10411.jpg
0.2597328656086148,0.0,0.0,0.0,1,drowsy,img_f_16530.jpg
0.18089657328946374,0.019634281266723442,1.0,0.0,1,drowsy,img_d_4147.jpg
0.13483223595500352,0.044825475166455395,1.0,0.0,1,drowsy,img_f_9425 (2).jpg
0.2669413835832758,0.010152938244597785,0.0,0.0,1,drowsy,img_j_14964.jpg
0.1977647085655175,0.010000750013664263,1.0,0.0,1,drowsy,img_g_3690.jpg
0.1779620559597278,0.013687076963362934,1.0,0.0,1,drowsy,img_d_14210.jpg
0.18818402550079355,0.0,1.0,0.0,1,drowsy,img_d_17719.jpg
0.17847287812777052,0.0,1.0,0.0,1,drowsy,img_e_17430.jpg
0.18611097731943382,0.006323290748635558,1.0,0.0,1,drowsy,img_g_6930.jpg
0.11758538137049834,0.0,1.0,0.0,1,drowsy,img_d_11368.jpg
0.20229846089644252,0.009007546901084998,0.0,0.0,1,drowsy,image_7656 (2).jpg
0.10077530620744832,0.9377314333745035,1.0,1.0,1,drowsy,image_2070 (2).jpg
0.25292075442378004,0.04563575394468221,0.0,0.0,1,drowsy,image_4031.jpg
0.19738463778280027,0.007812261531302849,1.0,0.0,1,drowsy,img_e_4147.jpg
0.1959721357717728,0.0,1.0,0.0,1,drowsy,img_c_8526.jpg
0.11640342094578296,0.05905122240703315,1.0,0.0,1,drowsy,image_15979.jpg
0.18200753397448383,0.004088176230915027,1.0,0.0,1,drowsy,image_12151.jpg
0.24878578571354512,0.0,0.0,0.0,1,drowsy,img_f_609.jpg
0.24612941932454757,0.008171505563984164,0.0,0.0,1,drowsy,img_f_9222.jpg
0.18296460134637835,0.009149701354959029,1.0,0.0,1,drowsy,image_10846 (2).jpg
0.20120911733163532,0.0,0.0,0.0,1,drowsy,img_c_7946.jpg
0.20083470696061428,0.10061538998525349,0.0,0.0,1,drowsy,image_10034.jpg
0.02314521553046889,0.16326530279050402,1.0,0.0,1,drowsy,image_1200 (2).jpg
0.2501603476979721,0.0,0.0,0.0,1,drowsy,image_990 (3).jpg
0.30386948203881603,0.0,0.0,0.0,1,drowsy,img_e_8190.jpg
0.1366426915873375,0.006503248328643232,1.0,0.0,1,drowsy,img_g_5430.jpg
0.2010921097174593,0.032962134176749334,0.0,0.0,1,drowsy,image_15602.jpg
0.31185310695221774,0.010979071756736453,0.0,0.0,1,drowsy,img_e_15390.jpg
0.23931723966899926,0.0,0.0,0.0,1,drowsy,img_j_16008.jpg
0.22643779998752067,0.009069571916660432,0.0,0.0,1,drowsy,img_g_8100.jpg
0.27862708843569617,0.08663363934381367,0.0,0.0,1,drowsy,image_2291.jpg
0.08273255535917173,0.0,1.0,0.0,1,drowsy,img_c_10614.jpg
0.17624992057166736,0.0,1.0,0.0,1,drowsy,img_a_9045.jpg
0.12328362822842717,0.0,1.0,0.0,1,drowsy,img_j_5046.jpg
0.2659294701427635,0.005984698706537844,0.0,0.0,1,drowsy,image_1015.jpg
0.21234450324354998,0.006277277106735976,0.0,0.0,1,drowsy,img_g_3900.jpg
0.23116688680094533,0.0,0.0,0.0,1,drowsy,img_h_5940.jpg
0.16467753935419818,0.009900990000980298,1.0,0.0,1,drowsy,image_9918 (3).jpg
0.22572505242623436,0.13791053562934377,0.0,0.0,1,drowsy,image_600 (2).jpg
0.22068964202142016,0.009995502935313589,0.0,0.0,1,drowsy,img_e_3990.jpg
0.1954066181245912,0.0,1.0,0.0,1,drowsy,img_c_5162.jpg
0.04740798870773375,0.0,1.0,0.0,1,drowsy,image_14964 (2).jpg
0.12251592919969746,0.011742784669632527,1.0,0.0,1,drowsy,img_e_17550.jpg
0.2192764660268158,0.0,0.0,0.0,1,drowsy,img_c_17806.jpg
0.18421068948809488,0.0,1.0,0.0,1,drowsy,img_f_6844.jpg
0.14939729128991752,0.0,1.0,0.0,1,drowsy,img_e_13050.jpg
0.22057120067060443,0.00792727574624199,0.0,0.0,1,drowsy,img_g_10320.jpg
0.24148284438524076,0.0,0.0,0.0,1,drowsy,img_f_2175.jpg
0.12822125005293686,0.13532543369636174,1.0,0.0,1,drowsy,image__11832.jpg
0.2277691682803348,0.0,0.0,0.0,1,drowsy,img_e_15810.jpg
0.2081780168914584,0.0,0.0,0.0,1,drowsy,img_a_12450.jpg
0.19193678484815338,0.0,1.0,0.0,1,drowsy,img_c_13137.jpg
0.22117842072457722,0.008298540802493655,0.0,0.0,1,drowsy,img_f_16849.jpg
0.11954525738508194,0.007319577267676715,1.0,0.0,1,drowsy,img_h_10980.jpg
0.12618938238425992,0.06873328644384843,1.0,0.0,1,drowsy,image_15428.jpg
0.20026748695978946,0.0,0.0,0.0,1,drowsy,img_c_9599.jpg
0.09493904813271493,0.08126296986238607,1.0,0.0,1,drowsy,image_13717.jpg
0.28745187425014557,0.0,0.0,0.0,1,drowsy,img_j_11571.jpg
0.2506269989768554,0.0,0.0,0.0,1,drowsy,img_f_7743.jpg
0.1961652220079672,0.0,1.0,0.0,1,drowsy,img_d_2697.jpg
0.14033770531606987,0.0,1.0,0.0,1,drowsy,img_d_11977.jpg
0.2352774910673885,0.0,0.0,0.0,1,drowsy,img_g_16590.jpg
0.25044923496733373,0.0,0.0,0.0,1,drowsy,img_g_1440.jpg
0.22807114518057797,0.008364760150505714,0.0,0.0,1,drowsy,image_12470 (2).jpg
0.22405922005853102,0.0066548462821122535,0.0,0.0,1,drowsy,img_g_12090.jpg
0.23876170657020152,0.00934906123439014,0.0,0.0,1,drowsy,img_g_630.jpg
0.2661353561332893,0.04355531223109475,0.0,0.0,1,drowsy,image_8555.jpg
0.22832514908640114,0.01176145042965831,0.0,0.0,1,drowsy,image_0109.jpg
0.06728252595489578,0.0779225830722235,1.0,0.0,1,drowsy,image_15399.jpg
0.1757779009036732,0.007858439945986723,1.0,0.0,1,drowsy,img_e_7076.jpg
0.14025733190708353,0.22320538453702146,1.0,0.0,1,drowsy,10.jpg
0.2583622916868953,0.007788766668626078,0.0,0.0,1,drowsy,img_j_14384.jpg
0.2694804230622164,0.008304547916408481,0.0,0.0,1,drowsy,img_f_10237.jpg
0.21495695705905354,0.013153340871106032,0.0,0.0,1,drowsy,img_d_2668.jpg
0.23120147648507788,0.0,0.0,0.0,1,drowsy,img_f_19575.jpg
0.1676876790219342,0.013876848044826863,1.0,0.0,1,drowsy,img_d_7076.jpg
0.20995108280200747,0.0,0.0,0.0,1,drowsy,img_c_6641.jpg
0.26495195055502574,0.0,0.0,0.0,1,drowsy,img_j_12093.jpg
0.23523840741329632,0.06938083645204637,0.0,0.0,1,drowsy,img_g_10650.jpg
0.2726106827497462,0.008521833136793586,0.0,0.0,1,drowsy,img_f_18125.jpg
0.18397156395493394,0.006783754675210611,1.0,0.0,1,drowsy,img_g_2820.jpg
0.2114121072806096,0.0,0.0,0.0,1,drowsy,img_d_9715.jpg
0.09480345898130152,0.007894600101597978,1.0,0.0,1,drowsy,img_e_14529.jpg
0.2468566616666119,0.0,0.0,0.0,1,drowsy,img_j_12905.jpg
0.261586903325638,0.007818228278884834,0.0,0.0,1,drowsy,img_f_4640 (2).jpg
0.2409287473907774,0.0,0.0,0.0,1,drowsy,img_j_5278.jpg
0.2367624920607101,0.0,0.0,0.0,1,drowsy,38.jpg
0.2412580428727032,0.05373784410586682,0.0,0.0,1,drowsy,image__17516.jpg
0.17900716313716455,0.011235245746052327,1.0,0.0,1,drowsy,img_h_4860.jpg
0.27763223536825465,0.00767755726946976,0.0,0.0,1,drowsy,img_j_6003.jpg
0.20927399330718255,0.0,0.0,0.0,1,drowsy,21.jpg
0.1586601755833903,0.0,1.0,0.0,1,drowsy,img_e_7047.jpg
0.2545871871267246,0.0,0.0,0.0,1,drowsy,img_j_17864.jpg
0.18998045807301273,0.0064055203091700425,1.0,0.0,1,drowsy,img_g_4290.jpg
0.23632297130914304,0.0,0.0,0.0,1,drowsy,img_c_6670.jpg
0.1605349845938867,0.013493814321667085,1.0,0.0,1,drowsy,img_d_7047.jpg
0.1669946630797202,0.01351351333089847,1.0,0.0,1,drowsy,img_d_2117.jpg
0.06748964538604278,0.0,1.0,0.0,1,drowsy,img_e_11460.jpg
0.21077505374571098,0.0,0.0,0.0,1,drowsy,img_c_16095.jpg
0.2250283791801055,0.0,0.0,0.0,1,drowsy,img_c_5423.jpg
0.27694609096970885,0.0,0.0,0.0,1,drowsy,img_j_6032.jpg
0.23577868066270197,0.0,0.0,0.0,1,drowsy,image__9077.jpg
0.21878619027778973,0.0,0.0,0.0,1,drowsy,img_c_10382.jpg
0.04228371853853809,0.0,1.0,0.0,1,drowsy,img_f_6322.jpg
0.13710667953996866,0.0077517050180726365,1.0,0.0,1,drowsy,img_e_2842.jpg
0.22051981101057344,0.00671443441612741,0.0,0.0,1,drowsy,img_g_11580.jpg
0.11164986841306618,0.0066154119727925495,1.0,0.0,1,drowsy,img_g_6450.jpg
0.2274638410006985,0.00850948264760179,0.0,0.0,1,drowsy,img_f_16878.jpg
0.14049861048905485,0.008987788234025,1.0,0.0,1,drowsy,image__11803.jpg
0.228328788083201,0.018067503290306656,0.0,0.0,1,drowsy,image_14500 (2).jpg
0.19519508776714356,0.013493814321667085,1.0,0.0,1,drowsy,img_d_2842.jpg
0.06865652490275259,0.05104112064263814,1.0,0.0,1,drowsy,image_17226.jpg
0.22012650515236565,0.007550664997100709,0.0,0.0,1,drowsy,image_14355 (2).jpg
0.10041372874674007,0.8255582890719544,1.0,1.0,1,drowsy,image_660.jpg
0.24302624995819816,0.0,0.0,0.0,1,drowsy,img_f_7772.jpg
0.2711545589876964,0.5963379990442585,0.0,0.0,1,drowsy,img_e_5452.jpg
0.13737695189702792,0.011036425008598584,1.0,0.0,1,drowsy,img_e_14040.jpg
0.17556102824233694,0.0,1.0,0.0,1,drowsy,img_d_5452.jpg
0.2075752791665375,0.008531752340575151,0.0,0.0,1,drowsy,img_f_13253 (2).jpg
0.22586957917705067,0.01957400693401503,0.0,0.0,1,drowsy,image_570 (4).jpg
0.22835269931069074,0.004128954285720034,0.0,0.0,1,drowsy,image_10788.jpg
0.20301079308373643,0.01835248575149692,0.0,0.0,1,drowsy,img_d_4002.jpg
0.10503104711050751,0.06896376205837644,1.0,0.0,1,drowsy,image_15196.jpg
0.2615903420267779,0.0,0.0,0.0,1,drowsy,image_3000 (3).jpg
0.17090280218060322,0.0,1.0,0.0,1,drowsy,img_d_14355.jpg
0.1983198246522762,0.013502422031931107,1.0,0.0,1,drowsy,img_d_7279.jpg
0.2424301204073162,0.0,0.0,0.0,1,drowsy,img_f_638.jpg
0.2783916442904972,0.0,0.0,0.0,1,drowsy,img_f_11078 (2).jpg
0.22809817486996098,0.11374246732038118,0.0,0.0,1,drowsy,image_10005.jpg
0.21316981047260175,0.11035725451671909,0.0,0.0,1,drowsy,image_7482.jpg
0.16785257589394198,0.010918045454800709,1.0,0.0,1,drowsy,img_e_13920.jpg
0.2430092886827248,0.011185234410056777,0.0,0.0,1,drowsy,img_j_8584.jpg
0.2572927676153086,0.015598744804265553,0.0,0.0,1,drowsy,img_g_6120.jpg
0.1814738557251258,0.008669144394455475,1.0,0.0,1,drowsy,image_9599 (2).jpg
0.2140953578649069,0.010828384531118798,0.0,0.0,1,drowsy,image_12383 (2).jpg
0.2322253221504713,0.0,0.0,0.0,1,drowsy,img_c_16240.jpg
0.16834983062214207,0.14812274930562394,1.0,0.0,1,drowsy,image_1170 (4).jpg
0.10476951662811215,0.0,1.0,0.0,1,drowsy,image_16936 (2).jpg
0.2088398259587842,0.06016568350365244,0.0,0.0,1,drowsy,image_11455.jpg
0.268796591383419,0.008157355760299152,0.0,0.0,1,drowsy,img_j_7714.jpg
0.19009465574320344,0.01331441055176416,1.0,0.0,1,drowsy,img_d_3625.jpg
0.21469787342465546,0.0,0.0,0.0,1,drowsy,img_c_10962.jpg
0.20511578452810592,0.0,0.0,0.0,1,drowsy,img_d_13572.jpg
0.24514012768902957,0.0077287506929199735,0.0,0.0,1,drowsy,img_f_957.jpg
0.25943805566598616,0.00908153210125577,0.0,0.0,1,drowsy,img_f_19140.jpg
0.16547060546202677,0.013080559315110166,1.0,0.0,1,drowsy,image_9483 (2).jpg
0.1919616039296822,0.0,1.0,0.0,1,drowsy,img_d_1740.jpg
0.05850461780795781,0.010017546000936966,1.0,0.0,1,drowsy,img_e_3625.jpg
0.21557520000398966,0.0,0.0,0.0,1,drowsy,img_c_812.jpg
0.2521668301269412,0.0,0.0,0.0,1,drowsy,img_g_4680.jpg
0.2025519054596538,0.0,0.0,0.0,1,drowsy,img_g_1920.jpg
0.24100236845531847,0.00860026137795777,0.0,0.0,1,drowsy,img_f_16501.jpg
0.0643455091282904,0.0,1.0,0.0,1,drowsy,img_e_116.jpg
0.17548572565217926,0.0,1.0,0.0,1,drowsy,img_c_8265.jpg
0.18924542062944466,0.0,1.0,0.0,1,drowsy,img_d_4176.jpg
0.2648379803313734,0.007677783555842933,0.0,0.0,1,drowsy,img_j_17284.jpg
0.20527466681752554,0.007167584025216053,0.0,0.0,1,drowsy,image_2465.jpg
0.05643174440432262,0.006984643631546916,1.0,0.0,1,drowsy,img_g_12300.jpg
0.03774020802828476,0.007712872282385696,1.0,0.0,1,drowsy,image_14819 (2).jpg
0.22392051312200983,0.9833753007174754,0.0,1.0,1,drowsy,image_1350 (5).jpg
0.19068904777907814,0.0,1.0,0.0,1,drowsy,img_d_12644.jpg
0.23203567989347443,0.00876215900999104,0.0,0.0,1,drowsy,image__6032.jpg
0.1677130563494952,0.0,1.0,0.0,1,drowsy,img_d_12122.jpg
0.18091409881669318,0.0,1.0,0.0,1,drowsy,img_d_8758.jpg
0.1761587671872577,0.006824229675718406,1.0,0.0,1,drowsy,img_g_11190.jpg
0.21633721059975386,0.0,0.0,0.0,1,drowsy,img_c_15167.jpg
0.29729953407784293,1.0166741116180589,0.0,1.0,1,drowsy,image_750 (5).jpg
0.2296915987300217,0.008085049221040527,0.0,0.0,1,drowsy,img_f_9367.jpg
0.23041295894715164,0.00810840419109578,0.0,0.0,1,drowsy,img_e_12586.jpg
0.18373158741943799,0.0,1.0,0.0,1,drowsy,img_h_4500.jpg
0.09501803155202966,0.0038388917926585565,1.0,0.0,1,drowsy,image_19633.jpg
0.23407492610342195,0.012432730059610464,0.0,0.0,1,drowsy,image_14471.jpg
0.05481320920282505,0.008196721244289171,1.0,0.0,1,drowsy,img_f_3886.jpg
0.2584912674224946,0.007648085635789029,0.0,0.0,1,drowsy,img_j_16617.jpg
0.17431406041310415,0.008531752340575151,1.0,0.0,1,drowsy,img_a_1560.jpg
0.222398161942611,0.012794252924975697,0.0,0.0,1,drowsy,img_c_609.jpg
0.20272237597239925,0.0,0.0,0.0,1,drowsy,image_7290.jpg
0.0700010031301252,0.0,1.0,0.0,1,drowsy,img_f_4930 (2).jpg
0.18066482858533908,0.04790199677155986,1.0,0.0,1,drowsy,image_15747.jpg
0.1471725610892894,0.14179805265553125,1.0,0.0,1,drowsy,image_270.jpg
0.10471637434075848,0.0,1.0,0.0,1,drowsy,img_g_7410.jpg
0.22099169616648717,0.013333333155555559,0.0,0.0,1,drowsy,img_c_17980.jpg
0.08015479962660477,0.07719929152086137,1.0,0.0,1,drowsy,image_19169.jpg
0.012911509076627354,0.0,1.0,0.0,1,drowsy,image_12876 (2).jpg
0.03526473195359777,0.7896387688288512,1.0,1.0,1,drowsy,image_1440 (2).jpg
0.10615718506856756,0.010450170823659465,1.0,0.0,1,drowsy,img_f_1943 (2).jpg
0.17368175284890902,0.0,1.0,0.0,1,drowsy,img_h_8460.jpg
0.12980939323441834,0.0077287506929199735,1.0,0.0,1,drowsy,img_e_11919.jpg
0.18927048612408823,0.0,1.0,0.0,1,drowsy,img_e_10150.jpg
0.1890861222695574,0.0,1.0,0.0,1,drowsy,img_d_17516.jpg
0.160311284137002,0.007987867622847145,1.0,0.0,1,drowsy,image_8410.jpg
0.2514768364609281,0.010345903983413148,0.0,0.0,1,drowsy,img_j_3016.jpg
0.17505570972646575,0.009146638949628074,1.0,0.0,1,drowsy,img_f_11078.jpg
0.24109639480703415,0.008353662038601769,0.0,0.0,1,drowsy,img_f_19430.jpg
0.23788006440393056,0.0,0.0,0.0,1,drowsy,img_e_12035.jpg
0.25519109405529394,0.008064253833160288,0.0,0.0,1,drowsy,image__9889 (2).jpg
0.1696023027972149,0.0131567556971853,1.0,0.0,1,drowsy,img_c_8729.jpg
0.26388411394320693,0.0,0.0,0.0,1,drowsy,img_f_15544.jpg
0.17297290014471345,0.0,1.0,0.0,1,drowsy,img_d_1218.jpg
0.15765321605918148,0.0,1.0,0.0,1,drowsy,img_d_11629.jpg
0.1390302727025753,0.0,1.0,0.0,1,drowsy,img_e_15000.jpg
0.03684216130509174,0.06584676480291313,1.0,0.0,1,drowsy,image_18908.jpg
0.2928211841221825,0.06811148983158326,0.0,0.0,1,drowsy,image_960 (2).jpg
0.20879132957537275,0.014279886745523327,0.0,0.0,1,drowsy,img_d_1595.jpg
0.23874474415698044,0.0,0.0,0.0,1,drowsy,image__12963 (2).jpg
0.041008978631721184,0.09270040264818831,1.0,0.0,1,drowsy,img_f_2030.jpg
0.11126351231066353,0.10814559309428663,1.0,0.0,1,drowsy,image_13108.jpg
0.20336468224324353,0.01381117970620434,0.0,0.0,1,drowsy,image_10440 (2).jpg
0.0625279794690763,0.004066720999958723,1.0,0.0,1,drowsy,image_19343.jpg
0.25681515911818575,0.0,0.0,0.0,1,drowsy,img_j_12673.jpg
0.22474592229892665,0.0,0.0,0.0,1,drowsy,img_e_1595.jpg
0.1648976107854176,0.0,1.0,0.0,1,drowsy,img_d_2088.jpg
0.174709803271179,0.0,1.0,0.0,1,drowsy,img_c_8932.jpg
0.18976704949571419,0.0,1.0,0.0,1,drowsy,image_8120 (2).jpg
0.1589916981811443,0.0,1.0,0.0,1,drowsy,img_e_12960.jpg
0.15751040788926554,0.013332148128403257,1.0,0.0,1,drowsy,img_d_11832.jpg
0.25245335836545607,0.010411584049255932,0.0,0.0,1,drowsy,img_j_14558.jpg
0.23519173211421535,0.0,0.0,0.0,1,drowsy,image_6815 (2).jpg
0.07864863974807125,0.0,1.0,0.0,1,drowsy,img_f_3306.jpg
0.1948341282230099,0.012982634189551132,1.0,0.0,1,drowsy,img_d_9686.jpg
0.23667276179180108,0.0,0.0,0.0,1,drowsy,img_f_1276.jpg
0.20851494832635262,0.004255280604243342,0.0,0.0,1,drowsy,image__10498.jpg
0.23038234106522884,0.0,0.0,0.0,1,drowsy,img_f_18908.jpg
0.11883270499447998,0.0,1.0,0.0,1,drowsy,img_g_8520.jpg
0.2076356872183357,0.0,0.0,0.0,1,drowsy,img_a_9465.jpg
0.10185151908196233,0.006925599646199378,1.0,0.0,1,drowsy,img_j_58.jpg
0.24874592706892776,0.0,0.0,0.0,1,drowsy,img_g_5010.jpg
0.21329154192881694,0.010283353927406846,0.0,0.0,1,drowsy,img_e_9686.jpg
0.22805142879682322,0.013147655398310407,0.0,0.0,1,drowsy,img_d_5916.jpg
0.06515466566914827,0.5530663042056329,1.0,0.0,1,drowsy,image_720 (2).jpg
0.1229568817933822,0.03207070044595616,1.0,0.0,1,drowsy,image_15544.jpg
0.18649365851408048,0.0,1.0,0.0,1,drowsy,image_18154 (2).jpg
0.23012214486657873,0.012947763865649376,0.0,0.0,1,drowsy,img_c_11658.jpg
0.23081421587670953,0.009358882539214282,0.0,0.0,1,drowsy,img_g_4440.jpg
0.23066515705696414,0.006767579155092838,0.0,0.0,1,drowsy,img_g_13590.jpg
0.2362091496900262,0.0,0.0,0.0,1,drowsy,img_f_6525.jpg
0.20593068369501633,0.009224526987392312,0.0,0.0,1,drowsy,img_g_990.jpg
0.20498871036564736,0.0,0.0,0.0,1,drowsy,img_c_10208.jpg
0.20997816974350558,0.05795870667144975,0.0,0.0,1,drowsy,image_19430.jpg
0.06817508561926579,0.0,1.0,0.0,1,drowsy,img_c_15370.jpg
0.11913129042971925,0.011724610452509573,1.0,0.0,1,drowsy,img_f_9164.jpg
0.1748030704666566,0.027024749170038,1.0,0.0,1,drowsy,image_11078.jpg
0.22953550948317772,0.0,0.0,0.0,1,drowsy,img_j_15109.jpg
0.23909470499459595,0.008768893952517438,0.0,0.0,1,drowsy,img_f_9831.jpg
0.17464109041529427,0.011280906063721207,1.0,0.0,1,drowsy,img_e_13470.jpg
0.20836084621937434,0.0,0.0,0.0,1,drowsy,img_g_2970.jpg
0.18290045163385923,0.0,1.0,0.0,1,drowsy,img_d_14036.jpg
0.21878238088951762,0.004216370195780061,0.0,0.0,1,drowsy,image_8439.jpg
0.1869115144556721,0.0077774512632206305,1.0,0.0,1,drowsy,img_j_4988.jpg
0.1393445129299965,0.0,1.0,0.0,1,drowsy,img_e_9889.jpg
0.22979843184304286,0.0,0.0,0.0,1,drowsy,img_e_10179.jpg
0.18333001529280035,0.013333333155555559,1.0,0.0,1,drowsy,img_c_8700.jpg
0.18178709954967381,0.0,1.0,0.0,1,drowsy,img_d_9889.jpg
0.07654144095251,0.009160444047169336,1.0,0.0,1,drowsy,img_a_1950.jpg
0.21824214180193746,0.013883533427424141,0.0,0.0,1,drowsy,img_c_10585.jpg
0.19795661478765592,0.27582107125868754,1.0,0.0,1,drowsy,image_2100.jpg
0.18224753741770117,0.0,1.0,0.0,1,drowsy,img_d_16153.jpg
0.20243395730123517,0.08508712415234869,0.0,0.0,1,drowsy,image_1320 (2).jpg
0.25690890484955703,0.0,0.0,0.0,1,drowsy,img_b_12093.jpg
0.20374577708907246,0.0,0.0,0.0,1,drowsy,img_h_1860.jpg
0.06745848677445837,0.0,1.0,0.0,1,drowsy,img_a_8790.jpg
0.18655146870496114,0.008326108873112177,1.0,0.0,1,drowsy,img_f_13108.jpg
0.21910548662044965,0.0,0.0,0.0,1,drowsy,img_f_19343.jpg
0.11472626261856395,0.0078446453439889,1.0,0.0,1,drowsy,img_f_5945.jpg
0.1597089659551916,0.012811040536278705,1.0,0.0,1,drowsy,img_d_11600.jpg
0.1931338680869884,0.010988347420867866,1.0,0.0,1,drowsy,image_11252.jpg
0.12441235340651838,0.8425821778944202,1.0,1.0,1,drowsy,image_1290 (4).jpg
0.1818038930368132,0.10317637107530132,1.0,0.0,1,drowsy,image_9280.jpg
0.21179567520033984,0.03749177676874586,0.0,0.0,1,drowsy,image_4292 (2).jpg
0.2620658520597363,0.007619393119539442,0.0,0.0,1,drowsy,img_f_4118.jpg
0.22274223117997485,0.0,0.0,0.0,1,drowsy,img_a_2040.jpg
0.16835840320966883,0.0,1.0,0.0,1,drowsy,img_d_1972.jpg
0.142593760625653,0.012738594991226149,1.0,0.0,1,drowsy,image_8526 (2).jpg
0.19875256637866984,0.11368785805748928,1.0,0.0,1,drowsy,image_16501.jpg
0.2536211546319277,0.008112939316888525,0.0,0.0,1,drowsy,img_j_12470.jpg
0.08423692435887963,0.017980115834753216,1.0,0.0,1,drowsy,image_17168 (2).jpg
0.21941374795858776,0.0065471446415927715,0.0,0.0,1,drowsy,img_g_30.jpg
0.1518403082829053,0.0,1.0,0.0,1,drowsy,image_15660 (2).jpg
0.08718991976007878,0.0696937199386224,1.0,0.0,1,drowsy,image_19140.jpg
0.19886299322078926,0.0,1.0,0.0,1,drowsy,img_d_12876.jpg
0.05923970940766066,0.008005124856366735,1.0,0.0,1,drowsy,image_15718 (2).jpg
0.1055081837364106,0.008955383398763528,1.0,0.0,1,drowsy,image_16472 (2).jpg
0.2490773824207853,0.027137377669338797,0.0,0.0,1,drowsy,img_f_19169.jpg
0.07893269825422174,0.013074408955156241,1.0,0.0,1,drowsy,image_16298.jpg
0.0980419498289039,0.008384436092707602,1.0,0.0,1,drowsy,image_16704 (2).jpg
0.21557693544392892,0.09351582598275947,0.0,0.0,1,drowsy,image_8149.jpg
0.1332696304565532,0.009007546901084998,1.0,0.0,1,drowsy,image_9222 (2).jpg
0.11317035409371298,0.0,1.0,0.0,1,drowsy,img_f_15747.jpg
0.2194940913594214,0.0,0.0,0.0,1,drowsy,img_d_1769.jpg
0.21314076148412286,0.01118033976249895,0.0,0.0,1,drowsy,img_e_17400.jpg
0.21643187121290727,0.0,0.0,0.0,1,drowsy,img_g_6900.jpg
0.20219953163390386,0.01935644987083222,0.0,0.0,1,drowsy,img_d_4611.jpg
0.25786762653699685,0.00786208221596964,0.0,0.0,1,drowsy,img_f_14471.jpg
0.22189542457065542,0.0,0.0,0.0,1,drowsy,img_f_19633.jpg
0.0815077768857489,0.007567943429167896,1.0,0.0,1,drowsy,img_e_10353.jpg
0.23117000197271492,0.057254312297402375,0.0,0.0,1,drowsy,image_8613.jpg
0.3311594641283072,0.5937488609261841,0.0,0.0,1,drowsy,image_690 (4).jpg
0.20155918393649436,0.012649110480673518,0.0,0.0,1,drowsy,img_d_9309.jpg
0.21964231994808406,0.008594859502633346,0.0,0.0,1,drowsy,img_f_13920 (2).jpg
0.20547864705341234,0.0,0.0,0.0,1,drowsy,img_c_14442.jpg
0.20131745913948798,0.006368005958622418,0.0,0.0,1,drowsy,img_g_8130.jpg
0.23549505520617312,0.008360958451879178,0.0,0.0,1,drowsy,img_f_8642.jpg
0.2842049920367903,0.008169323877789299,0.0,0.0,1,drowsy,image__17081.jpg
0.2008799979742642,0.0,0.0,0.0,1,drowsy,img_c_754.jpg
0.10626271499496376,0.006412101009366673,1.0,0.0,1,drowsy,img_g_5400.jpg
0.24404780857931507,0.013918453909267233,0.0,0.0,1,drowsy,img_f_10788.jpg
0.19198572633629193,0.0,1.0,0.0,1,drowsy,img_c_5191.jpg
0.08339094123567589,0.019321011149076604,1.0,0.0,1,drowsy,image_17429 (2).jpg
0.1510027263570631,0.0,1.0,0.0,1,drowsy,image_11658 (2).jpg
0.16029423589623804,0.006666074108638172,1.0,0.0,1,drowsy,img_g_4050.jpg
0.24876872909433453,0.013275635766842783,0.0,0.0,1,drowsy,img_c_16269.jpg
0.2150736426140154,0.0,0.0,0.0,1,drowsy,img_c_13311.jpg
0.2564655890440299,0.012858080923796126,0.0,0.0,1,drowsy,img_h_6510.jpg
0.1407193397887558,0.008112939316888525,1.0,0.0,1,drowsy,image_9338 (2).jpg
0.1679300133201077,0.010516997260937787,1.0,0.0,1,drowsy,image_10034 (2).jpg
0.18846966430439524,0.0,1.0,0.0,1,drowsy,image__4988.jpg
0.19340169833895932,0.007089346392813192,1.0,0.0,1,drowsy,img_g_14610.jpg
0.18020425648131677,0.0,1.0,0.0,1,drowsy,img_d_12731.jpg
0.04963535626042263,0.0,1.0,0.0,1,drowsy,image_17893 (2).jpg
0.24926729714439977,0.13483232712260715,0.0,0.0,1,drowsy,image_2262.jpg
0.22527835300041216,0.19902469825194372,0.0,0.0,1,drowsy,image__9512.jpg
0.22952945311369,0.008860580214399503,0.0,0.0,1,drowsy,image__13224.jpg
0.22961012257099614,0.007921304537799339,0.0,0.0,1,drowsy,image_12644 (2).jpg
0.05161744981814391,0.0,1.0,0.0,1,drowsy,image_15602 (2).jpg
0.06016883770756933,0.2927515116156788,1.0,0.0,1,drowsy,image_1830 (3).jpg
0.044797341297225055,0.0,1.0,0.0,1,drowsy,img_e_7250.jpg
0.242119511827328,0.008388860208408502,0.0,0.0,1,drowsy,img_f_10005.jpg
0.22612006470692775,0.004989470827619036,0.0,0.0,1,drowsy,image__145.jpg
0.21882136395460305,0.0,0.0,0.0,1,drowsy,img_c_10817.jpg
0.19116169306496494,0.007040158913388067,1.0,0.0,1,drowsy,img_g_15240.jpg
0.1870999353266156,0.0,1.0,0.0,1,drowsy,img_g_6690.jpg
0.1962665943018582,0.0,1.0,0.0,1,drowsy,img_d_17661.jpg
0.08346950364389243,0.010862829290603036,1.0,0.0,1,drowsy,image_9773 (2).jpg
0.19636113189996635,0.0,1.0,0.0,1,drowsy,img_c_6467.jpg
0.19018281820882643,0.01350858049147573,1.0,0.0,1,drowsy,img_d_7250.jpg
0.22361567885542097,0.006538182468286846,0.0,0.0,1,drowsy,img_g_3930.jpg
0.18847494153708166,0.0,1.0,0.0,1,drowsy,img_d_12296.jpg
0.06449456040379194,0.09992009387537387,1.0,0.0,1,drowsy,image_210 (4).jpg
0.2671323905031977,0.006734655685148979,0.0,0.0,1,drowsy,img_g_1470.jpg
0.1134691663425759,0.0,1.0,0.0,1,drowsy,img_c_12557.jpg
0.1939028471994128,0.012977167126512961,1.0,0.0,1,drowsy,img_d_14181.jpg
0.09717684884150396,0.004694783918997253,1.0,0.0,1,drowsy,image__11194.jpg
0.22294476838335608,0.009612496613471144,0.0,0.0,1,drowsy,img_g_600.jpg
0.05590169818749477,1.0789473400277017,1.0,1.0,1,drowsy,image_1110 (3).jpg
0.19844200290609054,0.0420842840901641,1.0,0.0,1,drowsy,img_f_58.jpg
0.1789664191660559,0.0,1.0,0.0,1,drowsy,img_d_1392.jpg
0.11668134702443594,0.00874472052575327,1.0,0.0,1,drowsy,img_h_6060.jpg
0.16936331408139327,0.007349365851677505,1.0,0.0,1,drowsy,img_h_11310.jpg
0.25546964989317333,0.09440134620168296,0.0,0.0,1,drowsy,img_e_1392.jpg
0.16491185993112065,0.0,1.0,0.0,1,drowsy,img_e_14280.jpg
0.22012462184891068,0.1151455257175243,0.0,0.0,1,drowsy,image_9860.jpg
0.026683847712385415,0.07728220068717373,1.0,0.0,1,drowsy,image_15196 (2).jpg
0.2502494334629465,0.100164570030588,0.0,0.0,1,drowsy,image_6206.jpg
0.1447022731047433,0.06919012671082243,1.0,0.0,1,drowsy,image_9135.jpg
0.23423190116011766,0.0697674410492158,0.0,0.0,1,drowsy,image_0111.jpg
0.18952181687885045,0.013147655398310407,1.0,0.0,1,drowsy,img_d_10324.jpg
0.188268652368773,0.02929793652738363,1.0,0.0,1,drowsy,img_f_17226.jpg
0.23338577634515328,0.2901427778538584,0.0,0.0,1,drowsy,image_510 (3).jpg
0.1703891805781018,0.0,1.0,0.0,1,drowsy,img_c_7221.jpg
0.24910185728645068,0.00844430759731173,0.0,0.0,1,drowsy,img_f_8497.jpg
0.1842605734198104,0.055163848529439515,1.0,0.0,1,drowsy,image_14935.jpg
0.22710378474300294,0.0,0.0,0.0,1,drowsy,34.jpg
0.23913858691429052,0.0070809880942277305,0.0,0.0,1,drowsy,img_g_10890.jpg
0.09171999530733314,0.054930612435495324,1.0,0.0,1,drowsy,image_16878.jpg
0.20285817963607672,0.10336515212107797,0.0,0.0,1,drowsy,image_7656.jpg
0.30559847521585043,0.0,0.0,0.0,1,drowsy,image__14007.jpg
0.12286632870862138,0.004503362432164026,1.0,0.0,1,drowsy,image__14761.jpg
0.14179596315800808,0.0,1.0,0.0,1,drowsy,img_d_11774.jpg
0.26800842920439455,0.0,0.0,0.0,1,drowsy,20.jpg
0.23601472769786988,0.0,0.0,0.0,1,drowsy,img_i_1914.jpg
0.21274230502629204,0.0,0.0,0.0,1,drowsy,img_d_17313.jpg
0.24117545643947597,0.011687316172028705,0.0,0.0,1,drowsy,img_e_1421.jpg
0.32953446829235905,0.011190836093683211,0.0,0.0,1,drowsy,img_e_7050.jpg
0.251769702561131,0.11501503624755016,0.0,0.0,1,drowsy,36.jpg
0.19767444780808102,0.0,1.0,0.0,1,drowsy,img_f_12412.jpg
0.14655298139889394,0.009259259173525379,1.0,0.0,1,drowsy,image_8961 (2).jpg
0.24257044577542175,0.0,0.0,0.0,1,drowsy,22.jpg
0.25950701706689505,0.006849636366907321,0.0,0.0,1,drowsy,img_g_2190.jpg
0.2076526161969668,0.00446811643818355,0.0,0.0,1,drowsy,image__6409.jpg
0.20727618955378624,0.14307743043049617,0.0,0.0,1,drowsy,img_e_11339.jpg
0.21181109157637176,0.01350858049147573,0.0,0.0,1,drowsy,img_d_1421.jpg
0.21828448491870672,0.013652592601849013,0.0,0.0,1,drowsy,img_c_13688.jpg
0.2585948280651657,0.0,0.0,0.0,1,drowsy,img_e_17760.jpg
0.25000934240965034,0.10478181326968272,0.0,0.0,1,drowsy,image_9889.jpg
0.18813809932414877,0.0,1.0,0.0,1,drowsy,img_f_15341.jpg
0.23936497210011384,0.0,0.0,0.0,1,drowsy,img_e_13260.jpg
0.2556767263139596,0.008120425552960287,0.0,0.0,1,drowsy,img_f_9947.jpg
0.14071188722950295,0.0,1.0,0.0,1,drowsy,img_d_10440.jpg
0.29585370982527703,0.008615568885716693,0.0,0.0,1,drowsy,image__14993.jpg
0.21811669111843246,0.0,0.0,0.0,1,drowsy,img_g_10110.jpg
0.14675779453509596,0.0,1.0,0.0,1,drowsy,img_d_8439.jpg
0.1730732396061784,0.0,1.0,0.0,1,drowsy,img_c_8845.jpg
0.22141693677515084,0.006822323643757992,0.0,0.0,1,drowsy,img_j_14413.jpg
0.10881992850899372,0.05994774809567115,1.0,0.0,1,drowsy,image_19546.jpg
0.20470116263374438,0.05007482017707007,0.0,0.0,1,drowsy,image_16675.jpg
0.24338489303438732,0.0,0.0,0.0,1,drowsy,image_14790 (3).jpg
0.20731916791482333,0.0,0.0,0.0,1,drowsy,img_d_5684.jpg
0.21150110732709765,0.0,0.0,0.0,1,drowsy,img_c_16733.jpg
0.2456297167656068,0.008455166895609106,0.0,0.0,1,drowsy,img_f_13340 (2).jpg
0.18793682385088617,0.006871756765718414,1.0,0.0,1,drowsy,img_g_9990.jpg
0.13536350861978252,0.0,1.0,0.0,1,drowsy,image_5916.jpg
0.21857859498806248,0.10826191570106579,0.0,0.0,1,drowsy,image_9686.jpg
0.12413266392267629,0.08642706214696051,1.0,0.0,1,drowsy,image_9309.jpg
0.17305955792685826,0.0,1.0,0.0,1,drowsy,img_d_8613.jpg
0.21385974717350273,0.0,0.0,0.0,1,drowsy,img_c_15979.jpg
0.14472743281411568,0.011950152227089627,1.0,0.0,1,drowsy,image_9889 (2).jpg
0.2988505901128804,0.007918323989164382,0.0,0.0,1,drowsy,img_j_8236.jpg
0.1886176430035516,0.010169988131465166,1.0,0.0,1,drowsy,img_g_18000.jpg
0.20634069013162115,0.14976062877928017,0.0,0.0,1,drowsy,img_e_8613.jpg
0.1792274190065456,0.0666666661728395,1.0,0.0,1,drowsy,image_4611.jpg
0.16821920700306695,0.013139708108038987,1.0,0.0,1,drowsy,img_d_8149.jpg
0.224680782948119,0.007635367637698972,0.0,0.0,1,drowsy,image_14413 (2).jpg
0.20774276120577037,0.02028685533148573,0.0,0.0,1,drowsy,img_b_1450.jpg
0.1897219237116167,0.0,1.0,0.0,1,drowsy,img_d_17893.jpg
0.19742769973214208,0.06885036902298994,1.0,0.0,1,drowsy,img_f_10991.jpg
0.29122120140441177,0.008911183657045168,0.0,0.0,1,drowsy,img_f_15631.jpg
0.15933665026973584,0.01115735140782108,1.0,0.0,1,drowsy,img_e_13710.jpg
0.21502110831683602,0.0,0.0,0.0,1,drowsy,img_g_14160.jpg
0.03005669407973134,0.010724515736145305,1.0,0.0,1,drowsy,image_15109 (2).jpg
0.10375084214882925,0.12131213606376043,1.0,0.0,1,drowsy,image_13282.jpg
0.0561607645686453,0.0,1.0,0.0,1,drowsy,img_e_8149.jpg
0.20257500384685137,0.0,0.0,0.0,1,drowsy,img_d_17139.jpg
0.045360839664276044,0.07090593800668561,1.0,0.0,1,drowsy,image_18328.jpg
0.2722665728639144,0.0,0.0,0.0,1,drowsy,img_j_2900.jpg
0.19737928460092413,0.0,1.0,0.0,1,drowsy,img_g_16950.jpg
0.21260422226235998,0.0,0.0,0.0,1,drowsy,img_c_15776.jpg
0.17819042371560906,0.1624485034374255,1.0,0.0,1,drowsy,image_1972.jpg
0.0629497671370561,0.0,1.0,0.0,1,drowsy,img_f_1102.jpg
0.22664857014890832,0.0,0.0,0.0,1,drowsy,img_d_15921.jpg
0.17996708040581377,0.006751057210581769,1.0,0.0,1,drowsy,img_g_13800.jpg
0.27626895849822175,0.17390646717662261,0.0,0.0,1,drowsy,image_870 (4).jpg
0.17782294772140703,0.0,1.0,0.0,1,drowsy,img_c_14326.jpg
0.16132670326662982,0.0,1.0,0.0,1,drowsy,image_19778.jpg
0.2211403494181569,0.0,0.0,0.0,1,drowsy,img_g_5370.jpg
0.2138630456223537,0.0,0.0,0.0,1,drowsy,img_d_9280.jpg
0.16597179299758757,0.0,1.0,0.0,1,drowsy,img_g_8640.jpg
0.17305748199753912,0.008229686105345984,1.0,0.0,1,drowsy,image_11716 (2).jpg
0.11821042265574105,0.14321591241732426,1.0,0.0,1,drowsy,image_7250.jpg
0.09291730412094859,0.06362217994715294,1.0,0.0,1,drowsy,image_17806.jpg
0.15707367052676044,0.0,1.0,0.0,1,drowsy,img_e_14123.jpg
0.2305041105413587,0.006888529286598223,0.0,0.0,1,drowsy,img_g_15450.jpg
0.21684951926398,0.038464952366205306,0.0,0.0,1,drowsy,img_g_2580.jpg
0.20270725419765978,0.20751023250915923,0.0,0.0,1,drowsy,image_1950 (2).jpg
0.14565272286336559,0.013358821813247018,1.0,0.0,1,drowsy,image__12064.jpg
0.1879251586697972,0.009523377543695548,1.0,0.0,1,drowsy,image_8033 (2).jpg
0.2386993951993434,0.0,0.0,0.0,1,drowsy,img_f_6902.jpg
0.11816511040784562,0.0,1.0,0.0,1,drowsy,img_c_7627.jpg
0.22304980858163714,0.0,0.0,0.0,1,drowsy,img_f_8091.jpg
0.23354563994817812,0.0,0.0,0.0,1,drowsy,img_e_667.jpg
0.25910549952289336,0.013303801979603146,0.0,0.0,1,drowsy,img_b_5742.jpg
0.20143641257560288,0.0,0.0,0.0,1,drowsy,img_g_10500.jpg
0.142767313264471,0.0,1.0,0.0,1,drowsy,img_d_2262.jpg
0.23081633191350642,0.008648694060161027,0.0,0.0,1,drowsy,img_j_12499.jpg
0.21266391837711046,0.0,0.0,0.0,1,drowsy,img_h_5190.jpg
0.2094879793028746,0.0,0.0,0.0,1,drowsy,img_c_5742.jpg
0.2190750600381896,0.007004147634448487,0.0,0.0,1,drowsy,img_g_16830.jpg
0.15127650554554778,0.0,1.0,0.0,1,drowsy,image_10614.jpg
0.16300436980569943,0.011744404252363037,1.0,0.0,1,drowsy,img_c_9193.jpg
0.24831240058382187,0.0,0.0,0.0,1,drowsy,image_14471 (2).jpg
0.07586209285569785,0.007878902130354236,1.0,0.0,1,drowsy,image_16211 (2).jpg
0.26394333547057935,0.007880859256899547,0.0,0.0,1,drowsy,img_j_8381.jpg
0.26040082753916727,0.0,0.0,0.0,1,drowsy,img_f_4640.jpg
0.23242033801858558,0.0,0.0,0.0,1,drowsy,img_h_6300.jpg
0.08368887788715108,0.007651219088206989,1.0,0.0,1,drowsy,img_f_1160 (2).jpg
0.2253970872127958,0.0,0.0,0.0,1,drowsy,img_c_15602.jpg
0.2638811404033176,0.007899524992931147,0.0,0.0,1,drowsy,img_f_13485.jpg
0.19947024248131806,0.0,1.0,0.0,1,drowsy,img_c_10034.jpg
0.12481541271766922,0.008171505563984164,1.0,0.0,1,drowsy,img_f_7279 (2).jpg
0.09050258849050977,0.03341552275210022,1.0,0.0,1,drowsy,image_15022.jpg
0.24447843406456168,0.006717615141129385,0.0,0.0,1,drowsy,img_g_1710.jpg
0.1588888553557522,0.009998000499840056,1.0,0.0,1,drowsy,image_8468 (2).jpg
0.20279368169998546,0.0,0.0,0.0,1,drowsy,img_c_12151.jpg
0.2231368269203293,0.0,0.0,0.0,1,drowsy,img_d_14587.jpg
0.13320176272828418,0.0,1.0,0.0,1,drowsy,img_e_12750.jpg
0.04665374580133634,0.05824794513291009,1.0,0.0,1,drowsy,image_18937.jpg
0.08251401461429825,0.007867920396591567,1.0,0.0,1,drowsy,img_f_4495.jpg
0.10008660173534822,0.10347461350399727,1.0,0.0,1,drowsy,image_13862.jpg
0.1495613691553972,0.0,1.0,0.0,1,drowsy,image_930.jpg
0.17186973216639295,0.0,1.0,0.0,1,drowsy,img_c_5568.jpg
0.16944596831704467,0.009686394169003186,1.0,0.0,1,drowsy,image_8294 (2).jpg
0.20691433628210057,0.0,0.0,0.0,1,drowsy,img_d_18154.jpg
0.217035913865548,0.009727552753601857,0.0,0.0,1,drowsy,img_g_15120.jpg
0.17890493364533921,0.0,1.0,0.0,1,drowsy,img_c_6061.jpg
0.21105549802072754,0.0,0.0,0.0,1,drowsy,img_d_7656.jpg
0.31004586321356686,0.6146156086442662,0.0,1.0,1,drowsy,image_2880.jpg
0.2541685322211034,0.10619468932571072,0.0,0.0,1,drowsy,image_2670.jpg
0.13711589165961832,0.0,1.0,0.0,1,drowsy,image__12528.jpg
0.22794609838596458,0.0,0.0,0.0,1,drowsy,img_f_18705.jpg
0.1869983384893265,0.0,1.0,0.0,1,drowsy,img_d_9135.jpg
0.1717823475046984,0.01295971882691329,1.0,0.0,1,drowsy,img_d_6206.jpg
0.21460037936309279,0.0,0.0,0.0,1,drowsy,img_c_15399.jpg
0.2415970355968114,0.0,0.0,0.0,1,drowsy,img_g_9600.jpg
0.1648919010438047,0.0075016411072518,1.0,0.0,1,drowsy,img_e_7859.jpg
0.20947733993391354,0.0,0.0,0.0,1,drowsy,img_d_9860.jpg
0.21000626270387718,0.0,0.0,0.0,1,drowsy,img_f_20271.jpg
0.20328360701297649,0.012330652925613746,0.0,0.0,1,drowsy,img_d_18183.jpg
0.19706081138439202,0.008456073729370087,1.0,0.0,1,drowsy,img_f_2755.jpg
0.22813412437255837,0.006533575705322175,0.0,0.0,1,drowsy,img_g_12840.jpg
0.20839400137977213,0.0,0.0,0.0,1,drowsy,img_d_7859.jpg
0.2723823016568049,0.01549968499596707,0.0,0.0,1,drowsy,img_e_14490.jpg
0.14545219348293997,0.009533585880976513,1.0,0.0,1,drowsy,image__580.jpg
0.18618212694831543,0.00754958902061643,1.0,0.0,1,drowsy,img_e_9860.jpg
0.21146225503965194,0.0,0.0,0.0,1,drowsy,img_c_13717.jpg
0.20564946459452152,0.006479859455445223,0.0,0.0,1,drowsy,img_g_1260.jpg
0.23328495171545977,0.00697648002468656,0.0,0.0,1,drowsy,img_g_17910.jpg
0.2088367596537764,0.0,0.0,0.0,1,drowsy,img_c_15428.jpg
0.19905160680623096,0.0,1.0,0.0,1,drowsy,img_c_5597.jpg
0.2547827126963289,0.0,0.0,0.0,1,drowsy,img_f_9628.jpg
0.20892185206825933,0.0064378274913619365,0.0,0.0,1,drowsy,img_g_5760.jpg
0.15239358614773446,0.022996336252609207,1.0,0.0,1,drowsy,image__11948.jpg
0.1634242053185888,0.012624893956988308,1.0,0.0,1,drowsy,image_8903 (2).jpg
0.1467522250431515,0.00642598675880517,1.0,0.0,1,drowsy,img_g_8250.jpg
0.16145401391530595,0.10046262415818112,1.0,0.0,1,drowsy,image_13137.jpg
0.18263151027829752,0.008821621750003606,1.0,0.0,1,drowsy,image__6583.jpg
0.04616443366439814,0.06967796671486293,1.0,0.0,1,drowsy,image_18705.jpg
0.2398861747177226,0.010635890632165756,0.0,0.0,1,drowsy,img_h_1650.jpg
0.24896861015110322,0.0,0.0,0.0,1,drowsy,img_c_16646.jpg
0.2241995983866169,0.0,0.0,0.0,1,drowsy,img_c_10237.jpg
0.1839697129345792,0.0,1.0,0.0,1,drowsy,img_a_9300.jpg
0.21026342880956403,0.0,0.0,0.0,1,drowsy,img_d_14790.jpg
0.22250694136700305,0.014062207986997055,0.0,0.0,1,drowsy,img_c_18125.jpg
0.23050898499959488,0.006717615141129385,0.0,0.0,1,drowsy,img_g_6240.jpg
0.24351595003985876,0.0,0.0,0.0,1,drowsy,image_13021 (2).jpg
0.2166628532438708,0.02056498998358753,0.0,0.0,1,drowsy,image_2842.jpg
0.2304507713403477,0.0,0.0,0.0,1,drowsy,img_g_15690.jpg
0.07061465243004864,0.00885545425877861,1.0,0.0,1,drowsy,image_16617 (2).jpg
0.2390370903764032,0.008284859060852977,0.0,0.0,1,drowsy,img_f_18937.jpg
0.13238414345548946,0.0,1.0,0.0,1,drowsy,image__14819.jpg
0.08661310714748174,0.05598123414750357,1.0,0.0,1,drowsy,image_16066.jpg
0.23630410848816968,0.008163605255110364,0.0,0.0,1,drowsy,img_f_13862.jpg
0.2433595663264242,0.0,0.0,0.0,1,drowsy,img_c_16849.jpg
0.21290501093082995,0.0,0.0,0.0,1,drowsy,image__11020.jpg
0.23314930392257383,0.0,0.0,0.0,1,drowsy,img_e_464.jpg
0.17634065646944774,0.0032534478276188077,1.0,0.0,1,drowsy,img_k_11910.jpg
0.17535336640855234,0.01225127773050143,1.0,0.0,1,drowsy,image__6554.jpg
0.23574608009632847,0.004114668900040069,0.0,0.0,1,drowsy,image_2117.jpg
0.23265684957609373,0.004829509188805745,0.0,0.0,1,drowsy,img_k_6150.jpg
0.030218802241023395,0.23124396772436653,1.0,0.0,1,drowsy,image__14616.jpg
0.17297700966234864,0.12401669043990457,1.0,0.0,1,drowsy,image_7047.jpg
0.22704684563327746,0.012086853829128628,0.0,0.0,1,drowsy,image__5713.jpg
0.21164015537106934,0.1670275679955492,0.0,0.0,1,drowsy,image_1350.jpg
0.14426997239708017,0.0,1.0,0.0,1,drowsy,img_d_11165.jpg
0.2413570028743092,0.01053507426121726,0.0,0.0,1,drowsy,img_j_15863.jpg
0.17176955721084258,0.007379119278070921,1.0,0.0,1,drowsy,img_g_3660.jpg
0.18528343735039937,0.0,1.0,0.0,1,drowsy,img_a_6225.jpg
0.14807262196785434,0.010730379584910493,1.0,0.0,1,drowsy,image_10875 (2).jpg
0.17767038262342177,0.009173732784319402,1.0,0.0,1,drowsy,img_h_1320.jpg
0.20570757160447517,0.0,0.0,0.0,1,drowsy,img_d_16385.jpg
0.22681996999957166,0.0,0.0,0.0,1,drowsy,img_f_1711.jpg
0.19894285918215715,0.0,1.0,0.0,1,drowsy,img_d_10092.jpg
0.2509815226434375,0.00754958902061643,0.0,0.0,1,drowsy,img_f_4669.jpg
0.22785645576943594,0.0,0.0,0.0,1,drowsy,img_e_3828.jpg
0.055979211362845754,0.102701835026974,1.0,0.0,1,drowsy,image_300 (2).jpg
0.1392295099844126,0.018327810129562715,1.0,0.0,1,drowsy,img_d_10904.jpg
0.22793707654930212,0.0,0.0,0.0,1,drowsy,img_d_7482.jpg
0.24488035317671442,0.09432283295870873,0.0,0.0,1,drowsy,image_2040 (4).jpg
0.22022225707525256,0.0,0.0,0.0,1,drowsy,img_d_3828.jpg
0.21934263340250232,0.008112939316888525,0.0,0.0,1,drowsy,img_f_17806.jpg
0.21061233900696422,0.0,0.0,0.0,1,drowsy,img_e_7482.jpg
0.23283868346528855,0.010013527328252931,0.0,0.0,1,drowsy,img_g_14940.jpg
0.2043545529622219,0.014262447431210828,0.0,0.0,1,drowsy,img_c_7801.jpg
0.05688920433197978,0.2010323238896473,1.0,0.0,1,drowsy,image_1710 (2).jpg
0.21219243123185313,0.011950152227089627,0.0,0.0,1,drowsy,img_f_15022.jpg
0.2073108312127684,0.14403589475831083,0.0,0.0,1,drowsy,image_7279.jpg
0.16111112807708644,0.0,1.0,0.0,1,drowsy,img_e_12209.jpg
0.2627076530648771,0.01109946950131746,0.0,0.0,1,drowsy,img_e_11700.jpg
0.07727832686550307,0.019494807018776095,1.0,0.0,1,drowsy,img_g_16170.jpg
0.10108118508061978,0.10369805277222939,1.0,0.0,1,drowsy,image_13485.jpg
0.16170644750382168,0.007324484137715027,1.0,0.0,1,drowsy,img_f_4872.jpg
0.1520556973835024,0.006285890265167134,1.0,0.0,1,drowsy,image__5539.jpg
0.21323341828078954,0.0,0.0,0.0,1,drowsy,img_g_13020.jpg
0.01504871297202691,0.0,1.0,0.0,1,drowsy,img_e_13659.jpg
0.21470486136284725,0.0,0.0,0.0,1,drowsy,image__10672.jpg
0.21237281589485224,0.0,0.0,0.0,1,drowsy,img_g_17520.jpg
0.2183499138768145,0.0,0.0,0.0,1,drowsy,img_f_2581.jpg
0.2050164231852255,0.0,0.0,0.0,1,drowsy,img_d_18357.jpg
0.156440897942647,0.6046975920885123,1.0,1.0,1,drowsy,image_1620.jpg
0.26593207677403885,0.00783308501063066,0.0,0.0,1,drowsy,img_f_10614.jpg
0.07495349925766157,0.0591464630567394,1.0,0.0,1,drowsy,image_18473.jpg
0.26452998481759415,0.0,0.0,0.0,1,drowsy,img_f_13282.jpg
0.20988603363261096,0.010511766514055498,0.0,0.0,1,drowsy,img_e_3960.jpg
0.16326682617055982,0.0077206841839256935,1.0,0.0,1,drowsy,image_10991.jpg
0.17130551466094507,0.024444025212216253,1.0,0.0,1,drowsy,image_15631.jpg
0.028315109457846644,0.0,1.0,0.0,1,drowsy,image_14935 (2).jpg
0.09731499920935846,0.015357377802924253,1.0,0.0,1,drowsy,img_f_5365.jpg
0.2650222446364212,0.08079969453707336,0.0,0.0,1,drowsy,img_g_7200.jpg
0.2310814731279917,0.0,0.0,0.0,1,drowsy,img_a_6345.jpg
0.2816370503478347,0.007297520597436177,0.0,0.0,1,drowsy,img_j_2929.jpg
0.25716162441497226,0.0,0.0,0.0,1,drowsy,img_j_15254.jpg
0.22109449781890533,0.0,0.0,0.0,1,drowsy,img_f_174.jpg
0.22811076426779592,0.0,0.0,0.0,1,drowsy,img_c_16530.jpg
0.20866384887315537,0.0065471446415927715,0.0,0.0,1,drowsy,img_g_11970.jpg
0.22081293888269665,0.0,0.0,0.0,1,drowsy,img_g_14820.jpg
0.25289269098554257,0.008540771601847475,0.0,0.0,1,drowsy,img_f_2436.jpg
0.20548429712536462,0.0,0.0,0.0,1,drowsy,img_c_7975.jpg
0.17255163138943913,0.23529411418685128,1.0,0.0,1,drowsy,image_630 (4).jpg
0.06745189292247325,0.01075268805642271,1.0,0.0,1,drowsy,image_16878 (2).jpg
0.30015080030627983,0.0109599323669037,0.0,0.0,1,drowsy,img_e_15360.jpg
0.24756975551463714,0.07079645986373248,0.0,0.0,1,drowsy,image_8758.jpg
0.21012827430002387,0.0,0.0,0.0,1,drowsy,img_c_15950.jpg
0.14304081220710255,0.0,1.0,0.0,1,drowsy,img_j_15283.jpg
0.19258169364806887,0.009692307052372225,1.0,0.0,1,drowsy,img_g_12510.jpg
0.18022238083560574,0.0,1.0,0.0,1,drowsy,img_c_9019.jpg
0.16649014933537865,0.012642032923487357,1.0,0.0,1,drowsy,img_d_10643.jpg
0.18960793583482954,0.01612064674560377,1.0,0.0,1,drowsy,img_d_2465.jpg
0.186237436079506,0.0,1.0,0.0,1,drowsy,img_f_19778.jpg
0.23447267637900393,0.013216371834429308,0.0,0.0,1,drowsy,img_c_17835.jpg
0.23479964031658268,0.0,0.0,0.0,1,drowsy,img_f_18328.jpg
0.07591615025497653,0.18298678063900914,1.0,0.0,1,drowsy,image_0.jpg
0.2596756739686872,0.0,0.0,0.0,1,drowsy,img_e_5336.jpg
0.12341972508510304,0.035982562950722115,1.0,0.0,1,drowsy,img_f_1856.jpg
0.19947378567632518,0.10388523957981599,1.0,0.0,1,drowsy,image_1740.jpg
0.17435606031412804,0.025292556180819634,1.0,0.0,1,drowsy,image_10817 (2).jpg
0.17844259788237543,0.0623362242001006,1.0,0.0,1,drowsy,image_11484 (2).jpg
0.24680475044649164,0.0,0.0,0.0,1,drowsy,img_e_10556.jpg
0.21260008399126581,0.0,0.0,0.0,1,drowsy,img_d_17110.jpg
0.16013291291646828,0.0,1.0,0.0,1,drowsy,img_d_5336.jpg
0.3188782308779956,0.011055968657876546,0.0,0.0,1,drowsy,img_e_8160.jpg
0.30263078432780327,0.0,0.0,0.0,1,drowsy,image_120 (3).jpg
0.20139940836731768,0.007193499960909622,0.0,0.0,1,drowsy,img_g_13140.jpg
0.26817011626120013,0.0,0.0,0.0,1,drowsy,img_c_4930.jpg
0.07003720165866828,0.011085139270538771,1.0,0.0,1,drowsy,image_16356 (2).jpg
0.25866928601608186,0.10757733628514692,0.0,0.0,1,drowsy,img_g_3270.jpg
0.24107740636154198,0.009292380105499988,0.0,0.0,1,drowsy,img_g_15900.jpg
0.11186852295496741,0.0,1.0,0.0,1,drowsy,img_c_11049.jpg
0.22660313905692722,0.0,0.0,0.0,1,drowsy,img_c_6699.jpg
0.2342147260263221,0.009284566751631243,0.0,0.0,1,drowsy,img_g_7770.jpg
0.05480115477035875,0.07402089824975705,1.0,0.0,1,drowsy,image_15341.jpg
0.2464805451837089,0.0,0.0,0.0,1,drowsy,img_b_6699.jpg
0.06791232316458878,1.055053849802793,1.0,1.0,1,drowsy,image_1380 (2).jpg
0.27726406852221647,0.0,0.0,0.0,1,drowsy,img_j_16211.jpg
0.2091063600844147,0.0,0.0,0.0,1,drowsy,img_d_16965.jpg
0.22969121268941356,0.007227426005611357,0.0,0.0,1,drowsy,img_j_15718.jpg
0.21688616237720926,0.009005720391956505,0.0,0.0,1,drowsy,img_g_7980.jpg
0.12051082592619801,0.06492107481261238,1.0,0.0,1,drowsy,image_12412.jpg
0.22825189597470952,0.0,0.0,0.0,1,drowsy,img_e_12180.jpg
0.24739556772702553,0.005862003072469723,0.0,0.0,1,drowsy,image_1595.jpg
0.22636311393618172,0.0,0.0,0.0,1,drowsy,img_c_1653.jpg
0.1945105742728953,0.0,1.0,0.0,1,drowsy,img_d_18009.jpg
0.11942458289121619,0.0,1.0,0.0,1,drowsy,img_h_14280.jpg
0.16005383125518502,0.004180442714016905,1.0,0.0,1,drowsy,image_1218.jpg
0.20763885892779693,0.0066681485976940735,0.0,0.0,1,drowsy,img_g_12060.jpg
0.10618112003435677,0.008259105453023363,1.0,0.0,1,drowsy,image_16675 (2).jpg
0.14011116580291672,0.007405579040206362,1.0,0.0,1,drowsy,img_e_11310.jpg
0.03984155515049145,0.01993630517326623,1.0,0.0,1,drowsy,image_780 (2).jpg
0.09264867577436095,0.008626782281623127,1.0,0.0,1,drowsy,img_g_16560.jpg
0.2467659529763211,0.00730257791963468,0.0,0.0,1,drowsy,img_f_2813.jpg
0.27937775780863017,0.0,0.0,0.0,1,drowsy,img_f_4292.jpg
0.17451583560950285,0.0,1.0,0.0,1,drowsy,img_d_10469.jpg
0.19805364733457026,0.0,1.0,0.0,1,drowsy,23.jpg
0.2116709500789456,0.0,0.0,0.0,1,drowsy,img_g_17130.jpg
0.09224456295739777,0.008043357888813194,1.0,0.0,1,drowsy,img_e_8410.jpg
0.19288437274544779,0.0,1.0,0.0,1,drowsy,img_c_9541.jpg
0.2259445698914031,0.008770580116147217,0.0,0.0,1,drowsy,img_b_17922.jpg
0.18759550957680624,0.013258122498247905,1.0,0.0,1,drowsy,image_1230.jpg
0.086283659343542,0.0,1.0,0.0,1,drowsy,img_d_8410.jpg
0.24704360108926854,0.05842062270442298,0.0,0.0,1,drowsy,37.jpg
0.2434531244789651,0.00843799229672402,0.0,0.0,1,drowsy,img_f_16675.jpg
0.2647153963059161,0.0,0.0,0.0,1,drowsy,image_5730.jpg
0.23899578273732985,0.008423610366419459,0.0,0.0,1,drowsy,img_f_19546.jpg
0.19023169247794386,0.006459684106818576,1.0,0.0,1,drowsy,img_g_8490.jpg
0.16181466610714074,0.0,1.0,0.0,1,drowsy,img_c_7540.jpg
0.04376313467283234,0.010465324915907251,1.0,0.0,1,drowsy,image_9744 (2).jpg
0.17866170065062303,0.0,1.0,0.0,1,drowsy,img_d_17458.jpg
0.24304289401134876,0.007993607605876552,0.0,0.0,1,drowsy,img_f_11136.jpg
0.22428900816557443,0.14249409743774827,0.0,0.0,1,drowsy,image_780 (3).jpg
0.221178376386335,0.0,0.0,0.0,1,drowsy,img_d_16008.jpg
0.1988922052264232,0.06790180799500369,1.0,0.0,1,drowsy,33.jpg
0.15250602706629102,0.0,1.0,0.0,1,drowsy,img_e_14250.jpg
0.22602103413158514,0.004323174980177831,0.0,0.0,1,drowsy,image__10266.jpg
0.0885657556765298,0.012803687829355174,1.0,0.0,1,drowsy,img_d_15515.jpg
0.15616000321891332,0.33232322353789234,1.0,0.0,1,drowsy,27.jpg
0.22806306991246544,0.01833883084248309,0.0,0.0,1,drowsy,img_k_15390.jpg
0.20799726757622683,0.0,0.0,0.0,1,drowsy,img_c_18096.jpg
0.2164454788968104,0.0,0.0,0.0,1,drowsy,image__17284.jpg
0.25587631425788787,0.0,0.0,0.0,1,drowsy,img_f_1305.jpg
0.21747722902712258,0.0,0.0,0.0,1,drowsy,img_f_11687.jpg
0.2518689259185568,0.0,0.0,0.0,1,drowsy,img_d_16791.jpg
0.20863604102318853,0.0,0.0,0.0,1,drowsy,img_c_5394.jpg
0.19718265868474366,0.006793688301852393,1.0,0.0,1,drowsy,image__4582.jpg
0.2030662834894847,0.0,0.0,0.0,1,drowsy,img_c_10353.jpg
0.2103939084419824,0.0,0.0,0.0,1,drowsy,img_c_551.jpg
0.17788201010983556,0.0,1.0,0.0,1,drowsy,img_h_12150.jpg
0.22906809778369766,0.6362028210644903,0.0,1.0,1,drowsy,image_810 (2).jpg
0.17728304215365093,0.01886456659174175,1.0,0.0,1,drowsy,image_1380 (3).jpg
0.25384201851965693,0.0,0.0,0.0,1,drowsy,img_f_20300.jpg
0.18944796861250285,0.0,1.0,0.0,1,drowsy,img_c_17400.jpg
0.21344818115592518,0.01331441055176416,0.0,0.0,1,drowsy,img_d_3596.jpg
0.23411521755800263,0.009552008934243836,0.0,0.0,1,drowsy,img_g_6330.jpg
0.09106869259211745,0.007990799830880156,1.0,0.0,1,drowsy,img_e_15370.jpg
0.2253425473933636,0.06601429072211903,0.0,0.0,1,drowsy,image_8990.jpg
0.24229364314671148,0.007516884918289033,0.0,0.0,1,drowsy,img_e_10208.jpg
0.19543483582447613,0.0,1.0,0.0,1,drowsy,img_d_10121.jpg
0.06616244479351305,0.007760336559439156,1.0,0.0,1,drowsy,img_f_8236 (2).jpg
0.09963522151761356,0.08882814262244552,1.0,0.0,1,drowsy,image_6003.jpg
0.2219281463368617,0.13775869614770408,0.0,0.0,1,drowsy,image_11484.jpg
0.2474242950918161,0.007826604740692581,0.0,0.0,1,drowsy,img_f_6873.jpg
0.17189802561250875,0.004466021670743996,1.0,0.0,1,drowsy,image__14558.jpg
0.24788484022024915,0.008230522299760186,0.0,0.0,1,drowsy,img_f_17023.jpg
0.1955527408822687,0.013139708108038987,1.0,0.0,1,drowsy,img_c_4263.jpg
0.2597091143577615,0.008304547916408481,0.0,0.0,1,drowsy,img_j_11977.jpg
0.08513715169357952,0.0075875241691959,1.0,0.0,1,drowsy,img_f_4582 (2).jpg
0.2015080058034079,0.0,0.0,0.0,1,drowsy,img_f_12615.jpg
0.04997028033418535,0.0,1.0,0.0,1,drowsy,image_4060 (2).jpg
0.13339199055305379,0.0,1.0,0.0,1,drowsy,img_d_11571.jpg
0.08643786650493936,0.007783810105183211,1.0,0.0,1,drowsy,img_e_11658.jpg
0.26378424717457627,0.0,0.0,0.0,1,drowsy,img_j_8555.jpg
0.2183043801837703,0.0,0.0,0.0,1,drowsy,img_c_7018.jpg
0.2587068787369254,0.0,0.0,0.0,1,drowsy,image_120 (2).jpg
0.214378142178545,0.10736218720728241,0.0,0.0,1,drowsy,image_7453.jpg
0.1815011539281606,0.006410256369165024,1.0,0.0,1,drowsy,img_g_4080.jpg
0.19095227348149207,0.0,1.0,0.0,1,drowsy,img_d_14384.jpg
0.15488844062550156,0.0,1.0,0.0,1,drowsy,img_d_12093.jpg
0.21641966125441736,0.004106750190346208,0.0,0.0,1,drowsy,image_10759.jpg
0.057955473217722694,0.007956328161928974,1.0,0.0,1,drowsy,image_15950 (2).jpg
0.12817024937625948,0.0,1.0,0.0,1,drowsy,img_f_9367 (2).jpg
0.19394566306408156,0.13267896088399733,1.0,0.0,1,drowsy,image_16472.jpg
0.19996950498348157,0.0,1.0,0.0,1,drowsy,img_c_10179.jpg
0.18481363548959034,0.0,1.0,0.0,1,drowsy,img_f_1885.jpg
0.12777969339529852,0.0,1.0,0.0,1,drowsy,img_g_11790.jpg
0.1921471611726971,0.0,1.0,0.0,1,drowsy,img_c_5800.jpg
0.22727014961931835,0.009415127323794893,0.0,0.0,1,drowsy,img_g_2340.jpg
0.13417972081901217,0.06723003906881436,1.0,0.0,1,drowsy,image_9831 (2).jpg
0.14224316689352648,0.0,1.0,0.0,1,drowsy,img_e_10585.jpg
0.11270210629919519,0.0,1.0,0.0,1,drowsy,image_3190.jpg
0.14176480342010658,0.157096052411512,1.0,0.0,1,drowsy,image_630 (5).jpg
0.18120174020828567,0.012819459160727294,1.0,0.0,1,drowsy,img_d_12905.jpg
0.08204180510150062,0.009124907955235627,1.0,0.0,1,drowsy,image_16878 (3).jpg
0.25143935006378,0.008379430546708906,0.0,0.0,1,drowsy,img_f_18270.jpg
0.2021969630140812,0.012782749650724151,0.0,0.0,1,drowsy,img_c_15834.jpg
0.24928251864449547,0.08876679740253957,0.0,0.0,1,drowsy,image_6177.jpg
0.1900161320360999,0.0,1.0,0.0,1,drowsy,img_d_9454.jpg
0.20167940387610778,0.013129511307932853,0.0,0.0,1,drowsy,img_d_16356.jpg
0.2409162943581261,0.0,0.0,0.0,1,drowsy,img_c_17951.jpg
0.04239490627841514,0.011494252780141793,1.0,0.0,1,drowsy,img_e_13891.jpg
0.18496780543861324,0.0,1.0,0.0,1,drowsy,img_d_8004.jpg
0.17042744661613407,0.013147655398310407,1.0,0.0,1,drowsy,img_d_7337.jpg
0.13384815348557394,0.00416305445388711,1.0,0.0,1,drowsy,image_1624.jpg
0.10086841456070941,0.015171554955448136,1.0,0.0,1,drowsy,img_e_14640.jpg
0.1943463890957292,0.004498438730140198,1.0,0.0,1,drowsy,image__1015.jpg
0.1683940891838243,0.00786208221596964,1.0,0.0,1,drowsy,img_e_8004.jpg
0.14615443017178356,0.007800843567994342,1.0,0.0,1,drowsy,img_e_7337.jpg
0.20535431800063322,0.008196721244289171,0.0,0.0,1,drowsy,img_f_3857.jpg
0.11953701743890621,0.0,1.0,0.0,1,drowsy,img_h_14160 (2).jpg
0.2732254432696406,0.0,0.0,0.0,1,drowsy,img_j_17255.jpg
0.05298383734622612,0.007832364185646454,1.0,0.0,1,drowsy,img_f_6380 (2).jpg
0.23593224994296058,0.012433157081973227,0.0,0.0,1,drowsy,image__12934.jpg
0.18851090931119385,0.0,1.0,0.0,1,drowsy,img_d_9483.jpg
0.06434710673619326,0.0,1.0,0.0,1,drowsy,img_f_1073.jpg
0.16260843618434673,0.16723413769766196,1.0,0.0,1,drowsy,image_510.jpg
0.21960657084176116,0.00850948264760179,0.0,0.0,1,drowsy,img_f_19807.jpg
0.22214268486451616,0.0,0.0,0.0,1,drowsy,img_h_12540.jpg
0.24684886793945432,0.007631586816680114,0.0,0.0,1,drowsy,image_12990.jpg
0.10371370513539742,0.099170805589516,1.0,0.0,1,drowsy,image_13456.jpg
0.2071607113734089,0.007788766668626078,0.0,0.0,1,drowsy,img_f_986.jpg
0.26599696690840924,0.2075471658953365,0.0,0.0,1,drowsy,image_300 (3).jpg
0.26509130705793377,0.26912165986929965,0.0,0.0,1,drowsy,image_1890 (2).jpg
0.15837155249158846,0.030140790933288836,1.0,0.0,1,drowsy,image_12760.jpg
0.06801947328259655,0.0,1.0,0.0,1,drowsy,img_f_7946 (2).jpg
0.24489316899604902,0.07970565672683189,0.0,0.0,1,drowsy,image_5481.jpg
0.17798219178373317,0.0,1.0,0.0,1,drowsy,img_c_5974.jpg
0.07956668438106791,0.0057554492797031,1.0,0.0,1,drowsy,image_12006.jpg
0.2690673014629784,0.0,0.0,0.0,1,drowsy,img_j_2871.jpg
0.12440888693535451,0.029017971753130763,1.0,0.0,1,drowsy,img_g_2220.jpg
0.26515386481364667,0.0,0.0,0.0,1,drowsy,img_h_9750.jpg
0.2110581205973221,0.009558115520747099,0.0,0.0,1,drowsy,img_g_6720.jpg
0.2247793203078011,0.00957628623500072,0.0,0.0,1,drowsy,img_g_16410.jpg
0.15407455403490128,0.012794252924975697,1.0,0.0,1,drowsy,img_d_667.jpg
0.26646156051234593,0.008395953383411387,0.0,0.0,1,drowsy,img_j_11397.jpg
0.18575881387957832,0.0,1.0,0.0,1,drowsy,image_3219.jpg
0.2680418400512412,0.010307087577371865,0.0,0.0,1,drowsy,img_b_9425.jpg
0.20626435428058199,0.008263334025047878,0.0,0.0,1,drowsy,img_e_14442.jpg
0.09027139272722878,0.008450938858928751,1.0,0.0,1,drowsy,image_16733 (2).jpg
0.17712983112878994,0.013697344839357587,1.0,0.0,1,drowsy,img_d_2059.jpg
0.17526559579615708,0.0,1.0,0.0,1,drowsy,img_g_17040.jpg
0.052217809165590434,0.0,1.0,0.0,1,drowsy,img_f_6293.jpg
0.17935695219279701,0.0,1.0,0.0,1,drowsy,img_c_9425.jpg
0.1358924680391172,0.0,1.0,0.0,1,drowsy,image_12238.jpg
0.05315878674816565,0.00808875128789615,1.0,0.0,1,drowsy,img_f_5017.jpg
0.21705633265417756,0.0,0.0,0.0,1,drowsy,img_c_16124.jpg
0.2616873463384579,0.008330730317333288,0.0,0.0,1,drowsy,img_j_11426.jpg
0.07851114624470396,0.007723907755619047,1.0,0.0,1,drowsy,img_f_5771.jpg
0.1888851853639038,0.011202064829450025,1.0,0.0,1,drowsy,img_e_7860.jpg
0.06316249724282638,0.05657280200906008,1.0,0.0,1,drowsy,image_15225.jpg
0.20412393828220526,0.012186968468386123,0.0,0.0,1,drowsy,img_c_6931.jpg
0.2455362167903843,0.015554902539213196,0.0,0.0,1,drowsy,img_g_15870.jpg
0.1250603908721183,0.05105625868518554,1.0,0.0,1,drowsy,image_18067.jpg
0.23921914486515575,0.05219410511238431,0.0,0.0,1,drowsy,img_g_3300.jpg
0.23648014699124864,0.0,0.0,0.0,1,drowsy,img_c_4698.jpg
0.23418565631580365,0.0,0.0,0.0,1,drowsy,img_f_16936.jpg
0.2392894509104147,0.006880209114200537,0.0,0.0,1,drowsy,img_g_10920.jpg
0.1864870943310519,0.05067939921780688,1.0,0.0,1,drowsy,image_16704.jpg
0.23647848312926506,0.013453455698930777,0.0,0.0,1,drowsy,img_c_17574.jpg
0.2546573266094848,0.0,0.0,0.0,1,drowsy,img_j_17719.jpg
0.2322910078283712,0.0,0.0,0.0,1,drowsy,img_f_4321.jpg
0.26347781641628915,0.0,0.0,0.0,1,drowsy,img_j_11368.jpg
0.18790518553691932,0.012811040536278705,1.0,0.0,1,drowsy,img_d_14964.jpg
0.2750694148089016,0.007916338824877094,0.0,0.0,1,drowsy,img_j_14210.jpg
0.1806695240713176,0.0,1.0,0.0,1,drowsy,img_f_8642 (2).jpg
0.16867730218433816,0.01809380600693227,1.0,0.0,1,drowsy,img_d_841.jpg
0.1894271321274737,0.0,1.0,0.0,1,drowsy,img_d_7685.jpg
0.08785620524077718,0.020558730771095872,1.0,0.0,1,drowsy,image_14674.jpg
0.17154474710497863,0.013502422031931107,1.0,0.0,1,drowsy,img_d_13978.jpg
0.20860267236193808,0.008834522030798903,0.0,0.0,1,drowsy,img_g_4320.jpg
0.23100325108703906,0.0,0.0,0.0,1,drowsy,img_f_8526.jpg
0.25549965300702726,0.0,0.0,0.0,1,drowsy,img_j_14239.jpg
0.18298433550543824,0.0,1.0,0.0,1,drowsy,img_d_16182.jpg
0.23691765331832293,0.0,0.0,0.0,1,drowsy,img_d_10295.jpg
0.1732187258346945,0.04409985977985509,1.0,0.0,1,drowsy,image_9976 (2).jpg
0.2064646482994141,0.11619999528873763,0.0,0.0,1,drowsy,image_7917.jpg
0.21134914742562122,0.0,0.0,0.0,1,drowsy,image__4408.jpg
0.24683867584442054,0.0,0.0,0.0,1,drowsy,img_g_11430.jpg
0.11461334402002885,0.01092325510251519,1.0,0.0,1,drowsy,img_e_8207.jpg
0.2492300287347956,0.00844430759731173,0.0,0.0,1,drowsy,img_f_16704.jpg
0.1806169117904028,0.0,1.0,0.0,1,drowsy,img_d_8207.jpg
0.16854776857525622,0.07861461281960731,1.0,0.0,1,drowsy,img_d_15312.jpg
0.20474357189049897,0.01331441055176416,0.0,0.0,1,drowsy,img_d_7134.jpg
0.2588441344980953,0.00837384670815618,0.0,0.0,1,drowsy,img_f_18067.jpg
0.20947528866605575,0.016334287820957603,0.0,0.0,1,drowsy,img_e_6570.jpg
0.1449463104173242,0.010973451586039103,1.0,0.0,1,drowsy,img_j_17081.jpg
0.097543685658389,0.0077612714271089985,1.0,0.0,1,drowsy,image_16182 (2).jpg
0.09216940451381431,0.08058012193133954,1.0,0.0,1,drowsy,image_16936.jpg
0.25755851644781746,0.0,0.0,0.0,1,drowsy,img_j_12847.jpg
0.21789265753599418,0.0,0.0,0.0,1,drowsy,img_f_15225.jpg
0.20370799170145817,0.0,0.0,0.0,1,drowsy,img_d_9657.jpg
0.038104440333731004,0.007987485362796603,1.0,0.0,1,drowsy,img_e_11513.jpg
0.22704945158944517,0.0,0.0,0.0,1,drowsy,image_6757 (2).jpg
0.08600791169197311,0.0,1.0,0.0,1,drowsy,img_f_12238.jpg
0.17533239703267472,0.013157894563711914,1.0,0.0,1,drowsy,img_d_12441.jpg
0.06435045971434208,0.007227426005611357,1.0,0.0,1,drowsy,img_e_9657.jpg
0.14794285771088034,0.016018977529624754,1.0,0.0,1,drowsy,img_e_17610.jpg
0.22133329428942572,0.0057692254117247,0.0,0.0,1,drowsy,image__6960.jpg
0.25353850188624594,0.006637817927482018,0.0,0.0,1,drowsy,img_g_4650.jpg
0.20849093736742086,0.0,0.0,0.0,1,drowsy,img_c_18444.jpg
0.22870814915768617,0.0,0.0,0.0,1,drowsy,img_c_17777.jpg
0.2156996072755264,0.006834262619694225,0.0,0.0,1,drowsy,img_g_17280.jpg
0.1718464937522961,0.0,1.0,0.0,1,drowsy,img_e_10382.jpg
0.2079020601379544,0.008236382806288,0.0,0.0,1,drowsy,img_e_16095.jpg
0.25774486560445864,0.009063051132032379,0.0,0.0,1,drowsy,img_g_9360.jpg
0.16904024986948687,0.0,1.0,0.0,1,drowsy,img_b_435.jpg
0.1949040274543787,0.0,1.0,0.0,1,drowsy,img_c_7192.jpg
0.21329846614983428,0.0,0.0,0.0,1,drowsy,img_g_8730.jpg
0.048867487428286095,0.06640762774833897,1.0,0.0,1,drowsy,image_18502.jpg
0.22780708571727032,0.0067059745215564005,0.0,0.0,1,drowsy,img_g_570.jpg
0.19346950287381343,0.0,1.0,0.0,1,drowsy,img_c_16327.jpg
0.18847089407665735,0.0,1.0,0.0,1,drowsy,img_d_15689.jpg
0.06664937709265596,0.021225466431146832,1.0,0.0,1,drowsy,image_18270.jpg
0.05762431622670176,0.0,1.0,0.0,1,drowsy,img_f_1044 (2).jpg
0.29846238374517076,0.00884921093908639,0.0,0.0,1,drowsy,img_f_8903.jpg
0.2524367672645361,0.0074329414072230445,0.0,0.0,1,drowsy,img_j_5104.jpg
0.18225326315617876,0.0,1.0,0.0,1,drowsy,image_7192 (2).jpg
0.14276748049656712,0.015470907069809114,1.0,0.0,1,drowsy,img_e_13890.jpg
0.26307612602268776,0.0,0.0,0.0,1,drowsy,img_j_8352.jpg
0.21296371598579172,0.24620191406416056,0.0,0.0,1,drowsy,image_1950 (3).jpg
0.17695359318994835,0.017643243500007212,1.0,0.0,1,drowsy,image_10701 (2).jpg
0.23265766792173986,0.015256067045375436,0.0,0.0,1,drowsy,img_g_6090.jpg
0.23086907297391013,0.013139708108038987,0.0,0.0,1,drowsy,img_c_1508.jpg
0.2173341566610496,0.0,0.0,0.0,1,drowsy,image_14268 (2).jpg
0.19608960764227915,0.09379768072259359,1.0,0.0,1,drowsy,image_9251.jpg
0.22253433080230844,0.0,0.0,0.0,1,drowsy,img_f_13456.jpg
0.20294100690852943,0.006603861703084826,0.0,0.0,1,drowsy,img_g_14010.jpg
0.20306028059530495,0.0,0.0,0.0,1,drowsy,img_d_15138.jpg
0.18064536592382377,0.0,1.0,0.0,1,drowsy,img_d_464.jpg
0.19103358827385547,0.0039681289819072235,1.0,0.0,1,drowsy,image_19807.jpg
0.1863802539679862,0.008770580116147217,1.0,0.0,1,drowsy,img_a_6585.jpg
0.2154397873749851,0.0,0.0,0.0,1,drowsy,img_d_15892.jpg
0.2541208566375224,0.09967466946953397,0.0,0.0,1,drowsy,image_2310.jpg
0.20280657200155947,0.0,0.0,0.0,1,drowsy,img_d_10875.jpg
0.10268985677243526,0.0,1.0,0.0,1,drowsy,img_f_6641.jpg
0.2377391204105025,0.0,0.0,0.0,1,drowsy,img_c_17603.jpg
0.23476199368147221,0.009081532125411912,0.0,0.0,1,drowsy,img_h_6270.jpg
0.164804748305999,0.06030786333675377,1.0,0.0,1,drowsy,image_12615.jpg
0.198672113711077,0.008388860243594991,1.0,0.0,1,drowsy,image_87.jpg
0.14781674861615518,0.006645435146079025,1.0,0.0,1,drowsy,img_g_1890.jpg
0.18174435569231728,0.0,1.0,0.0,1,drowsy,img_d_13398.jpg
0.07429988320943542,0.046671418865018605,1.0,0.0,1,drowsy,image_17023.jpg
0.029001145341191074,0.008384436092707602,1.0,0.0,1,drowsy,img_e_14906.jpg
0.2182736935121667,0.0,0.0,0.0,1,drowsy,img_c_5829.jpg
0.19551014117527404,0.0,1.0,0.0,1,drowsy,img_c_10150.jpg
0.26345165253911296,0.009604291295544907,0.0,0.0,1,drowsy,img_b_5829.jpg
0.24451569253337319,0.01074709788815257,0.0,0.0,1,drowsy,img_e_1800.jpg
0.20193811120652383,0.017438176600318444,0.0,0.0,1,drowsy,img_c_12035.jpg
0.23526196367471547,0.0,0.0,0.0,1,drowsy,image__7511.jpg
0.19821959780891213,0.013139708108038987,1.0,0.0,1,drowsy,img_d_6148.jpg
0.25603655161841543,0.0,0.0,0.0,1,drowsy,img_f_16472.jpg
0.05464563713718873,0.008196721244289171,1.0,0.0,1,drowsy,img_f_5104 (2).jpg
0.21567420807123827,0.1576419647871558,0.0,0.0,1,drowsy,image_7308.jpg
0.21230687939989976,0.0,0.0,0.0,1,drowsy,img_d_6612.jpg
0.2625142767388131,0.015205718261901216,0.0,0.0,1,drowsy,img_e_2460.jpg
0.21142869424519675,0.0,0.0,0.0,1,drowsy,img_c_7743.jpg
0.25462479291605883,0.008184084270117041,0.0,0.0,1,drowsy,img_j_10498.jpg
0.20206777898884815,0.006999684972265316,0.0,0.0,1,drowsy,img_g_10470.jpg
0.2523960355208214,0.1328544427185695,0.0,0.0,1,drowsy,img_f_10759.jpg
0.07543356648006769,0.18450407097929108,1.0,0.0,1,drowsy,image_0315.jpg
0.2837826823734628,0.0,0.0,0.0,1,drowsy,img_f_9599.jpg
0.25550231754482877,0.0,0.0,0.0,1,drowsy,img_h_720.jpg
0.2061094133062195,0.0,0.0,0.0,1,drowsy,img_c_5626.jpg
0.22281669297120038,0.0,0.0,0.0,1,drowsy,img_d_5858.jpg
0.13851085276868347,0.0,1.0,0.0,1,drowsy,image_8845 (2).jpg
0.12044145881887391,0.0,1.0,0.0,1,drowsy,img_g_12930.jpg
0.24345492731968624,0.0038759689772249264,0.0,0.0,1,drowsy,image_3393.jpg
0.028150843313216545,0.0,1.0,0.0,1,drowsy,image_14790 (2).jpg
0.08974912441292486,0.017043666273587173,1.0,0.0,1,drowsy,img_e_5858.jpg
0.19828939561322448,0.1856213533480835,1.0,0.0,1,drowsy,image_1590.jpg
0.2050900962534029,0.0,0.0,0.0,1,drowsy,img_c_6844.jpg
0.1308637885360155,0.020408163182007496,1.0,0.0,1,drowsy,image_11136.jpg
0.16253643166335946,0.006608185960882775,1.0,0.0,1,drowsy,img_h_7350.jpg
0.1875825564842517,0.004234855690285636,1.0,0.0,1,drowsy,image__15486.jpg
0.25092339818350456,0.008379430546708906,0.0,0.0,1,drowsy,img_f_20329.jpg
0.20190623599924876,0.0,0.0,0.0,1,drowsy,img_h_14520.jpg
0.21365872940356864,0.021157210777152255,0.0,0.0,1,drowsy,img_g_5610.jpg
0.08296881876213953,0.00794051014700185,1.0,0.0,1,drowsy,img_f_5162.jpg
0.18244215461993185,0.00447280690635916,1.0,0.0,1,drowsy,image__6380.jpg
0.22533843473726378,0.0,0.0,0.0,1,drowsy,img_c_17429.jpg
0.2689398936428745,0.00843799229672402,0.0,0.0,1,drowsy,img_f_12325 (2).jpg
0.18947692047322434,0.12831530400321636,1.0,0.0,1,drowsy,image_7888.jpg
0.22208897925791582,0.013737064329648658,0.0,0.0,1,drowsy,image__12470.jpg
0.17910552595910856,0.0,1.0,0.0,1,drowsy,img_f_7946.jpg
0.14022054212745455,0.8117823979764386,1.0,1.0,1,drowsy,26.jpg
0.20125172207373765,0.01295971882691329,0.0,0.0,1,drowsy,img_d_6438.jpg
0.20084105220675103,0.0,0.0,0.0,1,drowsy,img_c_11919.jpg
0.1738021671257274,0.0,1.0,0.0,1,drowsy,32.jpg
0.17075487857275945,0.0,1.0,0.0,1,drowsy,img_c_9222.jpg
0.14375109399771782,0.07926681788431127,1.0,0.0,1,drowsy,image_840.jpg
0.19667550968093042,0.0,1.0,0.0,1,drowsy,img_g_11550.jpg
0.2207574378599314,0.0,0.0,0.0,1,drowsy,image_3422.jpg
0.0524168864376601,0.0,1.0,0.0,1,drowsy,img_g_6480.jpg
0.2332889678155979,0.008246458580701721,0.0,0.0,1,drowsy,img_e_15167.jpg
0.21462091436151287,0.007584032039630348,0.0,0.0,1,drowsy,img_g_14400.jpg
0.10005537339227527,0.004108586864031411,1.0,0.0,1,drowsy,image_11687.jpg
0.2501254244515671,0.1140306996573881,0.0,0.0,1,drowsy,image_2700.jpg
0.2416677718715613,0.004516387501373693,0.0,0.0,1,drowsy,image__13746.jpg
0.18246996685237954,0.15508023860679598,1.0,0.0,1,drowsy,image_2070.jpg
0.18630351128745676,0.0,1.0,0.0,1,drowsy,img_d_4205.jpg
0.2903033081152851,0.1306547815950773,0.0,0.0,1,drowsy,18.jpg
0.21345928840594824,0.0,0.0,0.0,1,drowsy,image_6570.jpg
0.091218664777795,0.0,1.0,0.0,1,drowsy,img_d_14152.jpg
0.047852736417670835,0.0,1.0,0.0,1,drowsy,img_e_13514.jpg
0.06907018466196921,0.08083220435048577,1.0,0.0,1,drowsy,image_9657.jpg
0.043420558375385956,0.04950319328223006,1.0,0.0,1,drowsy,image_18879.jpg
0.12215832631129786,0.008928215480011582,1.0,0.0,1,drowsy,img_f_13050.jpg
0.21667697435802297,0.0,0.0,0.0,1,drowsy,img_g_14370.jpg
0.096697964278246,0.0,1.0,0.0,1,drowsy,image_510 (2).jpg
0.1974135530009656,0.013322679272130074,1.0,0.0,1,drowsy,img_d_16037.jpg
0.22022224694245762,0.008189846068047001,0.0,0.0,1,drowsy,image_7134.jpg
0.2511485730491974,0.08544260038752634,0.0,0.0,1,drowsy,image_8207.jpg
0.1691770261197456,0.5983475476096461,1.0,0.0,1,drowsy,24.jpg
0.21499013359932992,0.0,0.0,0.0,1,drowsy,img_g_11220.jpg
0.2157854229188682,0.009232189616647036,0.0,0.0,1,drowsy,img_g_7950.jpg
0.1722582257212546,0.006495560946717841,1.0,0.0,1,drowsy,img_g_15720.jpg
0.12413537487374454,0.0,1.0,0.0,1,drowsy,img_e_5133.jpg
0.19800545714849,0.0,1.0,0.0,1,drowsy,img_d_13601.jpg
0.13126714938599193,0.606756007882987,1.0,1.0,1,drowsy,image_3420.jpg
0.19790859013411077,0.0,1.0,0.0,1,drowsy,img_d_5655.jpg
0.18119586810922989,0.0,1.0,0.0,1,drowsy,img_f_19227.jpg
0.2072823692782841,0.0,0.0,0.0,1,drowsy,img_d_5133.jpg
0.06079426350462511,0.0,1.0,0.0,1,drowsy,img_f_6496.jpg
0.0976508893458454,0.00411035655782358,1.0,0.0,1,drowsy,image_11861.jpg
0.25768845679873575,0.008103344510212185,0.0,0.0,1,drowsy,img_f_14065.jpg
0.2102443148518253,0.01925928002336376,0.0,0.0,1,drowsy,30.jpg
0.19870148230487944,0.013147655398310407,1.0,0.0,1,drowsy,img_d_7917.jpg
0.19507115809516298,0.013469311279586785,1.0,0.0,1,drowsy,img_c_13659.jpg
0.23676152517903518,0.0,0.0,0.0,1,drowsy,img_g_5160.jpg
0.049881524697430804,0.061790120497809166,1.0,0.0,1,drowsy,image_18676.jpg
0.10702186326557075,0.05467351180205216,1.0,0.0,1,drowsy,image_17545.jpg
0.10403629395960459,0.0,1.0,0.0,1,drowsy,img_h_14250.jpg
0.11119843653049914,0.007979344211185378,1.0,0.0,1,drowsy,img_e_7917.jpg
0.21457809622129748,0.011484015949237479,0.0,0.0,1,drowsy,image__12499.jpg
0.2256869885583766,0.00728976057764854,0.0,0.0,1,drowsy,img_j_15051.jpg
0.10984557459084053,0.10338490857729217,1.0,0.0,1,drowsy,image_13079.jpg
0.12896855996556866,0.014298267163659924,1.0,0.0,1,drowsy,img_g_9000.jpg
0.200752581972933,0.40496912752270336,0.0,0.0,1,drowsy,image_1110 (2).jpg
0.2639230335731004,0.008367688065496327,0.0,0.0,1,drowsy,img_f_18850.jpg
0.07599055320445944,0.007784753482964469,1.0,0.0,1,drowsy,img_f_4524.jpg
0.2699746713612405,0.0,0.0,0.0,1,drowsy,img_j_12064.jpg
0.14528589435489744,0.0126188615155301,1.0,0.0,1,drowsy,image_7685.jpg
0.1630132815380223,0.0,1.0,0.0,1,drowsy,img_c_17371.jpg
0.1519146558931634,0.006780167408604895,1.0,0.0,1,drowsy,img_g_4530.jpg
0.2479433246810331,0.0,0.0,0.0,1,drowsy,img_j_12702.jpg
0.21831231503681478,0.009268003725205679,0.0,0.0,1,drowsy,img_g_6870.jpg
0.1821248909944705,0.0,1.0,0.0,1,drowsy,img_c_2639.jpg
0.2692986272071899,0.0,0.0,0.0,1,drowsy,img_f_14529.jpg
0.25012053063288653,0.0,0.0,0.0,1,drowsy,img_h_1290.jpg
0.26295907732402546,0.01095993240208607,0.0,0.0,1,drowsy,image_6000.jpg
0.1893452102979043,0.012337220017753088,1.0,0.0,1,drowsy,img_d_9251.jpg
0.20426744029674182,0.0,0.0,0.0,1,drowsy,img_f_4901.jpg
0.118388993038059,0.5355389997376043,1.0,0.0,1,drowsy,image_1830 (2).jpg
0.25336129909011174,0.008322936088044106,0.0,0.0,1,drowsy,img_f_9686 (2).jpg
0.15239745725632084,0.0,1.0,0.0,1,drowsy,image_10266 (2).jpg
0.17505479921992073,0.10387438066634672,1.0,0.0,1,drowsy,image_12818.jpg
0.24118593088506066,0.1665221753825209,0.0,0.0,1,drowsy,image_3150.jpg
0.2356265343031574,0.004327018072815362,0.0,0.0,1,drowsy,image__10701.jpg
0.1346154773810827,0.05569033145065855,1.0,0.0,1,drowsy,image_15805.jpg
0.2374013353980598,0.010567967079557978,0.0,0.0,1,drowsy,img_j_1566.jpg
0.15733358065948028,0.0,1.0,0.0,1,drowsy,img_c_9744.jpg
0.18104824285898088,0.0,1.0,0.0,1,drowsy,img_d_3973.jpg
0.24141745127924483,0.008291976516326368,0.0,0.0,1,drowsy,img_j_12528.jpg
0.2782506814104832,0.012191043134125735,0.0,0.0,1,drowsy,image__2494.jpg
0.18040384403566923,0.010727909390141746,1.0,0.0,1,drowsy,img_e_14910.jpg
0.13201389836944669,0.006836338422909081,1.0,0.0,1,drowsy,img_g_360.jpg
0.08368138966542006,0.11217475312272172,1.0,0.0,1,drowsy,image_13253.jpg
0.22303841302878002,0.009345386208563905,0.0,0.0,1,drowsy,img_g_1110.jpg
0.23854643051151103,0.0,0.0,0.0,1,drowsy,img_e_3973.jpg
0.2435288250956394,0.0,0.0,0.0,1,drowsy,img_f_8120.jpg
0.08803131878765683,0.0,1.0,0.0,1,drowsy,img_f_9570.jpg
0.20743246522794073,0.12866305938594097,0.0,0.0,1,drowsy,image_9657 (2).jpg
0.1969687788118321,0.006871594525708983,1.0,0.0,1,drowsy,img_g_17490.jpg
0.22550897240378864,0.020807340306699347,0.0,0.0,1,drowsy,image_14500.jpg
0.043233974125892465,0.06586287858930963,1.0,0.0,1,drowsy,image_19024.jpg
0.09882412312214621,0.008042577447539227,1.0,0.0,1,drowsy,img_f_7424 (2).jpg
0.24710224261665906,0.0,0.0,0.0,1,drowsy,img_g_9570.jpg
0.1632540895962135,0.01886456678846288,1.0,0.0,1,drowsy,image_11281.jpg
0.10473719844185315,0.0,1.0,0.0,1,drowsy,img_f_12992.jpg
0.1187106806378053,0.007740550142465505,1.0,0.0,1,drowsy,img_e_7308.jpg
0.1658545773843458,0.004681645865927415,1.0,0.0,1,drowsy,image__13340.jpg
0.2166343371802667,0.017447463871087258,0.0,0.0,1,drowsy,img_d_10730.jpg
0.23461152155708634,0.007747516290642282,0.0,0.0,1,drowsy,img_g_10260.jpg
0.22862554605593544,0.0,0.0,0.0,1,drowsy,image__6989.jpg
0.20904327062714617,0.0,0.0,0.0,1,drowsy,img_e_13110.jpg
0.21982445115629856,0.0,0.0,0.0,1,drowsy,img_g_14760.jpg
0.13065074783060837,0.0,1.0,0.0,1,drowsy,image_1590 (2).jpg
0.1756250180979331,0.012977167126512961,1.0,0.0,1,drowsy,img_d_7308.jpg
0.1789251578123034,0.013453455698930777,1.0,0.0,1,drowsy,img_c_14297.jpg
0.17834605754100807,0.0,1.0,0.0,1,drowsy,img_g_3840.jpg
0.1595210217755838,0.008043357888813194,1.0,0.0,1,drowsy,img_e_11049.jpg
0.22790161185147007,0.0,0.0,0.0,1,drowsy,img_c_4466.jpg
0.26554347337957446,0.009407000522410737,0.0,0.0,1,drowsy,image__14413.jpg
0.12274199642400263,0.008747128918534318,1.0,0.0,1,drowsy,image_18299.jpg
0.1776971784951916,0.0,1.0,0.0,1,drowsy,img_d_15660.jpg
0.24254826019398656,0.08365733657379947,0.0,0.0,1,drowsy,image_6148.jpg
0.24400224656320108,0.008127664085510588,0.0,0.0,1,drowsy,image__9338.jpg
0.2594147386174136,0.007413307805635193,0.0,0.0,1,drowsy,image_14326 (2).jpg
0.21418890924009726,0.0,0.0,0.0,1,drowsy,img_j_14993.jpg
0.21413613129892964,0.0,0.0,0.0,1,drowsy,img_f_17197.jpg
0.11211362018151633,0.0,1.0,0.0,1,drowsy,img_j_551.jpg
0.1473923948258279,0.12241689111262319,1.0,0.0,1,drowsy,image_1800.jpg
0.23302272896181325,0.00913403897715858,0.0,0.0,1,drowsy,img_g_8040.jpg
0.2088258491576186,0.0,0.0,0.0,1,drowsy,img_d_17922.jpg
0.1866915591579762,0.0,1.0,0.0,1,drowsy,img_c_16443.jpg
0.09377844207582302,0.00790569408792095,1.0,0.0,1,drowsy,image_15660 (3).jpg
0.17569330083932258,0.0,1.0,0.0,1,drowsy,img_c_14268.jpg
0.1479303234130194,0.014468462169250556,1.0,0.0,1,drowsy,img_c_8062.jpg
0.2269869064073854,0.01007048827598476,0.0,0.0,1,drowsy,img_g_10710.jpg
0.19346785718272633,0.0,1.0,0.0,1,drowsy,img_c_5220.jpg
0.1990033198603995,0.004428682308167461,1.0,0.0,1,drowsy,image__6235.jpg
0.2184453181899534,0.03158332177730411,0.0,0.0,1,drowsy,img_h_1680.jpg
0.20839945175482927,0.04758928782607036,0.0,0.0,1,drowsy,image__13630.jpg
0.19404960425414922,0.011629479349042827,1.0,0.0,1,drowsy,img_f_17342.jpg
0.18608455781873529,0.0,1.0,0.0,1,drowsy,img_d_12325.jpg
0.06466386787079478,0.0,1.0,0.0,1,drowsy,image_1320 (3).jpg
0.06515734022262024,0.008529579555140733,1.0,0.0,1,drowsy,img_f_7830.jpg
0.22010527476063313,0.0094339621751513,0.0,0.0,1,drowsy,img_b_812.jpg
0.19986174528888523,0.0,1.0,0.0,1,drowsy,img_d_3422.jpg
0.09480151321875578,0.007788766668626078,1.0,0.0,1,drowsy,img_e_7888.jpg
0.21581870270770342,0.0,0.0,0.0,1,drowsy,image_3540.jpg
0.18705922344876236,0.0,1.0,0.0,1,drowsy,img_d_13775.jpg
0.18205630358066566,0.07556014622571595,1.0,0.0,1,drowsy,image_6438.jpg
0.15514768284612337,0.013210028016782015,1.0,0.0,1,drowsy,img_g_2790.jpg
0.23002233067967742,0.010523867257867706,0.0,0.0,1,drowsy,image__1566.jpg
0.24135198660974616,0.0,0.0,0.0,1,drowsy,img_f_10411.jpg
0.2392581811835604,0.007684127709020993,0.0,0.0,1,drowsy,img_e_16530.jpg
0.21588651655030155,0.009239476970469928,0.0,0.0,1,drowsy,img_g_7830.jpg
0.12950172569318585,0.007570111583738056,1.0,0.0,1,drowsy,img_f_2784.jpg
0.19903610234658292,0.0067962766141164725,1.0,0.0,1,drowsy,img_g_11340.jpg
0.20902723478111887,0.0,0.0,0.0,1,drowsy,img_d_7888.jpg
0.21631515673117196,0.006986347993003862,0.0,0.0,1,drowsy,img_j_2494.jpg
0.24382933255979428,0.0,0.0,0.0,1,drowsy,img_c_4843.jpg
0.2294811969752924,0.006787034983200482,0.0,0.0,1,drowsy,img_g_1500.jpg
0.22832130483768856,0.014279886745523327,0.0,0.0,1,drowsy,img_c_10556.jpg
0.2228440812303786,0.0,0.0,0.0,1,drowsy,img_c_11890.jpg
0.2068499945462698,0.0,0.0,0.0,1,drowsy,img_d_3393.jpg
0.22514869100112914,0.16959386545818989,0.0,0.0,1,drowsy,image_1380.jpg
0.3876104843406335,0.6268391283817704,0.0,1.0,1,drowsy,image_960 (3).jpg
0.3040211517153527,0.7264434680515208,0.0,1.0,1,drowsy,image_2850.jpg
0.14745553594330313,0.0,1.0,0.0,1,drowsy,img_c_9396.jpg
0.21948286755383484,0.09588061733044428,0.0,0.0,1,drowsy,image_10411.jpg
0.23831941913629553,0.01109946950131746,0.0,0.0,1,drowsy,img_e_17820.jpg
0.1253841674318803,0.0,1.0,0.0,1,drowsy,img_e_12780.jpg
0.2107733549068396,0.012811040536278705,0.0,0.0,1,drowsy,img_c_11107.jpg
0.07651168124111271,0.08854456117764209,1.0,0.0,1,drowsy,image_17342.jpg
0.25429208865239117,0.0,0.0,0.0,1,drowsy,img_g_7170.jpg
0.24901173732901027,0.012940986079632932,0.0,0.0,1,drowsy,img_g_13230.jpg
0.14915942741312563,0.0,1.0,0.0,1,drowsy,image_8004 (2).jpg
0.2111545286940861,0.014973482881065106,0.0,0.0,1,drowsy,img_g_5940.jpg
0.1965116941333108,0.0,1.0,0.0,1,drowsy,img_d_5046.jpg
0.25566207511727096,0.0,0.0,0.0,1,drowsy,img_g_17730.jpg
0.188204357520242,0.0,1.0,0.0,1,drowsy,img_h_3900.jpg
0.22959933831643486,0.0077287506929199735,0.0,0.0,1,drowsy,img_e_5046.jpg
0.16435687658421988,0.0,1.0,0.0,1,drowsy,image_8729 (2).jpg
0.23739478816247042,0.0,0.0,0.0,1,drowsy,img_f_8294.jpg
0.17082380953747434,0.013678111488444708,1.0,0.0,1,drowsy,img_c_14094.jpg
0.18715373602037494,0.006464406345291178,1.0,0.0,1,drowsy,img_g_8280.jpg
0.22878488090367094,0.05392526011043908,0.0,0.0,1,drowsy,image_6931 (2).jpg
0.20736642042545286,0.0,0.0,0.0,1,drowsy,img_g_12660.jpg
0.1448531798054643,0.0,1.0,0.0,1,drowsy,img_d_10527.jpg
0.19079172588483717,0.00484974262565228,1.0,0.0,1,drowsy,image__4437.jpg
0.2250390991908288,0.012977167126512961,0.0,0.0,1,drowsy,img_c_6728.jpg
0.25022426049134816,0.01215092826432003,0.0,0.0,1,drowsy,img_b_10440.jpg
0.2289887705878735,0.009736770535811732,0.0,0.0,1,drowsy,img_h_870.jpg
0.17427664185396946,0.014680505272350349,1.0,0.0,1,drowsy,img_d_3190.jpg
0.2026086787863507,0.7314897558053469,0.0,1.0,1,drowsy,image_750 (4).jpg
0.23720270621177988,0.00826192377946089,0.0,0.0,1,drowsy,img_e_13688.jpg
0.23172435595959895,0.006561222116775,0.0,0.0,1,drowsy,img_g_15480.jpg
0.24485428767132195,0.009568392244326679,0.0,0.0,1,drowsy,img_g_2550.jpg
0.037434486120538665,0.016174857074892374,1.0,0.0,1,drowsy,image_15283 (2).jpg
0.14362267733582582,0.0,1.0,0.0,1,drowsy,img_f_18299.jpg
0.17693479116709668,0.0,1.0,0.0,1,drowsy,img_d_18386.jpg
0.11814415478500567,0.05029570596862169,1.0,0.0,1,drowsy,image_17168.jpg
0.08675380412696959,0.0,1.0,0.0,1,drowsy,img_f_7366.jpg
0.15879173213503478,0.07687956369703182,1.0,0.0,1,drowsy,image_12992.jpg
0.12386733935835981,0.0,1.0,0.0,1,drowsy,img_c_9802.jpg
0.210048585876893,0.0,0.0,0.0,1,drowsy,img_c_17748.jpg
0.23229260030713095,0.012484404080112711,0.0,0.0,1,drowsy,img_c_11339.jpg
0.09043955414095764,0.08605834808521959,1.0,0.0,1,drowsy,image_17632.jpg
0.20882408098501842,0.0,0.0,0.0,1,drowsy,image_1440 (3).jpg
0.16492431250966832,0.0,1.0,0.0,1,drowsy,img_c_6264.jpg
0.16945633313528152,0.0,1.0,0.0,1,drowsy,img_d_7453.jpg
0.09076550242587306,0.007796337767966916,1.0,0.0,1,drowsy,img_f_4814 (2).jpg
0.17794699963768607,0.0,1.0,0.0,1,drowsy,image_1140.jpg
0.19555399830992,0.007422287204979856,1.0,0.0,1,drowsy,img_a_2910.jpg
0.1872159742625103,0.0,1.0,0.0,1,drowsy,image__8033.jpg
0.02944156794876194,0.12808821773995102,1.0,0.0,1,drowsy,img_e_7453.jpg
0.21016005657307107,0.010802134596063589,0.0,0.0,1,drowsy,img_e_14130.jpg
0.18400995915688476,0.009931705965479211,1.0,0.0,1,drowsy,img_g_13740.jpg
0.22496657146689553,0.008619408551128189,0.0,0.0,1,drowsy,image__11542.jpg
0.08586183510679653,0.00655121777788573,1.0,0.0,1,drowsy,img_g_4860.jpg
0.1806368884564185,0.0,1.0,0.0,1,drowsy,img_d_5278.jpg
0.09229519686425484,0.0,1.0,0.0,1,drowsy,img_e_8990.jpg
0.2307391509722941,0.0,0.0,0.0,1,drowsy,image_1350 (4).jpg
0.10104920452100195,0.0,1.0,0.0,1,drowsy,image_11280.jpg
0.21912582642285108,0.007793259346956241,0.0,0.0,1,drowsy,img_e_5278.jpg
0.19392259461809275,0.013153340871106032,1.0,0.0,1,drowsy,img_d_6003.jpg
0.1808423127205636,0.04717569643764223,1.0,0.0,1,drowsy,image_12789.jpg
0.17196036968064576,0.0,1.0,0.0,1,drowsy,img_d_8990.jpg
0.07748294752539783,0.050232074356183876,1.0,0.0,1,drowsy,image_17197.jpg
0.21475432483262413,0.0,0.0,0.0,1,drowsy,img_c_18241.jpg
0.12117674193623656,0.0,1.0,0.0,1,drowsy,image_270 (2).jpg
0.21832478148113502,0.007219134644954261,0.0,0.0,1,drowsy,img_f_4727.jpg
0.29463112433686567,0.0,0.0,0.0,1,drowsy,img_f_15805.jpg
0.2641699217179842,0.0,0.0,0.0,1,drowsy,img_j_12267.jpg
0.06181463114859839,0.0077066855773893364,1.0,0.0,1,drowsy,image_16385 (2).jpg
0.1108293497362227,0.0,1.0,0.0,1,drowsy,img_j_14616.jpg
0.2151263704816446,0.009523809459672855,0.0,0.0,1,drowsy,img_g_2430.jpg
0.2735408522995058,0.0,0.0,0.0,1,drowsy,img_j_18038.jpg
0.20120908406781451,0.01350858049147573,0.0,0.0,1,drowsy,img_d_5481.jpg
0.11663841476562949,0.0,1.0,0.0,1,drowsy,image_90.jpg
0.27379163282788654,0.0,0.0,0.0,1,drowsy,img_f_10730 (2).jpg
0.10097184447416668,0.008066614832020685,1.0,0.0,1,drowsy,img_f_3712.jpg
0.21650198480502186,0.0,0.0,0.0,1,drowsy,img_a_495.jpg
0.2441221258927555,0.006734655685148979,0.0,0.0,1,drowsy,img_g_3060.jpg
0.19532246882782495,0.5926967069151402,1.0,0.0,1,drowsy,image_1170 (5).jpg
0.23437812905482458,0.0,0.0,0.0,1,drowsy,image__2030 (2).jpg
0.16919338964702274,0.008318039819350788,1.0,0.0,1,drowsy,img_f_3074.jpg
0.24708022592673584,0.009199122017843266,0.0,0.0,1,drowsy,img_g_7560.jpg
0.17188278605354423,0.0,1.0,0.0,1,drowsy,image_300.jpg
0.1319995863543329,0.11532251670947082,1.0,0.0,1,drowsy,image_9483.jpg
0.1723384920972748,0.012982634189551132,1.0,0.0,1,drowsy,img_c_9976.jpg
0.18255658327175428,0.0170871530835219,1.0,0.0,1,drowsy,image_14529.jpg
0.2549332887455475,0.008474576199367999,0.0,0.0,1,drowsy,img_e_1624.jpg
0.17332021302453693,0.0,1.0,0.0,1,drowsy,img_d_3741.jpg
0.19563410533363956,0.0,1.0,0.0,1,drowsy,img_g_16980.jpg
0.22541502190042395,0.006624259891667594,0.0,0.0,1,drowsy,img_g_13620.jpg
0.24534676318574314,0.0,0.0,0.0,1,drowsy,img_f_14500.jpg
0.24891890057969024,0.0,0.0,0.0,1,drowsy,img_f_19024.jpg
0.19837285553557316,0.01388754929789369,1.0,0.0,1,drowsy,img_d_1624.jpg
0.28260904659268415,0.007048373294162086,0.0,0.0,1,drowsy,img_j_3364.jpg
0.14486807779971095,0.6571017884007475,1.0,1.0,1,drowsy,image_1020.jpg
0.22539445142875492,0.14499514440777575,0.0,0.0,1,drowsy,image_7337.jpg
0.08427331391777301,0.10707459106321936,1.0,0.0,1,drowsy,image_8004.jpg
0.22185779165329234,0.008750410108521687,0.0,0.0,1,drowsy,image_7569 (2).jpg
0.2259974715403163,0.0,0.0,0.0,1,drowsy,image_570 (5).jpg
0.1937747186874644,0.0,1.0,0.0,1,drowsy,img_d_261.jpg
0.08683349504795057,0.0,1.0,0.0,1,drowsy,img_e_6177.jpg
0.1835597482469017,0.0,1.0,0.0,1,drowsy,image__6757 (2).jpg
0.20779867378108252,0.155211021113978,0.0,0.0,1,drowsy,image_3000 (2).jpg
0.12853206900565378,0.11500980745690659,1.0,0.0,1,drowsy,image_9454.jpg
0.208377680561876,0.008531752340575151,0.0,0.0,1,drowsy,img_f_13253.jpg
0.18649994007481469,0.012969524828394443,1.0,0.0,1,drowsy,img_d_6177.jpg
0.23250277382785067,0.006607320429749737,0.0,0.0,1,drowsy,img_g_12270.jpg
0.23767591870815197,0.0071806920367875745,0.0,0.0,1,drowsy,img_g_16770.jpg
0.0383205508262322,0.015387802419298744,1.0,0.0,1,drowsy,image_15399 (2).jpg
0.23507985580303403,0.016076837801299867,0.0,0.0,1,drowsy,img_e_17940.jpg
0.11427632617218073,0.03327647668148656,1.0,0.0,1,drowsy,image_14065.jpg
0.23817454108084474,0.0,0.0,0.0,1,drowsy,img_f_11861.jpg
0.283813173547274,0.00821717369430185,0.0,0.0,1,drowsy,img_j_10672.jpg
0.07107379941538948,0.012185058423630069,1.0,0.0,1,drowsy,image_14703.jpg
0.03222703865802136,0.07312904705106918,1.0,0.0,1,drowsy,image_19227.jpg
0.2275030794086348,0.00958772323679926,0.0,0.0,1,drowsy,img_g_15090.jpg
0.1537555240700853,0.012051691998333945,1.0,0.0,1,drowsy,image_9251 (2).jpg
0.08518827450146155,0.0,1.0,0.0,1,drowsy,img_f_3538.jpg
0.2236378009979768,0.0,0.0,0.0,1,drowsy,img_a_12465.jpg
0.2048435672279737,0.0,0.0,0.0,1,drowsy,img_c_15573.jpg
0.11255108061293206,0.4258529042536688,1.0,0.0,1,drowsy,image_3390.jpg
0.18865325442073638,0.013729581570483282,1.0,0.0,1,drowsy,image_10353 (2).jpg
0.24825468529044314,0.0,0.0,0.0,1,drowsy,img_j_18212.jpg
0.19052877892081246,0.0,1.0,0.0,1,drowsy,img_c_14123.jpg
0.17064366405019848,0.01164011052767355,1.0,0.0,1,drowsy,img_f_8323.jpg
0.14698786399189334,0.012977167126512961,1.0,0.0,1,drowsy,img_d_13833.jpg
0.20715437947889223,0.012794252924975697,0.0,0.0,1,drowsy,img_c_1682.jpg
0.07559566722124642,0.0,1.0,0.0,1,drowsy,img_h_1050.jpg
0.07605448094733205,0.00844430759731173,1.0,0.0,1,drowsy,img_f_18879.jpg
0.21486522463027172,0.008609180830555355,0.0,0.0,1,drowsy,image_7395 (2).jpg
0.08224604627543247,0.09085122132178013,1.0,0.0,1,drowsy,image_13050.jpg
0.25990091977565877,0.0,0.0,0.0,1,drowsy,img_j_16559.jpg
0.10341979575048779,0.0,1.0,0.0,1,drowsy,img_e_12810.jpg
0.24801940477243406,0.006456990326857773,0.0,0.0,1,drowsy,img_g_3510.jpg
0.15424256613370546,0.021491713393315192,1.0,0.0,1,drowsy,31.jpg
0.3117527425172395,0.0,0.0,0.0,1,drowsy,img_e_14520.jpg
0.20308052328464146,0.006734350251663265,0.0,0.0,1,drowsy,img_g_5820.jpg
0.1817475796660926,0.0,1.0,0.0,1,drowsy,img_d_13166.jpg
0.21598755505612904,0.0,0.0,0.0,1,drowsy,img_e_12151.jpg
0.13342952327986327,0.8482725133251926,1.0,1.0,1,drowsy,25.jpg
0.0761257705213122,0.0,1.0,0.0,1,drowsy,img_f_13079.jpg
0.04616478586002139,0.06642301657423334,1.0,0.0,1,drowsy,image_18850.jpg
0.23575431850157935,0.013469311279586785,0.0,0.0,1,drowsy,img_c_16907.jpg
0.226572693363622,0.0,0.0,0.0,1,drowsy,img_g_16200.jpg
0.20747723210823227,0.01910401773945359,0.0,0.0,1,drowsy,img_d_3219.jpg
0.05021923802138241,0.0,1.0,0.0,1,drowsy,img_e_13920 (2).jpg
0.25982173261039543,0.0,0.0,0.0,1,drowsy,image__9715.jpg
0.16115697136373103,0.009523377543695548,1.0,0.0,1,drowsy,image_8555 (2).jpg
0.21534060753701564,0.009173925775075276,0.0,0.0,1,drowsy,img_b_783.jpg
0.16289670372926912,0.01900714767047097,1.0,0.0,1,drowsy,19.jpg
0.03472266079169631,0.008236382806288,1.0,0.0,1,drowsy,img_e_15602.jpg
0.2610213770117319,0.007345795791168416,0.0,0.0,1,drowsy,img_j_17690.jpg
0.17148384329542726,0.0,1.0,0.0,1,drowsy,img_c_8671.jpg
0.13713331219266578,0.0039787308361694616,1.0,0.0,1,drowsy,image__14703.jpg
0.10921904480109579,0.0,1.0,0.0,1,drowsy,img_d_11716.jpg
0.19580202379472147,0.07923190945019831,1.0,0.0,1,drowsy,42.jpg
0.22409810366772479,0.006482581971179581,0.0,0.0,1,drowsy,img_g_11520.jpg
0.16446688344928975,0.021105314014222075,1.0,0.0,1,drowsy,4.jpg
0.1906054279117792,0.01723497609220492,1.0,0.0,1,drowsy,img_d_986.jpg
0.03616337983938886,0.008116947224283542,1.0,0.0,1,drowsy,img_e_12644.jpg
0.2177710026873698,0.0,0.0,0.0,1,drowsy,56.jpg
0.24952768321065244,0.008905881169173986,0.0,0.0,1,drowsy,img_e_12122.jpg
0.1960716075845681,0.0,1.0,0.0,1,drowsy,img_d_4263.jpg
0.14681270185772183,0.01331441055176416,1.0,0.0,1,drowsy,img_d_7018.jpg
0.23213505558107156,0.7299416108897651,0.0,1.0,1,drowsy,image_150 (2).jpg
0.23427803167384803,0.0,0.0,0.0,1,drowsy,img_e_4263.jpg
0.17521614659662305,0.14597734180705907,1.0,0.0,1,drowsy,image_0173.jpg
0.17988334602310907,0.010979071756736453,1.0,0.0,1,drowsy,img_e_17700.jpg
0.17972352007420456,0.0,1.0,0.0,1,drowsy,img_d_17429.jpg
0.20826011066517758,0.006622080882656612,0.0,0.0,1,drowsy,img_g_10170.jpg
0.24570927777536486,0.10469895334594341,0.0,0.0,1,drowsy,image_6264.jpg
0.2287435032415298,0.011012975301057017,0.0,0.0,1,drowsy,img_e_13200.jpg
0.1124807751782922,0.0,1.0,0.0,1,drowsy,img_h_11400.jpg
0.1695139553247278,0.09216371010862276,1.0,0.0,1,drowsy,image_9802.jpg
0.20154888982624636,0.0,0.0,0.0,1,drowsy,img_g_4230.jpg
0.1531913613945335,0.0,1.0,0.0,1,drowsy,img_d_11919.jpg
0.1254265021308258,0.18854504594633664,1.0,0.0,1,drowsy,image_90 (3).jpg
0.2318163274396463,0.00805796795723155,0.0,0.0,1,drowsy,image__12470 (2).jpg
0.22315225082931553,0.0,0.0,0.0,1,drowsy,img_f_12499.jpg
0.17577888825642562,0.0,1.0,0.0,1,drowsy,img_d_12586.jpg
0.2256849064223732,0.0,0.0,0.0,1,drowsy,img_d_5800.jpg
0.2238340330407394,0.007689350759079515,0.0,0.0,1,drowsy,img_h_14550.jpg
0.2179673761004331,0.0,0.0,0.0,1,drowsy,img_d_17603.jpg
0.24456816216805066,0.0,0.0,0.0,1,drowsy,img_g_18060.jpg
0.1312058288608517,0.011313346387185848,1.0,0.0,1,drowsy,img_e_7540.jpg
0.241588634619115,0.12401669043990457,0.0,0.0,1,drowsy,image_6728.jpg
0.253385853172514,0.008379430546708906,0.0,0.0,1,drowsy,img_f_13398 (2).jpg
0.2090016037541197,0.0,0.0,0.0,1,drowsy,img_f_1189.jpg
0.23674543243938237,0.01350858049147573,0.0,0.0,1,drowsy,img_c_10875.jpg
0.08437724653772667,0.006261506267171411,1.0,0.0,1,drowsy,img_g_6180.jpg
0.0998490270948751,0.024739375844111282,1.0,0.0,1,drowsy,image_15863.jpg
0.08800703026423409,0.007800843567994342,1.0,0.0,1,drowsy,img_e_11629.jpg
0.1833353546788806,0.012496095423949133,1.0,0.0,1,drowsy,img_d_1131.jpg
0.1984025166962638,0.0,1.0,0.0,1,drowsy,img_d_7540.jpg
0.11050745325104504,0.0,1.0,0.0,1,drowsy,img_e_13980.jpg
0.2371788404671473,0.0,0.0,0.0,1,drowsy,img_f_10701.jpg
0.16974906105393744,0.0,1.0,0.0,1,drowsy,img_e_13770.jpg
0.18332001672724116,0.012969524828394443,1.0,0.0,1,drowsy,img_d_10150.jpg
0.2862073267788558,0.0,0.0,0.0,1,drowsy,img_h_750.jpg
0.18286341224854036,0.013117080731277302,1.0,0.0,1,drowsy,img_c_13398.jpg
0.1484993836646192,0.011860301770406327,1.0,0.0,1,drowsy,image_10933.jpg
0.20364592970368903,0.009664655487658876,0.0,0.0,1,drowsy,img_g_14100.jpg
0.1534352904963044,0.0,1.0,0.0,1,drowsy,img_d_12035.jpg
0.1775949688145833,0.010293972838770581,1.0,0.0,1,drowsy,img_h_1590.jpg
0.1716943685416362,0.008844018247669581,1.0,0.0,1,drowsy,image_10063 (2).jpg
0.26908228146476754,0.008230522299760186,0.0,0.0,1,drowsy,img_f_17052.jpg
0.1983107461564818,0.008395953383411387,1.0,0.0,1,drowsy,img_f_9483 (2).jpg
0.218142443576761,0.0,0.0,0.0,1,drowsy,image_0371.jpg
0.15980277480167074,0.0,1.0,0.0,1,drowsy,image_9019 (2).jpg
0.2367477029457143,0.0,0.0,0.0,1,drowsy,img_g_4740.jpg
0.17458882423177136,0.0,1.0,0.0,1,drowsy,img_d_5394.jpg
0.05958928964171887,0.007669649829650176,1.0,0.0,1,drowsy,img_e_11832.jpg
0.24881583823426326,0.006294788364855806,0.0,0.0,1,drowsy,img_g_9270.jpg
0.2774135698164768,0.010868923085054341,0.0,0.0,1,drowsy,img_j_16066.jpg
0.253020575520236,0.0,0.0,0.0,1,drowsy,img_f_667.jpg
0.21083390568354077,0.0,0.0,0.0,1,drowsy,img_a_6330.jpg
0.19025790888696598,0.013493814321667085,1.0,0.0,1,drowsy,img_d_3915.jpg
0.24544809421836933,0.17489492264503767,0.0,0.0,1,drowsy,image_870 (2).jpg
0.25730195722110627,0.0,0.0,0.0,1,drowsy,img_j_7830.jpg
0.12758832829780603,0.08967430442338592,1.0,0.0,1,drowsy,image_9396.jpg
0.1632982671489013,0.00935253607605354,1.0,0.0,1,drowsy,img_g_13860.jpg
0.24068870522027502,0.007574888090754763,0.0,0.0,1,drowsy,img_e_3915.jpg
0.19938940923074505,0.006508756056317992,1.0,0.0,1,drowsy,img_g_5310.jpg
0.09055463711432157,0.007243334619274844,1.0,0.0,1,drowsy,image_17516 (2).jpg
0.19537458730594404,0.01388754929789369,1.0,0.0,1,drowsy,img_d_18444.jpg
0.20445565487919193,0.012491220040334178,0.0,0.0,1,drowsy,img_d_17777.jpg
0.2485242412073319,0.2977620139748911,0.0,0.0,1,drowsy,image_1950 (4).jpg
0.19702050028665402,0.01569798731577752,1.0,0.0,1,drowsy,img_f_1943.jpg
0.251996129295029,0.0749772213394959,0.0,0.0,1,drowsy,image_8671.jpg
0.06739303373477623,0.007101670885245888,1.0,0.0,1,drowsy,img_g_11130.jpg
0.27790755787862137,0.008047784684978793,0.0,0.0,1,drowsy,image__17168.jpg
0.21020897250298082,0.0,0.0,0.0,1,drowsy,img_f_6786.jpg
0.26607514856562914,0.048564292063114196,0.0,0.0,1,drowsy,image_2190 (3).jpg
0.2660489453367826,0.007990799830880156,0.0,0.0,1,drowsy,img_f_14413.jpg
0.06366958377387524,0.016085154908735997,1.0,0.0,1,drowsy,image_17574 (2).jpg
0.17711907522180187,0.07681233433380527,1.0,0.0,1,drowsy,image_16588.jpg
0.20055329077366246,0.0,0.0,0.0,1,drowsy,img_d_9425.jpg
0.21139495570204436,0.0,0.0,0.0,1,drowsy,img_d_16327.jpg
0.23109731949761417,0.012933677838794051,0.0,0.0,1,drowsy,img_c_15689.jpg
0.20781743145349196,0.019219692411128756,0.0,0.0,1,drowsy,image__12992.jpg
0.22383543075875328,0.006813924398987357,0.0,0.0,1,drowsy,img_g_10560.jpg
0.2508664944178946,0.0,0.0,0.0,1,drowsy,img_f_13340.jpg
0.07127515560326962,0.058640051371689,1.0,0.0,1,drowsy,img_f_5510 (2).jpg
0.1963213916039729,0.0,1.0,0.0,1,drowsy,img_e_6931.jpg
0.09889950099318874,0.12425550207837405,1.0,0.0,1,drowsy,image_13369.jpg
0.16288312414755307,0.028744342771030457,1.0,0.0,1,drowsy,image_15718.jpg
0.09619263538187672,0.021127158629036663,1.0,0.0,1,drowsy,image_16211.jpg
0.18967169495588,0.007812261531302849,1.0,0.0,1,drowsy,img_f_6989.jpg
0.25030678476729484,0.0,0.0,0.0,1,drowsy,img_g_4620.jpg
0.14402205073994273,0.013876848044826863,1.0,0.0,1,drowsy,img_d_6931.jpg
0.24977604672691264,0.0,0.0,0.0,1,drowsy,img_j_12412.jpg
0.12598658032335064,0.0,1.0,0.0,1,drowsy,img_f_2523.jpg
0.22785128063196344,0.04296760678274879,0.0,0.0,1,drowsy,img_g_1980.jpg
0.1915143746655958,0.0,1.0,0.0,1,drowsy,img_d_4698.jpg
0.23428608426988587,0.0,0.0,0.0,1,drowsy,img_f_10846.jpg
0.18108421713252842,0.0182134555551204,1.0,0.0,1,drowsy,img_c_15138.jpg
0.23002167131887213,0.008224117981543672,0.0,0.0,1,drowsy,img_f_9338.jpg
0.24587416101659854,0.0,0.0,0.0,1,drowsy,img_f_15080.jpg
0.1534277717309592,1.1237134245835811,1.0,1.0,1,drowsy,image_11542.jpg
0.2536609228678352,0.0,0.0,0.0,1,drowsy,img_g_1770.jpg
0.18168628035658008,0.01296952491249873,1.0,0.0,1,drowsy,img_h_10440.jpg
0.2206750109956379,0.0,0.0,0.0,1,drowsy,img_c_15892.jpg
0.20978275421555892,0.018391882277555394,0.0,0.0,1,drowsy,image__17197.jpg
0.26231218943738277,0.0,0.0,0.0,1,drowsy,image__12789.jpg
0.09293491506860024,0.09021509860590989,1.0,0.0,1,drowsy,image_13427.jpg
0.2989457093370395,0.24596385579597668,0.0,0.0,1,drowsy,image_3240.jpg
0.24107753851461278,0.004273348171155224,0.0,0.0,1,drowsy,image__10411.jpg
0.2687631647850972,0.010738109849945556,0.0,0.0,1,drowsy,image_14384 (2).jpg
0.15382390043334723,0.0,1.0,0.0,1,drowsy,image_7743 (2).jpg
0.06418485507288227,0.0,1.0,0.0,1,drowsy,img_c_9454.jpg
0.15927476062225945,0.012186968468386123,1.0,0.0,1,drowsy,img_d_1247.jpg
0.2731840998373518,0.00843109177036266,0.0,0.0,1,drowsy,img_f_18995.jpg
0.21337056490330275,0.0,0.0,0.0,1,drowsy,img_c_8004.jpg
0.24165888752239456,0.007812261531302849,0.0,0.0,1,drowsy,img_e_377.jpg
0.06394862258922106,0.07440521482691462,1.0,0.0,1,drowsy,image_15283.jpg
0.18511197661329776,0.0,1.0,0.0,1,drowsy,img_c_10295.jpg
0.2569418183075244,0.10839168253827534,0.0,0.0,1,drowsy,image_2610.jpg
0.1935913252581072,0.0,1.0,0.0,1,drowsy,img_h_17850.jpg
0.22483315964470713,0.012496095423949133,0.0,0.0,1,drowsy,img_d_14732.jpg
0.20215120786082913,0.0,0.0,0.0,1,drowsy,img_c_16182.jpg
0.22481015028851156,0.006274310996757485,0.0,0.0,1,drowsy,img_g_4350.jpg
0.2461018399140913,0.09905086033917851,0.0,0.0,1,drowsy,image_9976.jpg
0.03827544837711655,0.0,1.0,0.0,1,drowsy,img_f_6235.jpg
0.10215575208433149,0.0,1.0,0.0,1,drowsy,img_c_9483.jpg
0.25115906762886486,0.0063286068856468055,0.0,0.0,1,drowsy,img_g_9660.jpg
0.20771449626554642,0.0,0.0,0.0,1,drowsy,img_f_4350.jpg
0.21763340905014186,0.008679587577665694,0.0,0.0,1,drowsy,image_7308 (2).jpg
0.1585004855457703,0.00805796795723155,1.0,0.0,1,drowsy,img_f_13195.jpg
0.20962307640610028,0.0,0.0,0.0,1,drowsy,img_d_5974.jpg
0.2692162781165093,1.1051504393176301,0.0,1.0,1,drowsy,image_360 (3).jpg
0.18094821132408132,0.012621876608429033,1.0,0.0,1,drowsy,img_c_12441.jpg
0.24972926646378446,0.006519120874201553,0.0,0.0,1,drowsy,img_g_1200.jpg
0.06823548788915326,0.0,1.0,0.0,1,drowsy,img_f_3393 (2).jpg
0.06563119055033823,0.0603496312068104,1.0,0.0,1,drowsy,image_15254.jpg
0.1601611868294041,0.01350858049147573,1.0,0.0,1,drowsy,img_d_13920.jpg
0.261645861362812,0.7426193891716757,0.0,1.0,1,drowsy,img_e_5974.jpg
0.22220134207485842,0.006429173330372146,0.0,0.0,1,drowsy,img_g_5700.jpg
0.2510963304528208,0.006613241680669282,0.0,0.0,1,drowsy,img_g_17970.jpg
0.22608238648693746,0.011799461268434066,0.0,0.0,1,drowsy,img_f_4321 (2).jpg
0.056042599977899496,0.011686119048641766,1.0,0.0,1,drowsy,img_f_3364.jpg
0.17333331540392113,0.0,1.0,0.0,1,drowsy,img_f_15283.jpg
0.0754475139778168,0.011482123239565623,1.0,0.0,1,drowsy,img_f_4379.jpg
0.10360301668962414,0.11638776711744393,1.0,0.0,1,drowsy,image_13630.jpg
0.21885275810062302,0.0077287506929199735,0.0,0.0,1,drowsy,image_13050 (2).jpg
0.08213927126328069,0.008142739256952665,1.0,0.0,1,drowsy,img_f_4437.jpg
0.17786433234060692,0.0,1.0,0.0,1,drowsy,img_d_7192.jpg
0.22871255330097975,0.13691053964437372,0.0,0.0,1,drowsy,image_12267 (2).jpg
0.06310037307077684,0.07884960732525435,1.0,0.0,1,drowsy,image_18995.jpg
0.03245354282196211,0.0,1.0,0.0,1,drowsy,image_986.jpg
0.2050829114500805,0.007737074107525198,0.0,0.0,1,drowsy,img_e_7192.jpg
0.23415433896171106,0.006844019344812407,0.0,0.0,1,drowsy,img_g_10950.jpg
0.19044958866255512,0.0073551285804119276,1.0,0.0,1,drowsy,img_j_18328.jpg
0.23134376197546758,0.0,0.0,0.0,1,drowsy,img_g_8580.jpg
0.21795856023742816,0.09100039868085118,0.0,0.0,1,drowsy,image_9744.jpg
0.23099235607088198,0.0,0.0,0.0,1,drowsy,img_f_15254.jpg
0.2047178495372161,0.0,0.0,0.0,1,drowsy,img_d_16124.jpg
0.14355276459884314,0.0,1.0,0.0,1,drowsy,img_h_6900 (2).jpg
0.09810111648146654,0.10298843408901714,1.0,0.0,1,drowsy,image_13195.jpg
0.17877874166534374,0.0,1.0,0.0,1,drowsy,img_d_1508.jpg
0.029482431949012927,0.011041469498696431,1.0,0.0,1,drowsy,image_15428 (3).jpg
0.18461704332742984,0.013697344839357587,1.0,0.0,1,drowsy,img_d_2001.jpg
0.2362418398595863,0.0,0.0,0.0,1,drowsy,img_g_930.jpg
0.1917735883777264,0.0109599323669037,1.0,0.0,1,drowsy,img_e_14340.jpg
0.21078626438562667,0.019634281266723442,0.0,0.0,1,drowsy,img_d_3451.jpg
0.2628647564499086,0.007999743948291442,0.0,0.0,1,drowsy,image_2970 (2).jpg
0.23942154195871784,0.00685494510329986,0.0,0.0,1,drowsy,img_g_13530.jpg
0.3204757300556881,0.007999743948291442,0.0,0.0,1,drowsy,img_j_3712.jpg
0.22159191684555565,0.012654173162613516,0.0,0.0,1,drowsy,img_d_17574.jpg
0.21591138580947525,0.0,0.0,0.0,1,drowsy,image_2639.jpg
0.31227188396615446,0.0,0.0,0.0,1,drowsy,img_j_3074.jpg
0.23555550968510458,0.0,0.0,0.0,1,drowsy,img_e_3451.jpg
0.23170422695019316,0.006746600116330504,0.0,0.0,1,drowsy,image__522.jpg
0.17921870297117615,0.012969524828394443,1.0,0.0,1,drowsy,img_d_15834.jpg
0.0947291635506819,0.01068282173205575,1.0,0.0,1,drowsy,img_f_1914 (2).jpg
0.11889489526366473,0.10463602102306899,1.0,0.0,1,drowsy,image_13340.jpg
0.21452247183279294,0.0,0.0,0.0,1,drowsy,img_f_8033.jpg
0.20439202900729256,0.0,0.0,0.0,1,drowsy,img_c_7685.jpg
0.21412719813767914,0.0064435717955529095,0.0,0.0,1,drowsy,img_g_3600.jpg
0.211485636923535,0.0,0.0,0.0,1,drowsy,img_d_17951.jpg
0.24066128136667325,0.008367688065496327,0.0,0.0,1,drowsy,img_f_16588.jpg
0.19037450336711925,0.0,1.0,0.0,1,drowsy,img_c_16356.jpg
0.2677475115884048,0.0,0.0,0.0,1,drowsy,img_j_16675.jpg
0.2262546651147375,0.008129476778285035,0.0,0.0,1,drowsy,image_14413.jpg
0.20444171828774543,0.006352952918760902,0.0,0.0,1,drowsy,img_g_2250.jpg
0.16353992350592347,0.0,1.0,0.0,1,drowsy,img_g_6750.jpg
0.008922882468867455,0.2981997213336208,1.0,0.0,1,drowsy,image_300 (4).jpg
0.07186148005176235,0.8837209096809091,1.0,1.0,1,drowsy,image_2040 (2).jpg
0.24553403312717076,0.0,0.0,0.0,1,drowsy,img_f_13427.jpg
0.20354190058971242,0.006665333688773373,0.0,0.0,1,drowsy,img_g_16110.jpg
0.21858511308633494,0.017240738614066782,0.0,0.0,1,drowsy,image_2407.jpg
0.09993162593802235,0.058707047327397836,1.0,0.0,1,drowsy,image_15080.jpg
0.195004322245447,0.00409530076212152,1.0,0.0,1,drowsy,image_10846.jpg
0.06127878554934913,0.012819459160727294,1.0,0.0,1,drowsy,img_c_7134.jpg
0.17344942991408915,0.012794252924975697,1.0,0.0,1,drowsy,img_d_1044.jpg
0.20653678627514765,0.0,0.0,0.0,1,drowsy,img_c_870.jpg
0.15361667108094307,0.0,1.0,0.0,1,drowsy,img_c_9657.jpg
0.2542054148460253,0.007957083760604156,0.0,0.0,1,drowsy,img_f_13369.jpg
0.29779663675784174,0.01201336619707321,0.0,0.0,1,drowsy,img_f_15718.jpg
0.25880552609193075,0.008174508238517836,0.0,0.0,1,drowsy,img_j_8323.jpg
0.06382238521216271,0.050467857048048154,1.0,0.0,1,drowsy,image_17052.jpg
0.25505313861942724,0.008731376929898315,0.0,0.0,1,drowsy,img_f_10208 (2).jpg
0.20596002029031488,0.0,0.0,0.0,1,drowsy,img_c_5858.jpg
0.20984185770478692,0.009325656235717215,0.0,0.0,1,drowsy,img_g_11910.jpg
0.18858471156055207,0.0,1.0,0.0,1,drowsy,img_c_10121.jpg
0.20287616098449432,0.007131223766459766,0.0,0.0,1,drowsy,img_h_12450.jpg
0.22456190579378296,0.0,0.0,0.0,1,drowsy,img_f_10933.jpg
0.21837389838352017,0.0,0.0,0.0,1,drowsy,image_7337 (2).jpg
0.19244988540735858,0.0,1.0,0.0,1,drowsy,image_10701.jpg
0.20706675686419923,0.013687076963362934,0.0,0.0,1,drowsy,img_d_6844.jpg
0.2935267978163848,0.00898280084658088,0.0,0.0,1,drowsy,img_f_15863.jpg
0.22558358394660724,0.11538461316568052,0.0,0.0,1,drowsy,image_630 (2).jpg
0.09373723155691081,0.0,1.0,0.0,1,drowsy,image__12818.jpg
0.2771310225068997,0.008044398830686856,0.0,0.0,1,drowsy,img_j_8294.jpg
0.22872466259239696,0.006410124670061225,0.0,0.0,1,drowsy,img_g_6630.jpg
0.19656853360994503,0.008925014597445248,1.0,0.0,1,drowsy,img_g_3990.jpg
0.2656696475445839,0.04231807134114438,0.0,0.0,1,drowsy,image_4843.jpg
0.23054316678108508,0.006557130303421771,0.0,0.0,1,drowsy,img_g_8190.jpg
0.22949253766791874,0.0176556135682414,0.0,0.0,1,drowsy,img_c_12093.jpg
0.21542745590810164,0.007997696930887328,0.0,0.0,1,drowsy,img_e_4060.jpg
0.20309332332975882,0.0,0.0,0.0,1,drowsy,img_c_14384.jpg
0.06521738988657848,0.05998800239928026,1.0,0.0,1,drowsy,image_1230 (2).jpg
0.20390210174071793,0.0,0.0,0.0,1,drowsy,img_d_9222.jpg
0.2311598523461065,0.011079694666875844,0.0,0.0,1,drowsy,img_e_15300.jpg
0.17940611788060248,0.011897176695928014,1.0,0.0,1,drowsy,img_c_6438.jpg
0.267839312649791,0.0,0.0,0.0,1,drowsy,image__4727.jpg
0.18026254354486376,0.0,1.0,0.0,1,drowsy,img_d_7569.jpg
0.2240128459435441,0.0,0.0,0.0,1,drowsy,img_g_12570.jpg
0.18756432936784662,0.0,1.0,0.0,1,drowsy,img_d_4060.jpg
0.19166272239360727,0.00468323715382048,1.0,0.0,1,drowsy,image__13253.jpg
0.22536807512637624,0.007987485362796603,0.0,0.0,1,drowsy,img_e_11600.jpg
0.05462272544669082,0.007654132173798792,1.0,0.0,1,drowsy,image_15805 (2).jpg
0.2884969513776421,0.01070268820325139,0.0,0.0,1,drowsy,img_e_8100.jpg
0.21264646059476483,0.012803687829355174,0.0,0.0,1,drowsy,img_d_10179.jpg
0.04461940083614429,0.007766185031517429,1.0,0.0,1,drowsy,img_e_14036.jpg
0.22352209807449724,0.0045452667077363436,0.0,0.0,1,drowsy,image__14500.jpg
0.2383232310590931,0.11000229054526928,0.0,0.0,1,drowsy,image_8062.jpg
0.18417894071282942,0.0,1.0,0.0,1,drowsy,img_f_7076.jpg
0.2673921623521912,0.0,0.0,0.0,1,drowsy,image_17110 (2).jpg
0.2544097923049623,0.010298611945859905,0.0,0.0,1,drowsy,img_f_2668.jpg
0.2521971715926665,0.0,0.0,0.0,1,drowsy,img_f_20358.jpg
0.2270382950085304,0.010161321309848162,0.0,0.0,1,drowsy,img_j_15022.jpg
0.10469115135321358,0.012977167126512961,1.0,0.0,1,drowsy,img_d_14848.jpg
0.14154790256412245,0.01332593200426516,1.0,0.0,1,drowsy,img_g_3210.jpg
0.0868631568414614,0.0,1.0,0.0,1,drowsy,img_h_8760.jpg
0.25519593743268976,0.0,0.0,0.0,1,drowsy,img_g_7710.jpg
0.22763995989600241,0.0,0.0,0.0,1,drowsy,img_c_17458.jpg
0.21320350862680854,0.009127948602140227,0.0,0.0,1,drowsy,img_g_15960.jpg
0.2181641684915035,0.012811040536278705,0.0,0.0,1,drowsy,img_d_5829.jpg
0.24235002191032073,0.010480545126088064,0.0,0.0,1,drowsy,img_g_10830.jpg
0.1880848602980278,0.011094003837476057,1.0,0.0,1,drowsy,img_f_6989 (2).jpg
0.27387034833791624,0.0,0.0,0.0,1,drowsy,img_j_10614.jpg
0.20701254918771417,0.013840913213171224,0.0,0.0,1,drowsy,img_g_2640.jpg
0.20872395870720062,0.0,0.0,0.0,1,drowsy,img_c_16008.jpg
0.21293449696013658,0.0,0.0,0.0,1,drowsy,img_d_18096.jpg
0.16450251714270372,0.0,1.0,0.0,1,drowsy,img_c_15515.jpg
0.26295906811356096,0.008473359199846027,0.0,0.0,1,drowsy,img_f_9715.jpg
0.2427954722104893,0.04276335095327001,0.0,0.0,1,drowsy,image__11861.jpg
0.05007475007120951,0.00787988051134252,1.0,0.0,1,drowsy,image_16327 (2).jpg
0.10752604199948845,0.01109946950131746,1.0,0.0,1,drowsy,img_e_11370.jpg
0.25114088198609863,0.0,0.0,0.0,1,drowsy,img_c_16791.jpg
0.2225461969059066,0.006726727894714257,0.0,0.0,1,drowsy,img_g_12000.jpg
0.045038697512212233,0.0688679498713639,1.0,0.0,1,drowsy,img_e_2175.jpg
0.1452287776495494,0.0,1.0,0.0,1,drowsy,img_c_6148.jpg
0.12745534495302474,0.1642283570460616,1.0,0.0,1,drowsy,image_780 (4).jpg
0.14322201487329903,0.0,1.0,0.0,1,drowsy,img_g_16500.jpg
0.20744611078987835,0.0,0.0,0.0,1,drowsy,image__9773.jpg
0.13174622625561172,0.013512279614444692,1.0,0.0,1,drowsy,img_d_2175.jpg
0.23029876398673405,0.010673081850469345,0.0,0.0,1,drowsy,image_12499.jpg
0.1456178674390523,0.0,1.0,0.0,1,drowsy,img_d_10353.jpg
0.2184688235932071,0.0,0.0,0.0,1,drowsy,img_c_6612.jpg
0.08803919956001507,0.0,1.0,0.0,1,drowsy,5.jpg
0.22691265094027654,0.007163904567081453,0.0,0.0,1,drowsy,img_f_2697.jpg
0.22091538545448525,0.008043357888813194,0.0,0.0,1,drowsy,image_12528 (2).jpg
0.2503040326330361,0.007402332047181532,0.0,0.0,1,drowsy,img_j_17806.jpg
0.19308182333960772,0.0,1.0,0.0,1,drowsy,img_d_7743.jpg
0.11282473639468052,0.0,1.0,0.0,1,drowsy,57.jpg
0.2270547133554247,0.02649994650359526,0.0,0.0,1,drowsy,43.jpg
0.2237897303899954,0.003860888736567202,0.0,0.0,1,drowsy,image_3335.jpg
0.17578747884314935,0.0,1.0,0.0,1,drowsy,img_d_5626.jpg
0.1911481047795967,0.012337220017753088,1.0,0.0,1,drowsy,img_d_17400.jpg
0.12959700475326721,0.0,1.0,0.0,1,drowsy,img_e_14220.jpg
0.2011891453024534,0.10511766407849826,0.0,0.0,1,drowsy,55.jpg
0.196700623290652,0.00644959977314952,1.0,0.0,1,drowsy,img_g_5850.jpg
0.2509220876787663,0.00875980544372642,0.0,0.0,1,drowsy,img_f_9918.jpg
0.13177231241574328,0.025316455375741072,1.0,0.0,1,drowsy,img_d_2639.jpg
0.2698576732261283,0.008588834141533129,0.0,0.0,1,drowsy,img_f_10266.jpg
0.12622682161200854,0.007382939374651156,1.0,0.0,1,drowsy,img_f_4582.jpg
0.0681732539398147,0.1241380082889839,1.0,0.0,1,drowsy,7.jpg
0.18678840805583086,0.0,1.0,0.0,1,drowsy,image_9541 (2).jpg
0.22069889064335002,0.003967972785259843,0.0,0.0,1,drowsy,image_3451.jpg
0.09770685398419218,0.00844430759731173,1.0,0.0,1,drowsy,img_f_19256.jpg
0.24173267485031602,0.0777028674791472,0.0,0.0,1,drowsy,41.jpg
0.1687623858953958,0.0,1.0,0.0,1,drowsy,img_c_9251.jpg
0.17773198557216552,0.0,1.0,0.0,1,drowsy,img_d_15573.jpg
0.19953378840207658,0.0,1.0,0.0,1,drowsy,image_2001.jpg
0.1829078744823371,0.024274990974480243,1.0,0.0,1,drowsy,image_15486.jpg
0.07834959039749838,0.0,1.0,0.0,1,drowsy,img_f_2871.jpg
0.1956020225792487,0.41886477225414065,1.0,0.0,1,drowsy,69.jpg
0.11338568963320789,0.0,1.0,0.0,1,drowsy,img_d_14645.jpg
0.18239680049785145,0.00416305445388711,1.0,0.0,1,drowsy,image_1508.jpg
0.12984606458754744,0.0,1.0,0.0,1,drowsy,img_d_14123.jpg
0.20566431123145876,0.0,0.0,0.0,1,drowsy,img_e_4260.jpg
0.24959779759335496,0.0,0.0,0.0,1,drowsy,img_g_9930.jpg
0.19055420849787444,0.008281094267035088,1.0,0.0,1,drowsy,image_13949.jpg
0.10064802397211442,0.007382939374651156,1.0,0.0,1,drowsy,img_e_9744.jpg
0.16854623309294373,0.0,1.0,0.0,1,drowsy,img_f_2639 (2).jpg
0.057927922878645934,0.0,1.0,0.0,1,drowsy,img_f_13021.jpg
0.06777038045357486,0.0,1.0,0.0,1,drowsy,img_f_8294 (2).jpg
0.19858281745282041,0.0,1.0,0.0,1,drowsy,img_d_9744.jpg
0.08336544886733552,0.0,1.0,0.0,1,drowsy,img_e_11400.jpg
0.2411150968964195,0.0077444953180773836,0.0,0.0,1,drowsy,img_j_16501.jpg
0.20860238925720728,0.0,0.0,0.0,1,drowsy,img_h_4170.jpg
0.22540197433279968,0.07269406054904658,0.0,0.0,1,drowsy,image_12470.jpg
0.1705440877481231,0.008250667747379545,1.0,0.0,1,drowsy,img_f_5887.jpg
0.26537528806699007,0.0,0.0,0.0,1,drowsy,image_2940.jpg
0.2017968795831251,0.013147655398310407,0.0,0.0,1,drowsy,img_d_16907.jpg
0.15782686081676708,0.0,1.0,0.0,1,drowsy,img_e_12690.jpg
0.16088445780477892,0.0,1.0,0.0,1,drowsy,image_8410 (2).jpg
0.22106351845525032,0.14715525465454032,0.0,0.0,1,drowsy,image_7192.jpg
0.21669854400972788,0.006746600102998997,0.0,0.0,1,drowsy,img_g_2130.jpg
0.2540266800724654,0.007758467837119792,0.0,0.0,1,drowsy,img_f_1363.jpg
0.15280100753615786,0.008017722655010988,1.0,0.0,1,drowsy,image_16269 (2).jpg
0.057471375782369605,0.0,1.0,0.0,1,drowsy,image_600.jpg
0.1846143156056514,0.008469711344703267,1.0,0.0,1,drowsy,img_a_195.jpg
0.2737211273173039,0.008196721244289171,0.0,0.0,1,drowsy,image_2790 (2).jpg
0.11598363361253239,0.09782672986438629,1.0,0.0,1,drowsy,image_13746.jpg
0.32757340984994865,0.04072652472642038,0.0,0.0,1,drowsy,img_f_17284.jpg
0.16939224088482682,0.008759805482093515,1.0,0.0,1,drowsy,image__11687.jpg
0.13452537788942148,0.6590146649437175,1.0,1.0,1,drowsy,image_1050.jpg
0.18438699468406075,0.010817924890239087,1.0,0.0,1,drowsy,img_e_5340.jpg
0.2253901832457963,0.0,0.0,0.0,1,drowsy,img_c_4205.jpg
0.19484516002220098,0.0,1.0,0.0,1,drowsy,image_570 (2).jpg
0.20251701789119406,0.0,0.0,0.0,1,drowsy,img_d_18241.jpg
0.02864638821509223,0.0775132163326426,1.0,0.0,1,drowsy,image_19082.jpg
0.06360091739196055,0.010810652794293652,1.0,0.0,1,drowsy,img_f_8033 (2).jpg
0.23432212096308808,0.006808552509822791,0.0,0.0,1,drowsy,img_g_13650.jpg
0.14945653207986279,0.0,1.0,0.0,1,drowsy,image_17806 (2).jpg
0.18471251242203945,0.0,1.0,0.0,1,drowsy,img_d_2349.jpg
0.1659887075625338,0.0,1.0,0.0,1,drowsy,img_e_8670.jpg
0.19764142244477834,0.007849719109889805,1.0,0.0,1,drowsy,img_f_6815.jpg
0.0688872626743483,0.00423542541458773,1.0,0.0,1,drowsy,image__17023.jpg
0.17964483100695006,0.015377337657024464,1.0,0.0,1,drowsy,img_d_2407.jpg
0.20486382653565208,0.0,0.0,0.0,1,drowsy,img_c_5655.jpg
0.17697667409514822,0.0,1.0,0.0,1,drowsy,img_c_5133.jpg
0.21217613496061766,0.0,0.0,0.0,1,drowsy,image_7279 (2).jpg
0.1583308035309929,0.02100622109995842,1.0,0.0,1,drowsy,image_16414.jpg
0.203229465079189,0.014479074549125377,0.0,0.0,1,drowsy,img_c_7917.jpg
0.1705889020412957,0.0,1.0,0.0,1,drowsy,img_d_4089.jpg
0.08365999262475354,0.0,1.0,0.0,1,drowsy,img_f_4031.jpg
0.22710501327772648,0.011802748255382694,0.0,0.0,1,drowsy,image__6873.jpg
0.036246594080472275,0.0,1.0,0.0,1,drowsy,img_d_12963.jpg
0.06373617524713546,0.007873039487710731,1.0,0.0,1,drowsy,img_e_4089.jpg
0.20515826328957268,0.0,0.0,0.0,1,drowsy,img_a_5160.jpg
0.08449233437939886,0.08803657934249835,1.0,0.0,1,drowsy,image_15109.jpg
0.17715922279532065,0.0,1.0,0.0,1,drowsy,img_h_13980.jpg
0.09366361461184217,0.011301780023730721,1.0,0.0,1,drowsy,img_f_5307.jpg
0.1409969821038436,0.0,1.0,0.0,1,drowsy,image_1170 (2).jpg
0.21957871731130832,0.007874015686031372,0.0,0.0,1,drowsy,img_e_638.jpg
0.19122065881131087,0.018360217346191848,1.0,0.0,1,drowsy,img_d_8062.jpg
0.2125976809830265,0.0,0.0,0.0,1,drowsy,img_b_13688.jpg
0.2115099133234437,0.007619393119539442,0.0,0.0,1,drowsy,img_e_10440.jpg
0.18436200126687827,0.0,1.0,0.0,1,drowsy,img_d_5220.jpg
0.23138628686315357,0.009256680321685194,0.0,0.0,1,drowsy,img_g_16890.jpg
0.11134716882255853,0.008221616010413204,1.0,0.0,1,drowsy,image_16791 (2).jpg
0.19923543545202826,0.0,1.0,0.0,1,drowsy,img_c_18386.jpg
0.30390575784756735,0.007635367637698972,0.0,0.0,1,drowsy,img_j_1305.jpg
0.2511233403839706,0.007979344211185378,0.0,0.0,1,drowsy,img_e_8062.jpg
0.1767819624359031,0.007788766668626078,1.0,0.0,1,drowsy,img_e_5220.jpg
0.13929391103055,0.04506471599932858,1.0,0.0,1,drowsy,image_4060.jpg
0.1293339017822486,0.00850948264760179,1.0,0.0,1,drowsy,image_10498 (2).jpg
0.1901645316863197,0.10778564956548972,1.0,0.0,1,drowsy,image_7569.jpg
0.07818600825174969,0.01628655828435942,1.0,0.0,1,drowsy,image_1350 (3).jpg
0.21073097947278374,0.06110682897453825,0.0,0.0,1,drowsy,image_9222.jpg
0.18769139311630273,0.0,1.0,0.0,1,drowsy,img_c_696.jpg
0.23328143209445112,0.006074287193379387,0.0,0.0,1,drowsy,image__18270.jpg
0.21389758612566837,0.006974613226308847,0.0,0.0,1,drowsy,img_g_12360.jpg
0.2355355787848747,0.007131223766459766,0.0,0.0,1,drowsy,img_j_14935.jpg
0.19897539116330343,0.014910433425617804,1.0,0.0,1,drowsy,img_c_7888.jpg
0.17384201517420111,0.012969524828394443,1.0,0.0,1,drowsy,img_d_11339.jpg
0.20349971624427515,0.0,0.0,0.0,1,drowsy,img_d_17748.jpg
0.19238926786514632,0.0,1.0,0.0,1,drowsy,img_d_4843.jpg
0.2415497189675107,0.008328707488792251,0.0,0.0,1,drowsy,img_f_20010.jpg
0.2416219261424975,0.008388860208408502,0.0,0.0,1,drowsy,img_f_17864.jpg
0.21697498393839465,0.0,0.0,0.0,1,drowsy,img_f_19691.jpg
0.18110404063179494,0.008619408551128189,1.0,0.0,1,drowsy,img_e_4843.jpg
0.244592586295436,0.006632851577557203,0.0,0.0,1,drowsy,img_g_2520.jpg
0.22947433256258876,0.0,0.0,0.0,1,drowsy,image_6844.jpg
0.13813432949015722,0.006389645896545717,1.0,0.0,1,drowsy,img_k_8490.jpg
0.14280384883064595,0.7601244187470111,1.0,1.0,1,drowsy,image_750 (3).jpg
0.27073275744099495,0.4718306144401909,0.0,0.0,1,drowsy,image_210.jpg
0.24233862861517852,0.00909673732219397,0.0,0.0,1,drowsy,img_g_7470.jpg
0.25278524191074586,0.40472323630933477,0.0,0.0,1,drowsy,image_1440 (4).jpg
0.2710654059128066,0.0,0.0,0.0,1,drowsy,img_f_1015.jpg
0.13758510300415527,0.0,1.0,0.0,1,drowsy,img_h_5130.jpg
0.2630666363642362,0.010409609513867256,0.0,0.0,1,drowsy,image_14297 (2).jpg
0.2889453123077016,0.0,0.0,0.0,1,drowsy,image_17864 (2).jpg
0.07651530516233175,0.009173925775075276,1.0,0.0,1,drowsy,img_f_12934.jpg
0.21187663650861818,0.10532097134137738,0.0,0.0,1,drowsy,image_1440.jpg
0.22137857603852384,0.0,0.0,0.0,1,drowsy,img_d_3335.jpg
0.09813998509962119,0.11171422997645819,1.0,0.0,1,drowsy,image_7743.jpg
0.18872267115767566,0.0,1.0,0.0,1,drowsy,img_d_11107.jpg
0.04181041276400144,0.014874102871357599,1.0,0.0,1,drowsy,image__14674.jpg
0.304933195439379,0.010597002419619164,0.0,0.0,1,drowsy,img_e_14430.jpg
0.18884183316966574,0.0,1.0,0.0,1,drowsy,img_c_7308.jpg
0.03480742287963089,0.00806346729411053,1.0,0.0,1,drowsy,img_e_3335.jpg
0.06601441173297018,0.17037179220848506,1.0,0.0,1,drowsy,image_30 (3).jpg
0.11269099483229404,0.004149341855994398,1.0,0.0,1,drowsy,image_2175.jpg
0.1829923369659414,0.00787377160240869,1.0,0.0,1,drowsy,img_e_406.jpg
0.1683606834919233,0.013687076963362934,1.0,0.0,1,drowsy,img_d_4466.jpg
0.07470980518613643,0.009900504741592991,1.0,0.0,1,drowsy,image_0010.jpg
0.19786149742022763,0.0,1.0,0.0,1,drowsy,img_d_12354.jpg
0.10628633867565945,0.008264180519112698,1.0,0.0,1,drowsy,img_e_4466.jpg
0.1994593602149337,0.0,1.0,0.0,1,drowsy,image_990.jpg
0.24208645173236043,0.006595955896446359,0.0,0.0,1,drowsy,img_g_15180.jpg
0.0867565009634651,0.06789175621717101,1.0,0.0,1,drowsy,image_16762.jpg
0.24875403129202212,0.01136804102933536,0.0,0.0,1,drowsy,img_e_17850.jpg
0.27761863071986675,0.7627332841761721,0.0,1.0,1,drowsy,image_2820.jpg
0.21443598787905258,0.32192421527492376,0.0,0.0,1,drowsy,image_960 (4).jpg
0.14678668603711778,0.0,1.0,0.0,1,drowsy,img_d_12383.jpg
0.22257694925075677,0.010185010442849442,0.0,0.0,1,drowsy,img_h_1140.jpg
0.1781841621270554,0.0,1.0,0.0,1,drowsy,img_d_14094.jpg
0.29290835846940877,0.011759010757020247,0.0,0.0,1,drowsy,image__16936.jpg
0.14336629371511062,0.0,1.0,0.0,1,drowsy,img_e_12900.jpg
0.23551354029234073,0.0,0.0,0.0,1,drowsy,img_c_10527.jpg
0.23659659902954053,0.0,0.0,0.0,1,drowsy,img_j_11455.jpg
0.2541054196065706,0.0,0.0,0.0,1,drowsy,img_g_5070.jpg
0.15726994458904026,0.0,1.0,0.0,1,drowsy,img_f_261.jpg
0.2368174076193304,0.010185010442849442,0.0,0.0,1,drowsy,img_b_3190.jpg
0.2565726882831775,0.00732900718479422,0.0,0.0,1,drowsy,img_f_4408.jpg
0.03841248280453875,0.010852589185380247,1.0,0.0,1,drowsy,image_18125 (2).jpg
0.1972560628875432,0.013332148128403257,1.0,0.0,1,drowsy,img_d_29.jpg
0.20055337594063932,0.0,0.0,0.0,1,drowsy,img_d_9802.jpg
0.2588658925922681,0.0,0.0,0.0,1,drowsy,img_f_20213.jpg
0.17596668068999194,0.0,1.0,0.0,1,drowsy,img_d_6264.jpg
0.2338817159129833,0.10195592170677117,0.0,0.0,1,drowsy,image_2160.jpg
0.22027903179254305,0.004491355142360966,0.0,0.0,1,drowsy,image__12238.jpg
0.23521555199794653,0.010775449086704924,0.0,0.0,1,drowsy,image_17951 (2).jpg
0.24957608499613818,0.0,0.0,0.0,1,drowsy,img_j_15196.jpg
0.21444814478159743,0.011983139499281089,0.0,0.0,1,drowsy,image_7018.jpg
0.24687555773423325,0.012491220040334178,0.0,0.0,1,drowsy,img_d_10556.jpg
0.1607247668229589,0.0,1.0,0.0,1,drowsy,img_d_11890.jpg
0.20157094848400242,0.006527031336773871,0.0,0.0,1,drowsy,img_g_2910.jpg
0.07879367046515834,0.0,1.0,0.0,1,drowsy,img_c_5278.jpg
0.2290711307827427,0.0,0.0,0.0,1,drowsy,img_d_1537.jpg
0.20420305588935733,0.006849957757467965,0.0,0.0,1,drowsy,img_g_15630.jpg
0.23276548891772647,0.008594859502633346,0.0,0.0,1,drowsy,img_f_16762.jpg
0.1594999514521392,0.0,1.0,0.0,1,drowsy,img_c_6003.jpg
0.12455550853901716,0.2829684988761262,1.0,0.0,1,drowsy,image_1320 (4).jpg
0.19745901044815872,0.0,1.0,0.0,1,drowsy,img_c_8990.jpg
0.21609595719014563,0.008972670409112479,0.0,0.0,1,drowsy,img_h_1800.jpg
0.14717607865369597,0.0094339621751513,1.0,0.0,1,drowsy,image_9135 (2).jpg
0.22979243696224524,0.0,0.0,0.0,1,drowsy,img_f_20039.jpg
0.18420301569561104,0.0,1.0,0.0,1,drowsy,img_d_9396.jpg
0.25450742102936175,0.007723907755619047,0.0,0.0,1,drowsy,img_j_17226.jpg
0.12550575477788792,0.15183575514832023,1.0,0.0,1,drowsy,image_1290 (2).jpg
0.12988038706884902,0.03558090531121898,1.0,0.0,1,drowsy,image_11455 (2).jpg
0.17806854128041935,0.020905684681963008,1.0,0.0,1,drowsy,image_3915.jpg
0.17096773288259537,0.0,1.0,0.0,1,drowsy,img_d_14297.jpg
0.15945764835254025,0.017458096086367565,1.0,0.0,1,drowsy,img_d_12180.jpg
0.22451048796603096,0.0,0.0,0.0,1,drowsy,img_c_10730.jpg
0.21607009433533636,0.2015435293433512,0.0,0.0,1,drowsy,image__8903.jpg
0.06326435738250648,0.0,1.0,0.0,1,drowsy,img_e_9396.jpg
0.21374700623663734,0.0,0.0,0.0,1,drowsy,img_j_7946.jpg
0.20298769073492057,0.0,0.0,0.0,1,drowsy,img_c_15660.jpg
0.22649868084600852,0.0,0.0,0.0,1,drowsy,img_g_17580.jpg
0.19148182541457823,0.0,1.0,0.0,1,drowsy,img_g_13080.jpg
0.18334031802622436,0.034296156773276944,1.0,0.0,1,drowsy,image_11368 (2).jpg
0.1681340183861007,0.0,1.0,0.0,1,drowsy,image_10672 (2).jpg
0.12418908384903973,0.4506866952341454,1.0,0.0,1,drowsy,image_1680.jpg
0.04849534151828137,0.007457496809697507,1.0,0.0,1,drowsy,img_e_10469.jpg
0.11658970013647868,0.01638463822055349,1.0,0.0,1,drowsy,img_e_17460.jpg
0.18818866412376115,0.05616559538822826,1.0,0.0,1,drowsy,image_12934.jpg
0.2659405832540702,0.012982634189551132,0.0,0.0,1,drowsy,img_c_5046.jpg
0.2262678564681547,0.0,0.0,0.0,1,drowsy,img_c_17922.jpg
0.21887331563002996,0.0,0.0,0.0,1,drowsy,img_d_16443.jpg
0.15866234101831,0.0,1.0,0.0,1,drowsy,img_h_1380.jpg
0.15252087885594232,0.0,1.0,0.0,1,drowsy,img_f_6960.jpg
0.21169956643299645,0.0,0.0,0.0,1,drowsy,img_j_5162.jpg
0.2703236483065777,0.008367688065496327,0.0,0.0,1,drowsy,img_f_10585 (2).jpg
0.09851203863932669,0.10820983037239044,1.0,0.0,1,drowsy,image_7540.jpg
0.07517008809029677,0.5813953353163875,1.0,0.0,1,drowsy,image_690 (2).jpg
0.1967427391457096,0.009006998848291689,1.0,0.0,1,drowsy,img_g_11640.jpg
0.1472002276195255,0.0,1.0,0.0,1,drowsy,img_d_11310.jpg
0.16749691393890542,0.0,1.0,0.0,1,drowsy,img_d_14268.jpg
0.10539153648097352,0.005387880963272646,1.0,0.0,1,drowsy,image_19691.jpg
0.10541353012066533,0.046101032151908444,1.0,0.0,1,drowsy,image_17864.jpg
0.17914830556895633,0.0,1.0,0.0,1,drowsy,img_d_6728.jpg
0.22883078507505347,0.006412101009366673,0.0,0.0,1,drowsy,img_g_5460.jpg
0.03441439716170534,0.010572395802984485,1.0,0.0,1,drowsy,image_15515 (2).jpg
0.23674488453827403,0.007905447046562658,0.0,0.0,1,drowsy,img_f_7511.jpg
0.1766770866200351,0.02482817645259159,1.0,0.0,1,drowsy,image_11629 (2).jpg
0.2594341613360329,0.00807792385196734,0.0,0.0,1,drowsy,img_f_1160.jpg
0.22087875495288706,0.02046706624946712,0.0,0.0,1,drowsy,image_14558.jpg
0.08987090068259593,0.007983666096723848,1.0,0.0,1,drowsy,image_17458 (2).jpg
0.041926143599329724,0.0075649111401246485,1.0,0.0,1,drowsy,image_14732 (2).jpg
0.26136252142272987,0.0,0.0,0.0,1,drowsy,image__9599.jpg
0.21865751975581715,0.0,0.0,0.0,1,drowsy,img_f_4756.jpg
0.21151715938384644,0.14086607676696,0.0,0.0,1,drowsy,image_6931.jpg
0.22018873067210212,0.014284256578810155,0.0,0.0,1,drowsy,img_d_1682.jpg
0.23854809413046368,0.0,0.0,0.0,1,drowsy,img_h_2070.jpg
0.24174284449874273,0.0,0.0,0.0,1,drowsy,img_b_16646.jpg
0.20388944910621193,0.0,0.0,0.0,1,drowsy,img_f_8178.jpg
0.088413386936055,0.008620369269878008,1.0,0.0,1,drowsy,img_f_19082.jpg
0.18242927899579015,0.05979521620880252,1.0,0.0,1,drowsy,image_12673.jpg
0.07581224961251884,0.6313437866207344,1.0,1.0,1,drowsy,image_990 (6).jpg
0.20322870638215512,0.0,0.0,0.0,1,drowsy,image_0401.jpg
0.2318945210588969,0.0,0.0,0.0,1,drowsy,image__10759.jpg
0.04191898248057496,0.008051696757454924,1.0,0.0,1,drowsy,img_e_11165.jpg
0.11694858593586983,0.08111513287210997,1.0,0.0,1,drowsy,image_9425.jpg
0.27871205134283594,0.0,0.0,0.0,1,drowsy,img_i_7685.jpg
0.2089890293525586,0.0,0.0,0.0,1,drowsy,img_g_14670.jpg
0.04437967841890395,0.0,1.0,0.0,1,drowsy,img_f_3944.jpg
0.23094135401362864,0.0,0.0,0.0,1,drowsy,img_f_15109.jpg
0.2078377278252413,0.009905360577500483,0.0,0.0,1,drowsy,img_g_14880.jpg
0.21498373798181095,0.007279902362021177,0.0,0.0,1,drowsy,img_e_8671.jpg
0.07116947744610239,0.0,1.0,0.0,1,drowsy,img_f_4959.jpg
0.34094869517381854,0.5272376324739592,0.0,0.0,1,drowsy,image_1830 (5).jpg
0.1689009849871646,0.0,1.0,0.0,1,drowsy,img_d_8671.jpg
0.23406465004863097,0.012397752630371404,0.0,0.0,1,drowsy,img_f_16414.jpg
0.25622808521247326,0.0,0.0,0.0,1,drowsy,img_j_8526.jpg
0.26566924305876594,0.0,0.0,0.0,1,drowsy,image_3120.jpg
0.1924421868551881,0.0,1.0,0.0,1,drowsy,img_c_14152.jpg
0.24597789731995742,0.0,0.0,0.0,1,drowsy,img_f_8352.jpg
0.186967731892955,0.008450033675986597,1.0,0.0,1,drowsy,img_f_14239 (2).jpg
0.255591216857532,0.0,0.0,0.0,1,drowsy,img_h_14220.jpg
0.23334809533513812,0.0,0.0,0.0,1,drowsy,img_j_15747.jpg
0.09558309512334381,0.09091419036677978,1.0,0.0,1,drowsy,image_13021.jpg
0.12307670269717969,0.0,1.0,0.0,1,drowsy,image_210 (2).jpg
0.22317970124800823,0.0,0.0,0.0,1,drowsy,img_c_5481.jpg
0.2679618181068378,0.007441992426779276,0.0,0.0,1,drowsy,img_f_5104.jpg
0.25340493444847045,0.006783754675210611,0.0,0.0,1,drowsy,img_g_1410.jpg
0.2308412905695752,0.0,0.0,0.0,1,drowsy,img_c_16037.jpg
0.21366734514858665,0.0,0.0,0.0,1,drowsy,img_c_522.jpg
0.24231182023393816,0.0,0.0,0.0,1,drowsy,img_f_13949.jpg
0.07097117243441099,0.008415552777627733,1.0,0.0,1,drowsy,img_f_15486.jpg
0.18533181934588472,0.006661339680438483,1.0,0.0,1,drowsy,img_g_660.jpg
0.12233227527779961,0.0,1.0,0.0,1,drowsy,img_g_17190.jpg
0.10827113016711304,0.012649110480673518,1.0,0.0,1,drowsy,img_d_14877.jpg
0.03490564693009254,0.07438760673380578,1.0,0.0,1,drowsy,image_19256.jpg
0.20774153803924605,0.0,0.0,0.0,1,drowsy,img_d_9976.jpg
0.11730265234733406,0.0,1.0,0.0,1,drowsy,img_e_10092.jpg
0.12154928767011712,0.009066961890142873,1.0,0.0,1,drowsy,img_h_6000.jpg
0.20607664931203923,0.006992323098328207,0.0,0.0,1,drowsy,img_h_11370.jpg
0.20590691291790814,0.10114678751740584,0.0,0.0,1,drowsy,image_16617.jpg
0.205108703873952,0.14432524308539985,0.0,0.0,1,drowsy,image_1290.jpg
0.2574295765350085,0.0,0.0,0.0,1,drowsy,img_j_14471.jpg
0.19207679952128398,0.09225190631731045,1.0,0.0,1,drowsy,image_10266.jpg
0.23879943680640858,0.0,0.0,0.0,1,drowsy,img_d_13659.jpg
0.1890368815755743,0.011687715294920496,1.0,0.0,1,drowsy,image__10150 (2).jpg
0.245812972821096,0.0,0.0,0.0,1,drowsy,img_c_3741.jpg
0.1934947600560529,0.014279886745523327,1.0,0.0,1,drowsy,img_d_2610.jpg
0.22072072251340674,0.0751907489707426,0.0,0.0,1,drowsy,image_17284.jpg
0.2671601422055166,0.0,0.0,0.0,1,drowsy,img_f_13746.jpg
0.23337165017960854,0.0,0.0,0.0,1,drowsy,img_b_3741.jpg
0.2216002123072499,0.3649489944158176,0.0,0.0,1,drowsy,68.jpg
0.18488411915888397,0.09613607038919773,1.0,0.0,1,drowsy,image_0171.jpg
0.24958403323221565,0.0,0.0,0.0,1,drowsy,image_3450.jpg
0.09713326200576333,0.0,1.0,0.0,1,drowsy,image_0159.jpg
0.2590095336417892,0.0,0.0,0.0,1,drowsy,img_f_6380.jpg
0.3062828018848842,0.010480545126088064,0.0,0.0,1,drowsy,img_j_3103.jpg
0.1554668872440385,0.020340501949990666,1.0,0.0,1,drowsy,40.jpg
0.1446955790115414,0.012642032923487357,1.0,0.0,1,drowsy,img_d_17371.jpg
0.2237840851515488,0.0,0.0,0.0,1,drowsy,img_g_11250.jpg
0.07502303787058692,0.0,1.0,0.0,1,drowsy,img_f_12470.jpg
0.17584664152680018,0.0,1.0,0.0,1,drowsy,img_c_6177.jpg
0.14723159954988535,0.0,1.0,0.0,1,drowsy,img_d_12209.jpg
0.07453559749317211,0.2044195146685731,1.0,0.0,1,drowsy,54.jpg
0.22930908813683692,0.006862688983450911,0.0,0.0,1,drowsy,img_g_15750.jpg
0.04125443134824473,0.09660723362556271,1.0,0.0,1,drowsy,image_18821.jpg
0.22273648291805853,0.0,0.0,0.0,1,drowsy,6.jpg
0.20486298197276892,0.009430186182778095,0.0,0.0,1,drowsy,img_g_7920.jpg
0.07220596650151186,0.007760336559439156,1.0,0.0,1,drowsy,img_f_8381.jpg
0.20396370153528798,0.0,0.0,0.0,1,drowsy,img_d_12557.jpg
0.16959581527160666,0.0,1.0,0.0,1,drowsy,img_d_13891.jpg
0.20021538864350708,0.0,0.0,0.0,1,drowsy,img_c_14181.jpg
0.30528316745634254,0.0,0.0,0.0,1,drowsy,image__14703 (2).jpg
0.19481559493764222,0.009861913687158158,1.0,0.0,1,drowsy,img_g_14310.jpg
0.17033350659081736,0.8002496702367535,1.0,1.0,1,drowsy,image_510 (4).jpg
0.24107292678028774,0.008664587340092199,0.0,0.0,1,drowsy,img_j_12789.jpg
0.22750486768534225,0.47875125422474757,0.0,0.0,1,drowsy,78.jpg
0.17851398354563125,0.2029769333192433,1.0,0.0,1,drowsy,image_2010.jpg
0.22333618245034792,0.01234473812927683,0.0,0.0,1,drowsy,img_c_5452.jpg
0.2556010694509637,0.0,0.0,0.0,1,drowsy,img_j_17197.jpg
0.2664250567293257,0.007927026676233809,0.0,0.0,1,drowsy,img_f_14993.jpg
0.11870919111111122,0.07743441517635404,1.0,0.0,1,drowsy,image_16820.jpg
0.11685590786517351,0.07960297363264075,1.0,0.0,1,drowsy,2.jpg
0.1670339264761358,0.041522739064801036,1.0,0.0,1,drowsy,50.jpg
0.07778625263528383,0.0740980029145352,1.0,0.0,1,drowsy,image_19285.jpg
0.22918802699601049,0.009300816586385652,0.0,0.0,1,drowsy,img_g_6390.jpg
0.2351501307278695,0.008062156906967873,0.0,0.0,1,drowsy,img_e_16356.jpg
0.18935507823620204,0.17909626029578382,1.0,0.0,1,drowsy,44.jpg
0.26609245242258,0.00806346729411053,0.0,0.0,1,drowsy,img_b_17951.jpg
0.20437691188124013,0.0,0.0,0.0,1,drowsy,image__12412.jpg
0.2034961554680168,0.008984250878426372,0.0,0.0,1,drowsy,img_g_8430.jpg
0.1984593478917833,0.0,1.0,0.0,1,drowsy,img_c_10324.jpg
0.24937390003233487,0.0,0.0,0.0,1,drowsy,img_f_6409.jpg
0.07229434922648266,0.18352065907218812,1.0,0.0,1,drowsy,image_210 (3).jpg
0.12963335062582587,0.1798176397739714,1.0,0.0,1,drowsy,image_1980 (2).jpg
0.2608576537887732,0.0,0.0,0.0,1,drowsy,img_j_17632.jpg
0.24096095159690584,0.00951302981909832,0.0,0.0,1,drowsy,img_g_5100.jpg
0.18596538386899067,0.012642032923487357,1.0,0.0,1,drowsy,img_c_11774.jpg
0.13910268440384838,0.23869610389552096,1.0,0.0,1,drowsy,img_g_9060.jpg
0.143943429602662,0.35064637593219283,1.0,0.0,1,drowsy,image_1110 (4).jpg
0.2583756342264808,0.0,0.0,0.0,1,drowsy,img_j_17168.jpg
0.18548676852873175,0.012642032923487357,1.0,0.0,1,drowsy,img_d_957.jpg
0.22976500402613242,0.0,0.0,0.0,1,drowsy,image_6060.jpg
0.17721871473081047,0.0,1.0,0.0,1,drowsy,img_d_14442.jpg
0.32939189364101973,0.010637695824199184,0.0,0.0,1,drowsy,img_e_2370.jpg
0.22564237344585006,0.013892641180041788,0.0,0.0,1,drowsy,img_g_6810.jpg
0.23840021167258796,0.008415552777627733,0.0,0.0,1,drowsy,img_f_18415.jpg
0.20342600500905603,0.0,0.0,0.0,1,drowsy,img_c_7047.jpg
0.1791042148641553,0.014062207986997055,1.0,0.0,1,drowsy,img_d_6670.jpg
0.16905140626359605,0.0,1.0,0.0,1,drowsy,img_d_16269.jpg
0.08156168560657201,0.01151633589884123,1.0,0.0,1,drowsy,image_16066 (2).jpg
0.17204928376760345,0.012987012818350484,1.0,0.0,1,drowsy,img_d_13311.jpg
0.23785859114266794,0.32134767677293097,0.0,0.0,1,drowsy,img_e_5423.jpg
0.2278726391167093,0.12667603883402595,0.0,0.0,1,drowsy,image_7424.jpg
0.19366564827002242,0.0,1.0,0.0,1,drowsy,img_f_4785.jpg
0.1172685022774959,0.009797331894077239,1.0,0.0,1,drowsy,img_g_11730.jpg
0.19270034036043202,0.010098949439295813,1.0,0.0,1,drowsy,image_14616 (2).jpg
0.1847973608507443,0.0,1.0,0.0,1,drowsy,img_d_5423.jpg
0.09210035320588633,0.5483517531512482,1.0,0.0,1,drowsy,image_1830 (4).jpg
0.14322207818579036,0.008264180519112698,1.0,0.0,1,drowsy,image__12180 (2).jpg
0.2962874540315036,0.004272880021490372,0.0,0.0,1,drowsy,image_1914.jpg
0.2264836711559709,0.006944276953289338,0.0,0.0,1,drowsy,img_g_300.jpg
0.2398170639294368,0.006665333688773373,0.0,0.0,1,drowsy,img_g_1170.jpg
0.1598294932457217,0.0,1.0,0.0,1,drowsy,image_7946 (2).jpg
0.14164088713823297,0.017135249250884645,1.0,0.0,1,drowsy,image_11513 (2).jpg
0.259575349670499,0.013508580544923399,0.0,0.0,1,drowsy,img_b_58.jpg
0.19312016501574902,0.007352146166884024,1.0,0.0,1,drowsy,img_h_11610.jpg
0.25936658372341126,0.006670818645939307,0.0,0.0,1,drowsy,img_g_9510.jpg
0.05166314126430713,0.0,1.0,0.0,1,drowsy,image_15747 (2).jpg
0.20395325781695722,0.008836073867836828,0.0,0.0,1,drowsy,img_g_4020.jpg
0.2439635706249893,0.0,0.0,0.0,1,drowsy,img_c_17661.jpg
0.22555531561740244,0.012649110480673518,0.0,0.0,1,drowsy,img_d_10817.jpg
0.08787781861850744,0.16111631021149028,1.0,0.0,1,drowsy,image_990 (7).jpg
0.05701863051648019,0.12106293294651935,1.0,0.0,1,drowsy,image_7395.jpg
0.27973944160130515,0.011081055056658623,0.0,0.0,1,drowsy,img_e_13170.jpg
0.25344473001210754,0.0,0.0,0.0,1,drowsy,img_f_15051.jpg
0.1431198943666709,0.053805059150617805,1.0,0.0,1,drowsy,image_11571 (2).jpg
0.23022573821084616,0.0,0.0,0.0,1,drowsy,img_g_10200.jpg
0.12709497160488775,0.0,1.0,0.0,1,drowsy,img_h_150.jpg
0.12801808687918614,0.10891854916190107,1.0,0.0,1,drowsy,image_9541.jpg
0.21085107675041864,0.009899049420116752,0.0,0.0,1,drowsy,img_g_14700.jpg
0.19152381591353218,0.0,1.0,0.0,1,drowsy,img_d_406.jpg
0.14311681688882807,0.0,1.0,0.0,1,drowsy,image_19865.jpg
0.19171620349355606,0.02934552644749945,1.0,0.0,1,drowsy,image_17690.jpg
0.23490813424258247,0.007633365326785458,0.0,0.0,1,drowsy,image_12930.jpg
0.17804619230026247,0.013888888695987657,1.0,0.0,1,drowsy,img_d_2204.jpg
0.22766892351978396,0.007733140256758393,0.0,0.0,1,drowsy,img_f_11223.jpg
0.1702754677396962,0.012969524828394443,1.0,0.0,1,drowsy,img_d_8729.jpg
0.19443402484721456,0.013867504713323039,1.0,0.0,1,drowsy,img_d_3654.jpg
0.18298381719675522,0.013147655398310407,1.0,0.0,1,drowsy,img_d_348.jpg
0.23971911439461852,0.00874472052575327,0.0,0.0,1,drowsy,img_f_12702.jpg
0.07611386682225024,0.008209693586619665,1.0,0.0,1,drowsy,img_f_12064.jpg
0.11447709892420171,0.3825933443808433,1.0,0.0,1,drowsy,image_690 (3).jpg
0.23207499497975348,0.0,0.0,0.0,1,drowsy,img_d_3132.jpg
0.21960699551405388,0.012464023028450654,0.0,0.0,1,drowsy,img_g_6780.jpg
0.08763194802459903,0.007688668887627861,1.0,0.0,1,drowsy,img_e_3654.jpg
0.030261770555423055,0.011048206210374095,1.0,0.0,1,drowsy,img_e_3132.jpg
0.20585645337957514,0.006547004324088309,0.0,0.0,1,drowsy,img_g_2280.jpg
0.2620994510380815,0.008290551557740194,0.0,0.0,1,drowsy,img_f_8961.jpg
0.16523977027284623,0.0,1.0,0.0,1,drowsy,image_8236 (2).jpg
0.2008004279726432,0.0,0.0,0.0,1,drowsy,img_a_9165.jpg
0.12503892027657254,0.04644369198130693,1.0,0.0,1,drowsy,image_18212.jpg
0.1492452179332748,0.1607896254785262,1.0,0.0,1,drowsy,image_1860.jpg
0.19696059148195222,0.0965221812812236,1.0,0.0,1,drowsy,image_16559.jpg
0.1318856848632839,0.008318039819350788,1.0,0.0,1,drowsy,img_f_3161.jpg
0.21248529578824382,0.007402332047181532,0.0,0.0,1,drowsy,img_e_8932.jpg
0.10918456823876964,0.007611443368064121,1.0,0.0,1,drowsy,img_f_5510.jpg
0.27898680745626947,0.24157735641683703,0.0,0.0,1,drowsy,image_900 (2).jpg
0.2929035230270697,0.9361704205274728,0.0,1.0,1,drowsy,image_1290 (3).jpg
0.05223327399773357,0.010691060530880567,1.0,0.0,1,drowsy,image_14674 (2).jpg
0.057356123617540264,0.038328663772603695,1.0,0.0,1,drowsy,image_18560.jpg
0.12528021583506316,0.0,1.0,0.0,1,drowsy,img_d_8932.jpg
0.2231472561204249,0.050716850674677065,0.0,0.0,1,drowsy,image_10672.jpg
0.15031773133269993,0.009007546901084998,1.0,0.0,1,drowsy,image_9367 (2).jpg
0.09879184897526835,0.0,1.0,0.0,1,drowsy,img_e_3683.jpg
0.2418634836013668,0.004654587630563043,0.0,0.0,1,drowsy,image__928.jpg
0.10889736991258807,0.0072093724571308535,1.0,0.0,1,drowsy,img_j_14703.jpg
0.22727074286000848,0.008729546980580037,0.0,0.0,1,drowsy,img_g_4140.jpg
0.1604947808751938,0.12281318914469624,1.0,0.0,1,drowsy,image_6699.jpg
0.16171864447679013,0.009653840848148042,1.0,0.0,1,drowsy,img_h_2100.jpg
0.19623452398614194,0.0,1.0,0.0,1,drowsy,img_d_3683.jpg
0.18468092610012823,0.008582189252612225,1.0,0.0,1,drowsy,image__6902.jpg
0.05686020772926797,0.0,1.0,0.0,1,drowsy,img_e_5580.jpg
0.13026176475826623,0.006279009281380999,1.0,0.0,1,drowsy,img_h_16590.jpg
0.27945097725207635,0.010452454015896983,0.0,0.0,1,drowsy,img_f_2900.jpg
0.21655523168387547,0.009489015615118114,0.0,0.0,1,drowsy,img_b_3625.jpg
0.22456295503373847,0.0,0.0,0.0,1,drowsy,img_b_696.jpg
0.2275286228436501,0.007880859256899547,0.0,0.0,1,drowsy,img_f_12528.jpg
0.12849596105992944,0.0,1.0,0.0,1,drowsy,img_d_11658.jpg
0.16352666271304095,0.013214640823333096,1.0,0.0,1,drowsy,image_8091 (2).jpg
0.23390609335745827,0.010247655242225942,0.0,0.0,1,drowsy,img_g_10770.jpg
0.20181367637943903,0.0,0.0,0.0,1,drowsy,img_a_8910.jpg
0.23118425521190714,0.0,0.0,0.0,1,drowsy,img_c_4176.jpg
0.08374102354127108,0.10396384875809084,1.0,0.0,1,drowsy,image_13804.jpg
0.23852849603662385,0.009665106885591053,0.0,0.0,1,drowsy,img_g_10980.jpg
0.20804718127210514,0.012977167126512961,0.0,0.0,1,drowsy,img_d_10208.jpg
0.07987579576989629,0.007142674883068143,1.0,0.0,1,drowsy,img_e_10121.jpg
0.16547679072244814,0.0,1.0,0.0,1,drowsy,img_d_15370.jpg
0.2060313485398989,0.08039801204793737,0.0,0.0,1,drowsy,image_9019.jpg
0.24041925765165773,0.0,0.0,0.0,1,drowsy,img_h_8820.jpg
0.17329440731969814,0.008112939316888525,1.0,0.0,1,drowsy,img_e_8265.jpg
0.24941241329224056,0.0045182311130357285,0.0,0.0,1,drowsy,image__9628.jpg
0.062323526212978764,0.05129435728151425,1.0,0.0,1,drowsy,image_14819.jpg
0.15421346924848117,0.0,1.0,0.0,1,drowsy,image_1320 (5).jpg
0.19655821919999616,0.0,1.0,0.0,1,drowsy,img_d_638.jpg
0.15959185435397494,0.0,1.0,0.0,1,drowsy,img_c_8758.jpg
0.1662923766721922,0.0,1.0,0.0,1,drowsy,img_f_11948.jpg
0.13799057362681333,0.11586700290040272,1.0,0.0,1,drowsy,image_7975.jpg
0.2507938391594171,0.008174508238517836,0.0,0.0,1,drowsy,img_f_8236.jpg
0.16764479148880423,0.0,1.0,0.0,1,drowsy,img_f_7105.jpg
0.18027430695357505,0.011280906063721207,1.0,0.0,1,drowsy,img_e_10860.jpg
0.2487842111544999,0.0,0.0,0.0,1,drowsy,img_g_1560.jpg
0.21534241430876377,0.012654173162613516,0.0,0.0,1,drowsy,img_d_10585.jpg
0.21751081633313502,0.0,0.0,0.0,1,drowsy,img_c_16153.jpg
0.22377531472581685,0.007664917077331726,0.0,0.0,1,drowsy,img_j_14529.jpg
0.1658087144986947,0.024194925076722815,1.0,0.0,1,drowsy,image_11020.jpg
0.11923948207794574,0.01278170548426202,1.0,0.0,1,drowsy,img_e_12905.jpg
0.20510349359111052,0.006470899431019594,0.0,0.0,1,drowsy,img_g_8550.jpg
0.21350777083552394,0.004013443454047121,0.0,0.0,1,drowsy,image_12267.jpg
0.061482788083702396,0.01651483175006256,1.0,0.0,1,drowsy,image_14616.jpg
0.18935258151381387,0.0,1.0,0.0,1,drowsy,img_e_12093.jpg
0.11336314374337367,0.0211725260265807,1.0,0.0,1,drowsy,image_18038.jpg
0.11059803031331773,0.0,1.0,0.0,1,drowsy,img_c_11600.jpg
0.2448211329262716,0.015306022676563467,0.0,0.0,1,drowsy,img_e_15930.jpg
0.17886470963099682,0.0,1.0,0.0,1,drowsy,img_d_3480.jpg
0.16408649450831952,0.007865242949881245,1.0,0.0,1,drowsy,img_e_13398.jpg
0.0573960340588323,0.0,1.0,0.0,1,drowsy,img_f_6554.jpg
0.2155863910626573,0.009506794374512323,0.0,0.0,1,drowsy,img_g_2040.jpg
0.18874268029978922,0.0,1.0,0.0,1,drowsy,img_d_14906.jpg
0.22300576900366142,0.0,0.0,0.0,1,drowsy,img_c_17516.jpg
0.05545873588751225,0.0,1.0,0.0,1,drowsy,img_f_10846 (2).jpg
0.24657176317290178,0.007032320933029597,0.0,0.0,1,drowsy,img_g_11490.jpg
0.22466121258036914,0.006677656701342802,0.0,0.0,1,drowsy,img_g_6540.jpg
0.21391346096565725,0.007227426005611357,0.0,0.0,1,drowsy,img_i_2465.jpg
0.04380684123842324,0.0,1.0,0.0,1,drowsy,img_e_3480.jpg
0.24055843347323133,0.4404011994704419,0.0,0.0,1,drowsy,image_960 (5).jpg
0.24222290272093988,0.09581597667468723,0.0,0.0,1,drowsy,img_j_14500.jpg
0.2734218898104084,0.020253171631745306,0.0,0.0,1,drowsy,img_f_2726.jpg
0.24492939875676556,0.0675297871516869,0.0,0.0,1,drowsy,image_12528.jpg
0.0357820281228285,0.07025190471331953,1.0,0.0,1,drowsy,image_18763.jpg
0.05691468513769612,0.007878902130354236,1.0,0.0,1,drowsy,img_f_5075.jpg
0.24276660768124222,0.061595558370831645,0.0,0.0,1,drowsy,img_g_7110.jpg
0.20682838299804496,0.011599710340286494,0.0,0.0,1,drowsy,img_c_11629.jpg
0.25880007438346203,0.007957083760604156,0.0,0.0,1,drowsy,img_j_12818.jpg
0.2754043683464026,0.0,0.0,0.0,1,drowsy,img_f_2929.jpg
0.2638988626872401,0.0,0.0,0.0,1,drowsy,img_f_18038.jpg
0.20432657103539476,0.010287978655236682,0.0,0.0,1,drowsy,img_g_4380.jpg
0.21569167634496444,0.0,0.0,0.0,1,drowsy,img_f_12267.jpg
0.2324424920463143,0.008184084270117041,0.0,0.0,1,drowsy,img_f_14616.jpg
0.23698094518503054,0.0,0.0,0.0,1,drowsy,img_c_4611.jpg
0.0653013642433933,0.00796717902436612,1.0,0.0,1,drowsy,img_f_6583.jpg
0.14353120632482505,0.009787003562792952,1.0,0.0,1,drowsy,image_8758 (2).jpg
0.22301266097332212,0.12372644310886109,0.0,0.0,1,drowsy,image_30 (2).jpg
0.061053539262870896,0.2060826480464758,1.0,0.0,1,drowsy,img_f_11020.jpg
0.056328558350287425,0.0,1.0,0.0,1,drowsy,img_f_6206 (2).jpg
0.20745710415555385,0.006446248809276218,0.0,0.0,1,drowsy,img_g_12600.jpg
0.14225886166339377,0.005287380053071886,1.0,0.0,1,drowsy,image_3509.jpg
0.2286454326358367,0.0,0.0,0.0,1,drowsy,img_g_9840.jpg
0.10758933632013308,0.08077305112241982,1.0,0.0,1,drowsy,image_17487.jpg
0.15660346727282062,0.012322224910582135,1.0,0.0,1,drowsy,img_c_9309.jpg
0.21047142647752148,0.0,0.0,0.0,1,drowsy,image_11948.jpg
0.07610718212581852,0.0,1.0,0.0,1,drowsy,img_c_11832.jpg
0.08815591862267336,0.0,1.0,0.0,1,drowsy,img_f_5539.jpg
0.23364225485488918,0.0,0.0,0.0,1,drowsy,img_c_13572.jpg
0.1634326273396943,0.012484404080112711,1.0,0.0,1,drowsy,img_c_9686.jpg
0.22076804936916616,0.0,0.0,0.0,1,drowsy,img_d_10962.jpg
0.20107512114022158,0.0,0.0,0.0,1,drowsy,img_c_5916.jpg
0.17924712878265808,0.0,1.0,0.0,1,drowsy,image_12064.jpg
0.15930322510236586,0.009114668267586007,1.0,0.0,1,drowsy,img_g_6030.jpg
0.14778062111397527,0.0,1.0,0.0,1,drowsy,img_b_17429.jpg
0.14222446703713704,0.01118033976249895,1.0,0.0,1,drowsy,img_e_13830.jpg
0.21323174443386078,0.0,0.0,0.0,1,drowsy,image_750 (2).jpg
0.10004535688005783,0.08659498216823487,1.0,0.0,1,drowsy,image_12702.jpg
0.1659460784927165,0.011958694152502013,1.0,0.0,1,drowsy,image_11223.jpg
0.19378348047807809,0.0,1.0,0.0,1,drowsy,img_a_11520.jpg
0.21477060871360135,0.0,0.0,0.0,1,drowsy,img_a_2025.jpg
0.27197846092699995,0.0,0.0,0.0,1,drowsy,img_j_17545.jpg
0.212024358075165,0.0,0.0,0.0,1,drowsy,img_f_19865.jpg
0.33377301859974706,0.14382906861576594,0.0,0.0,1,drowsy,image_1440 (5).jpg
0.23456129002107187,0.006714812850167163,0.0,0.0,1,drowsy,image__2581.jpg
0.10707613304522084,0.04951538406236069,1.0,0.0,1,drowsy,image_15051.jpg
0.10921817606497751,0.008815107152004002,1.0,0.0,1,drowsy,img_f_12470 (2).jpg
0.24214798712079413,0.07022070514150844,0.0,0.0,1,drowsy,image_8845.jpg
0.12093060604256159,0.013085597893522469,1.0,0.0,1,drowsy,img_d_15167.jpg
0.2301691055614304,0.0,0.0,0.0,1,drowsy,img_e_8700.jpg
0.2480054807969439,0.006735113913309572,0.0,0.0,1,drowsy,img_g_17220.jpg
0.16550444793074898,1.0112610804491928,1.0,1.0,1,drowsy,image_3045.jpg
0.22087176168084455,0.0,0.0,0.0,1,drowsy,img_g_1950.jpg
0.22401423611073856,0.008196445904724198,0.0,0.0,1,drowsy,image__10614.jpg
0.17830441723059767,0.0,1.0,0.0,1,drowsy,img_d_8700.jpg
0.13718251357326286,0.0,1.0,0.0,1,drowsy,img_f_10672.jpg
0.20028024238366243,0.0,0.0,0.0,1,drowsy,img_c_9889.jpg
0.23998677941339497,0.006249511736906612,0.0,0.0,1,drowsy,img_g_8790.jpg
0.09798695318427753,0.35753200073938995,1.0,0.0,1,drowsy,image_1350 (2).jpg
0.0913422656586561,0.00650476155977945,1.0,0.0,1,drowsy,img_h_14190.jpg
0.14550297521579691,0.0,1.0,0.0,1,drowsy,image_8497 (2).jpg
0.2411914574837064,0.01550713766370197,0.0,0.0,1,drowsy,img_e_18030.jpg
0.1955493381404297,0.0,1.0,0.0,1,drowsy,img_f_16559.jpg
0.23927366641127115,0.006686009741884401,0.0,0.0,1,drowsy,img_g_4800.jpg
0.29593781875415265,0.08376267393880703,0.0,0.0,1,drowsy,image__15022.jpg
0.18548720352301173,0.012491220040334178,1.0,0.0,1,drowsy,img_d_17980.jpg
0.21367404505959434,0.007488378573587996,0.0,0.0,1,drowsy,img_f_4814.jpg
0.26543671029210364,0.012154966875315353,0.0,0.0,1,drowsy,img_f_18212.jpg
0.22112313056178928,0.01053507426121726,0.0,0.0,1,drowsy,image_17922 (2).jpg
0.12280918387902848,0.0,1.0,0.0,1,drowsy,img_e_13950.jpg
0.24745060159539556,0.006624259891667594,0.0,0.0,1,drowsy,img_g_6150.jpg
0.1333075113781777,0.1057529555667332,1.0,0.0,1,drowsy,image_5597.jpg
0.2014544053094959,0.0,0.0,0.0,1,drowsy,img_a_1470.jpg
0.26084413745657997,0.5379438176364423,0.0,0.0,1,drowsy,image_2130 (2).jpg
0.18925651074814887,0.08298840847491346,1.0,0.0,1,drowsy,image_18415.jpg
0.2015782598019199,0.0,0.0,0.0,1,drowsy,img_c_14355.jpg
0.20382316059494354,0.0,0.0,0.0,1,drowsy,img_c_725.jpg
0.217768337145336,0.006611506984048478,0.0,0.0,1,drowsy,img_g_3000.jpg
0.045751238361337064,0.1303116699987322,1.0,0.0,1,drowsy,image_1170 (3).jpg
0.13638152073729043,0.0046413332499853025,1.0,0.0,1,drowsy,image__13282.jpg
0.2325782813177737,0.006388113794095076,0.0,0.0,1,drowsy,img_g_7500.jpg
0.13538104582057325,0.1457219605653771,1.0,0.0,1,drowsy,image_360.jpg
0.17414305505764627,0.0,1.0,0.0,1,drowsy,img_d_11513.jpg
0.17611389558830365,0.007619393119539442,1.0,0.0,1,drowsy,img_e_7221.jpg
0.3073449027517089,0.42611386507503385,0.0,0.0,1,drowsy,image_570 (3).jpg
0.24909383030458015,0.0065159370674285205,0.0,0.0,1,drowsy,img_g_1830.jpg
0.20685204633942217,0.009611386561322613,0.0,0.0,1,drowsy,img_g_17340.jpg
0.04565083378743462,0.007858439945986723,1.0,0.0,1,drowsy,img_e_12441.jpg
0.12060425885599757,0.0,1.0,0.0,1,drowsy,img_d_7221.jpg
0.13836078234523108,0.011135194550837927,1.0,0.0,1,drowsy,img_e_11160.jpg
0.2212363374137014,0.006587792492994387,0.0,0.0,1,drowsy,img_g_12210.jpg
0.22478029186570098,0.010327404734233667,0.0,0.0,1,drowsy,img_g_16710.jpg
0.19150608059854096,0.0,1.0,0.0,1,drowsy,img_d_16240.jpg
0.2761155467582957,0.0,0.0,0.0,1,drowsy,img_f_29.jpg
0.21129188645329228,0.007406594602118592,0.0,0.0,1,drowsy,image_6786 (2).jpg
0.25101635389615573,0.009123768529317386,0.0,0.0,1,drowsy,img_g_6420.jpg
0.2415692023489952,0.0,0.0,0.0,1,drowsy,img_f_19285.jpg
0.034409872934779206,0.015203082165724913,1.0,0.0,1,drowsy,image_15341 (2).jpg
0.11475860592489673,0.008549507051340357,1.0,0.0,1,drowsy,img_e_15689.jpg
0.0733485914286334,0.007535857022273973,1.0,0.0,1,drowsy,image_16153 (2).jpg
0.1974943627831094,0.013153340871106032,1.0,0.0,1,drowsy,img_d_5191.jpg
0.09324047240159164,0.058639964692485405,1.0,0.0,1,drowsy,image_14993.jpg
0.24047931552177582,0.0,0.0,0.0,1,drowsy,img_f_16820.jpg
0.09415680067604988,0.0,1.0,0.0,1,drowsy,img_e_12870.jpg
0.22093707848507763,0.009190182716450742,0.0,0.0,1,drowsy,img_g_3570.jpg
0.13572511439821208,0.009432283384838843,1.0,0.0,1,drowsy,image_8642 (2).jpg
0.18017179006126832,0.0,1.0,0.0,1,drowsy,img_d_10382.jpg
0.19443526688584933,0.012803687829355174,1.0,0.0,1,drowsy,img_d_16095.jpg
0.26116186932301494,0.005100447812966689,0.0,0.0,1,drowsy,image__4292.jpg
0.21165528564137331,0.0925676172781245,0.0,0.0,1,drowsy,image_9193.jpg
0.174334063529064,0.44933637461689674,1.0,0.0,1,drowsy,45.jpg
0.22253182989226616,0.009748792985070502,0.0,0.0,1,drowsy,img_g_12990.jpg
0.20452699328035578,0.010713124163028413,0.0,0.0,1,drowsy,img_e_8310.jpg
0.2414454980285929,0.007387370065059034,0.0,0.0,1,drowsy,img_j_18299.jpg
0.2354498775475909,0.0,0.0,0.0,1,drowsy,img_e_15138.jpg
0.24940146275952635,0.004280467358895042,0.0,0.0,1,drowsy,image__16675.jpg
0.19159077247707934,0.11518807475475838,1.0,0.0,1,drowsy,image_7627.jpg
0.16743671196767884,0.01954781094754095,1.0,0.0,1,drowsy,3.jpg
0.1670110825224967,0.2450876348189439,1.0,0.0,1,drowsy,image_2987.jpg
0.11075011762479338,0.0,1.0,0.0,1,drowsy,image_18299 (2).jpg
0.21624349819535316,0.01419332369364105,0.0,0.0,1,drowsy,image_1530.jpg
0.1385628971420128,0.0,1.0,0.0,1,drowsy,img_d_1334.jpg
0.23095825462735656,0.02635231314029207,0.0,0.0,1,drowsy,51.jpg
0.18630017260159282,0.0,1.0,0.0,1,drowsy,79.jpg
0.2635231328572997,0.0,0.0,0.0,1,drowsy,image_0160.jpg
0.20776465462755248,0.0,0.0,0.0,1,drowsy,img_a_8865.jpg
0.2259054518681748,0.0,0.0,0.0,1,drowsy,img_h_6870 (2).jpg
0.14669248321127787,0.0,1.0,0.0,1,drowsy,img_e_6467.jpg
0.2523151765838847,0.009197565482813847,0.0,0.0,1,drowsy,img_g_16260.jpg
0.24409858657231848,0.006782662309192899,0.0,0.0,1,drowsy,image__2146.jpg
0.18569702363508367,0.0,1.0,0.0,1,drowsy,img_d_6467.jpg
0.20124804366498603,0.0,0.0,0.0,1,drowsy,img_d_11049.jpg
0.18032761283818033,0.0131567556971853,1.0,0.0,1,drowsy,img_c_8613.jpg
0.20289104936432056,0.018853834563654887,0.0,0.0,1,drowsy,image_11194.jpg
0.3105155263684156,0.010979071756736453,0.0,0.0,1,drowsy,img_e_15660.jpg
0.28999116323437146,0.011550085684051957,0.0,0.0,1,drowsy,img_e_9030.jpg
0.2879189219124022,0.8639178158177384,0.0,1.0,1,drowsy,image_780 (5).jpg
0.19666095324371896,0.0,1.0,0.0,1,drowsy,img_d_3509.jpg
0.27069276359077576,0.0,0.0,0.0,1,drowsy,img_e_4500.jpg
0.1266762849137091,0.0,1.0,0.0,1,drowsy,img_h_3180.jpg
0.22267598008091863,0.008402174693683378,0.0,0.0,1,drowsy,img_e_3509.jpg
0.23790849405830955,0.010195592274627218,0.0,0.0,1,drowsy,img_f_17255.jpg
0.2434963257254178,0.004534925855259629,0.0,0.0,1,drowsy,image__6322.jpg
0.22884665588702813,0.0,0.0,0.0,1,drowsy,img_c_16965.jpg
0.10274721831468915,0.007812261531302849,1.0,0.0,1,drowsy,img_e_1450.jpg
0.14318628900185895,0.5585631325505053,1.0,0.0,1,drowsy,47.jpg
0.1970593154308472,0.0,1.0,0.0,1,drowsy,img_c_8149.jpg
0.262639449241517,0.0,0.0,0.0,1,drowsy,img_g_13440.jpg
0.23417035491804755,0.16538529654570672,0.0,0.0,1,drowsy,53.jpg
0.20129071212016572,0.0,0.0,0.0,1,drowsy,img_g_4590.jpg
0.18419376179927938,0.0064435717955529095,1.0,0.0,1,drowsy,img_h_18390.jpg
0.10750267025613829,0.011178942482028892,1.0,0.0,1,drowsy,img_e_8460.jpg
0.1758055476746644,0.018364860897216846,1.0,0.0,1,drowsy,1.jpg
0.16607532738335823,0.006403681340942784,1.0,0.0,1,drowsy,img_g_840.jpg
0.18615696177471736,0.0,1.0,0.0,1,drowsy,img_d_1450.jpg
0.06546404391828127,0.018921043848678692,1.0,0.0,1,drowsy,image_17110 (3).jpg
0.07348192784686883,0.05961462783616639,1.0,0.0,1,drowsy,image_15457.jpg
0.2285454274466984,0.01408311005638773,0.0,0.0,1,drowsy,img_c_18009.jpg
0.19123152373468338,0.0,1.0,0.0,1,drowsy,img_a_9210.jpg
0.10604029388484454,0.019227214066014707,1.0,0.0,1,drowsy,image_16994 (2).jpg
0.0491495156485217,0.004552514515334466,1.0,0.0,1,drowsy,image__14935.jpg
0.26111500142801825,0.0077342966487611705,0.0,0.0,1,drowsy,img_j_18270.jpg
0.15350254820947087,0.0,1.0,0.0,1,drowsy,image_8149 (2).jpg
0.08003396828966833,0.008742046912467726,1.0,0.0,1,drowsy,image_17342 (2).jpg
0.06675844411789117,0.007796337767966916,1.0,0.0,1,drowsy,img_f_4553.jpg
0.2290233383591852,0.009186110386069393,0.0,0.0,1,drowsy,img_g_15780.jpg
0.21248344302906766,0.0,0.0,0.0,1,drowsy,img_c_10469.jpg
0.2404465817752376,0.009337031468561638,0.0,0.0,1,drowsy,img_g_11280.jpg
0.07613983585059297,0.02088009254264877,1.0,0.0,1,drowsy,image_14761.jpg
0.1708048093621949,0.0,1.0,0.0,1,drowsy,img_c_9280.jpg
0.12242288467058712,0.03714507696324416,1.0,0.0,1,drowsy,image_14007.jpg
0.23723222170110594,0.0039061307809092824,0.0,0.0,1,drowsy,image_3480.jpg
0.060985683336259824,0.055571796071268054,1.0,0.0,1,drowsy,image_17081.jpg
0.17331469879072717,0.0,1.0,0.0,1,drowsy,img_e_13775.jpg
0.14855762438003825,0.018419611112369023,1.0,0.0,1,drowsy,image_11803 (2).jpg
0.1843842931774754,0.06500919082725932,1.0,0.0,1,drowsy,image_12847.jpg
0.09915598084153207,0.8169151747102025,1.0,1.0,1,drowsy,image_1230 (3).jpg
0.2638602688455399,0.0,0.0,0.0,1,drowsy,img_f_11426.jpg
0.22292297624456608,0.013332148128403257,0.0,0.0,1,drowsy,img_d_16530.jpg
0.2147936011545662,0.01963996056520621,0.0,0.0,1,drowsy,img_d_203.jpg
0.06755040369484165,0.0,1.0,0.0,1,drowsy,img_e_11610.jpg
0.10866439875366068,0.17401335799979517,1.0,0.0,1,drowsy,image_120 (4).jpg
0.21617009879276902,0.012614342854926998,0.0,0.0,1,drowsy,img_f_8816.jpg
0.21233478418074808,0.006862688983450911,0.0,0.0,1,drowsy,img_g_17430.jpg
0.17323320350380494,0.0,1.0,0.0,1,drowsy,img_f_11368.jpg
0.25357813386616135,0.07064103689247164,0.0,0.0,1,drowsy,image_8700.jpg
0.1936428504339447,0.0,1.0,0.0,1,drowsy,img_c_8439.jpg
0.10266738785566099,0.0,1.0,0.0,1,drowsy,img_d_3045.jpg
0.06359176728344541,0.008656143270883907,1.0,0.0,1,drowsy,img_f_19720.jpg
0.04201643380289355,0.0,1.0,0.0,1,drowsy,img_d_8845.jpg
0.21507850193609962,0.0,0.0,0.0,1,drowsy,img_d_15950.jpg
0.25518062143913867,0.0,0.0,0.0,1,drowsy,img_f_11397.jpg
0.08388910375285782,0.09402691171832187,1.0,0.0,1,drowsy,image_13224.jpg
0.2328020397877638,0.012491220040334178,0.0,0.0,1,drowsy,img_d_17835.jpg
0.11662754551820523,0.028902680000040242,1.0,0.0,1,drowsy,image_14239.jpg
0.19224489675498435,0.0,1.0,0.0,1,drowsy,img_h_1230.jpg
0.23768872936596794,0.0,0.0,0.0,1,drowsy,img_f_3770.jpg
0.20310236931800957,0.0,0.0,0.0,1,drowsy,img_c_5684.jpg
0.21901421065709417,0.0,0.0,0.0,1,drowsy,img_c_10643.jpg
0.030864489577329304,0.06982594173357273,1.0,0.0,1,drowsy,image_19053.jpg
0.1800308636122431,0.10151368595238876,1.0,0.0,1,drowsy,image_630 (3).jpg
0.24131212478086697,0.008331019413172493,0.0,0.0,1,drowsy,img_f_2320.jpg
0.10486606105500165,0.0,1.0,0.0,1,drowsy,img_g_14850.jpg
0.25528310205148347,0.0,0.0,0.0,1,drowsy,img_j_14674.jpg
0.06987116648003061,0.0,1.0,0.0,1,drowsy,image_15921 (2).jpg
0.11966371826117062,0.1088049540642286,1.0,0.0,1,drowsy,image_10063.jpg
0.2259351788397195,0.01877458415059441,0.0,0.0,1,drowsy,img_c_17110.jpg
0.1502497409599132,0.01427261259368781,1.0,0.0,1,drowsy,img_c_7656.jpg
0.21377426857192527,0.0,0.0,0.0,1,drowsy,img_d_6061.jpg
0.06922104121687259,0.0,1.0,0.0,1,drowsy,img_e_13601.jpg
0.2862306066264907,0.010708823307274086,0.0,0.0,1,drowsy,img_e_15270.jpg
0.17361780721548722,0.0,1.0,0.0,1,drowsy,img_d_5568.jpg
0.2326914655857813,0.007246186513039835,0.0,0.0,1,drowsy,image_9686 (2).jpg
0.1811885502714439,0.013697344839357587,1.0,0.0,1,drowsy,img_c_10092.jpg
0.3010236234562823,0.009950371803089992,0.0,0.0,1,drowsy,img_e_4110.jpg
0.22033742948082746,0.0,0.0,0.0,1,drowsy,img_c_16385.jpg
0.17665043312737294,0.0,1.0,0.0,1,drowsy,img_d_377.jpg
0.22821820661312964,0.0,0.0,0.0,1,drowsy,img_f_10150 (2).jpg
0.18672255388456538,0.008860145453197056,1.0,0.0,1,drowsy,img_h_11940.jpg
0.19849282913724953,0.0,1.0,0.0,1,drowsy,image_7221.jpg
0.2093768618227153,0.0,0.0,0.0,1,drowsy,img_c_10904.jpg
0.07345885758636095,0.5513463618419249,1.0,0.0,1,drowsy,image_1650.jpg
0.27661558919194973,0.008070291622273042,0.0,0.0,1,drowsy,img_j_7772.jpg
0.2702694232988905,0.0,0.0,0.0,1,drowsy,img_f_638 (2).jpg
0.21962096217908028,0.008328707488792251,0.0,0.0,1,drowsy,img_e_14152.jpg
0.2038497691805861,0.0,0.0,0.0,1,drowsy,img_d_13514.jpg
0.10331139405889124,0.00792926915186434,1.0,0.0,1,drowsy,img_f_4843 (2).jpg
0.22409184119230408,0.0,0.0,0.0,1,drowsy,img_g_13050.jpg
0.10148486330594218,0.01839124179982262,1.0,0.0,1,drowsy,image_17197 (2).jpg
0.1464983552775477,0.015119442751578897,1.0,0.0,1,drowsy,img_e_8070.jpg
0.14817203509608828,0.006862688983450911,1.0,0.0,1,drowsy,img_g_17550.jpg
0.18176224470899058,0.0,1.0,0.0,1,drowsy,img_c_9135.jpg
0.18082212343056148,0.0,1.0,0.0,1,drowsy,img_c_6206.jpg
0.2102726868646402,0.0,0.0,0.0,1,drowsy,image_7424 (2).jpg
0.20981521356348834,0.0,0.0,0.0,1,drowsy,img_c_9860.jpg
0.21744032030821475,0.0,0.0,0.0,1,drowsy,img_c_7859.jpg
0.22509655772079584,0.20213486719028043,0.0,0.0,1,drowsy,image_570.jpg
0.22480534501527005,0.0,0.0,0.0,1,drowsy,img_a_6255.jpg
0.24371994232194266,0.007040158913388067,0.0,0.0,1,drowsy,img_g_15390.jpg
0.18288233799511944,0.008029862312487894,1.0,0.0,1,drowsy,img_f_6032.jpg
0.16184281729180944,0.0,1.0,0.0,1,drowsy,img_d_5597.jpg
0.23340566053684494,0.0,0.0,0.0,1,drowsy,img_e_5597.jpg
0.16775022772898845,0.02012924176920183,1.0,0.0,1,drowsy,img_c_18357.jpg
0.3092591410660253,0.5579206071893833,0.0,0.0,1,drowsy,image_2040 (3).jpg
0.2634816732519838,0.0,0.0,0.0,1,drowsy,image_0016.jpg
0.18270461261924892,0.09670699124945688,1.0,0.0,1,drowsy,image_6467.jpg
0.21728551526193168,0.0,0.0,0.0,1,drowsy,img_f_8584.jpg
0.2346350414720777,0.12128942724347058,0.0,0.0,1,drowsy,image_10498.jpg
0.11228247927270116,0.0399608572775546,1.0,0.0,1,drowsy,img_h_15930.jpg
0.21424833643979735,0.0,0.0,0.0,1,drowsy,image_1920 (2).jpg
0.22112892504492737,0.0,0.0,0.0,1,drowsy,img_g_16470.jpg
0.24191216081887582,0.0,0.0,0.0,1,drowsy,img_f_4205 (2).jpg
0.18775879731450323,0.0,1.0,0.0,1,drowsy,img_d_10237.jpg
0.03969397512759497,0.0,1.0,0.0,1,drowsy,image_15428 (2).jpg
0.19238122277279518,0.0,1.0,0.0,1,drowsy,img_d_16646.jpg
0.20848755355216753,0.013139708108038987,0.0,0.0,1,drowsy,img_d_2987.jpg
0.22913990151343905,0.012330652925613746,0.0,0.0,1,drowsy,img_d_18125.jpg
0.14574213411196013,0.010757664458948053,1.0,0.0,1,drowsy,img_e_5742.jpg
0.19522053473063755,0.013493814321667085,1.0,0.0,1,drowsy,img_d_7627.jpg
0.24161376597358086,0.11365086843163326,0.0,0.0,1,drowsy,img_h_10860.jpg
0.20099488327295112,0.0,0.0,0.0,1,drowsy,img_d_5742.jpg
0.07585411811383864,0.007812261531302849,1.0,0.0,1,drowsy,img_e_2987.jpg
0.20043365055455598,0.15173825305759464,0.0,0.0,1,drowsy,image_1320.jpg
0.18613211534055493,0.19661810463131202,1.0,0.0,1,drowsy,image_12035 (2).jpg
0.19200709425204404,0.0,1.0,0.0,1,drowsy,img_d_9193.jpg
0.0810481826661508,0.046428755690610106,1.0,0.0,1,drowsy,image_16994.jpg
0.2456422801528294,0.006788285876624388,0.0,0.0,1,drowsy,img_g_15810.jpg
0.2121140969883054,0.0,0.0,0.0,1,drowsy,img_d_16849.jpg
0.05328041621248219,0.007654132173798792,1.0,0.0,1,drowsy,image_15892 (2).jpg
0.23738658806417268,0.006787034983200482,0.0,0.0,1,drowsy,img_g_3360.jpg
0.10918888255389639,0.04058617600673607,1.0,0.0,1,drowsy,image_11745.jpg
0.30195527069075934,0.014942859309236466,0.0,0.0,1,drowsy,image_17603 (2).jpg
0.2796036386792029,0.0,0.0,0.0,1,drowsy,img_h_1620.jpg
0.1519219675365497,0.08008461369651329,1.0,0.0,1,drowsy,image_5191.jpg
0.2222716465453588,0.013139708108038987,0.0,0.0,1,drowsy,img_c_11165.jpg
0.22370612649764948,0.0,0.0,0.0,1,drowsy,img_j_12615.jpg
0.16644463285781297,0.014859644726698944,1.0,0.0,1,drowsy,img_g_2730.jpg
0.22347938067239567,0.00913403897715858,0.0,0.0,1,drowsy,img_g_7890.jpg
0.1657315544606982,0.013666610295051715,1.0,0.0,1,drowsy,img_c_18154.jpg
0.2434452057675629,0.00986623266853672,0.0,0.0,1,drowsy,img_g_17790.jpg
0.15237678053706333,0.0,1.0,0.0,1,drowsy,image_8584 (2).jpg
0.25642419563049,0.0,0.0,0.0,1,drowsy,img_j_725.jpg
0.2227626340334105,0.0,0.0,0.0,1,drowsy,img_g_8220.jpg
0.22282410041383555,0.0033888765666004305,0.0,0.0,1,drowsy,img_k_10470.jpg
0.2536453583504669,0.2164093611665689,0.0,0.0,1,drowsy,image_360 (2).jpg
0.12008521130009174,0.008032970646377724,1.0,0.0,1,drowsy,img_f_10498.jpg
0.16789246042119826,0.0,1.0,0.0,1,drowsy,img_d_15399.jpg
0.21112578142135513,0.0,0.0,0.0,1,drowsy,img_d_7801.jpg
0.22338041806448394,0.00402281775329976,0.0,0.0,1,drowsy,image_11977.jpg
0.16274510343438553,0.011241633239735163,1.0,0.0,1,drowsy,img_e_17880.jpg
0.061482303046122316,0.0,1.0,0.0,1,drowsy,img_d_13717.jpg
0.1603788883600478,0.0,1.0,0.0,1,drowsy,img_e_12720.jpg
0.2230508559430594,0.013867504713323039,0.0,0.0,1,drowsy,img_c_18183.jpg
0.22883397239637704,0.006785941018525933,0.0,0.0,1,drowsy,img_g_15150.jpg
0.26632197089698506,0.0108160264323237,0.0,0.0,1,drowsy,img_j_8642.jpg
0.3924874196220405,0.4996305777144756,0.0,0.0,1,drowsy,image_1770 (2).jpg
0.18432312586716004,0.012947763865649376,1.0,0.0,1,drowsy,img_d_15428.jpg
0.20947349396118545,0.013332148128403257,0.0,0.0,1,drowsy,img_d_174.jpg
0.18164966255820697,0.008837108857419947,1.0,0.0,1,drowsy,image_10382 (2).jpg
0.212122946079252,0.012794252924975697,0.0,0.0,1,drowsy,img_c_493.jpg
0.2555281091053083,0.0,0.0,0.0,1,drowsy,img_j_11484.jpg
0.20910118024955454,0.01899658199033382,0.0,0.0,1,drowsy,image__9164.jpg
0.15251023717685475,0.0,1.0,0.0,1,drowsy,img_e_17670.jpg
0.1754346379465603,0.02594778050263113,1.0,0.0,1,drowsy,image_9280 (2).jpg
0.14850111650928133,0.0,1.0,0.0,1,drowsy,img_h_5490.jpg
0.21792026701607492,0.009604291295544907,0.0,0.0,1,drowsy,image_7511 (2).jpg
0.2511026464382582,0.01683468265052632,0.0,0.0,1,drowsy,img_b_12963.jpg
0.13205934242968,0.0,1.0,0.0,1,drowsy,img_f_16994.jpg
0.1592971330625865,0.0,1.0,0.0,1,drowsy,img_d_7395.jpg
0.22949629969639182,0.007998976132582446,0.0,0.0,1,drowsy,img_e_13833.jpg
0.2500414655827385,0.0,0.0,0.0,1,drowsy,img_j_8497.jpg
0.23417571703193674,0.0,0.0,0.0,1,drowsy,img_g_9300.jpg
0.054237313254439576,0.0,1.0,0.0,1,drowsy,img_e_7395.jpg
0.1380548611974487,0.010727909390141746,1.0,0.0,1,drowsy,img_e_14190.jpg
0.225706059296426,0.009606285270088579,0.0,0.0,1,drowsy,img_g_510.jpg
0.06211737960105908,0.0,1.0,0.0,1,drowsy,img_f_6438 (2).jpg
0.22249937406645942,0.008473359199846027,0.0,0.0,1,drowsy,img_a_6240.jpg
0.08308683591318661,0.0,1.0,0.0,1,drowsy,img_d_1914.jpg
0.04270089614903175,0.0705587750125842,1.0,0.0,1,drowsy,image_18589.jpg
0.23447870240219493,0.009547436667561414,0.0,0.0,1,drowsy,img_g_15420.jpg
0.26947302793719763,0.0,0.0,0.0,1,drowsy,image_5423.jpg
0.18629511083579434,0.010664763243901322,1.0,0.0,1,drowsy,image__14471.jpg
0.09883334405157426,0.02072121665987163,1.0,0.0,1,drowsy,image_16501 (2).jpg
0.16494268081020474,0.0,1.0,0.0,1,drowsy,img_d_7424.jpg
0.1438357411831933,0.0,1.0,0.0,1,drowsy,img_d_15602.jpg
0.2303722611594706,0.008400692174991098,0.0,0.0,1,drowsy,image__725.jpg
0.13874880523376204,0.3749186384639316,1.0,0.0,1,drowsy,image_2190 (2).jpg
0.23923042715326434,0.13776445339321233,0.0,0.0,1,drowsy,image_6670.jpg
0.18113121525209763,0.004733598515583872,1.0,0.0,1,drowsy,image__2233.jpg
0.19582052322856064,0.013147655398310407,1.0,0.0,1,drowsy,img_d_10034.jpg
0.2071906668973713,0.0,0.0,0.0,1,drowsy,image_2370.jpg
0.24978929046759601,0.0,0.0,0.0,1,drowsy,img_j_8468.jpg
0.17829972555937426,0.0,1.0,0.0,1,drowsy,img_d_12151.jpg
0.05152648382385244,0.0,1.0,0.0,1,drowsy,image_13572 (2).jpg
0.17308764332464494,0.006743224731508413,1.0,0.0,1,drowsy,img_g_14070.jpg
0.062106993294779346,0.004094202255640196,1.0,0.0,1,drowsy,image_19720.jpg
0.1774820746066155,0.0,1.0,0.0,1,drowsy,img_d_4930.jpg
0.22831382087848573,0.0,0.0,0.0,1,drowsy,img_g_16920.jpg
0.23213974189072895,0.0,0.0,0.0,1,drowsy,img_d_15979.jpg
0.20832034141576192,0.0,0.0,0.0,1,drowsy,img_d_6699.jpg
0.24361293452417454,0.00968730316229399,0.0,0.0,1,drowsy,img_g_13680.jpg
0.20612311566377303,0.10203275620502573,0.0,0.0,1,drowsy,img_e_4930.jpg
0.05718728771521731,0.0,1.0,0.0,1,drowsy,img_f_9512.jpg
0.1562175091999138,0.0,1.0,0.0,1,drowsy,img_j_9831.jpg
0.11812214421147109,0.0,1.0,0.0,1,drowsy,img_e_6699.jpg
0.18430372276997253,0.006368005958622418,1.0,0.0,1,drowsy,img_h_6210.jpg
0.09885265924955271,0.0383341584291839,1.0,0.0,1,drowsy,image_14210.jpg
0.051528776352370874,0.011229577142051195,1.0,0.0,1,drowsy,img_f_4988.jpg
0.14220877171950136,0.046485463843431,1.0,0.0,1,drowsy,image_17719.jpg
0.16537669976678715,0.5969858599948075,1.0,0.0,1,drowsy,image_1080.jpg
0.03668652112613446,0.0,1.0,0.0,1,drowsy,image_11368.jpg
0.18794126600243,0.03122480664647087,1.0,0.0,1,drowsy,image__15196.jpg
0.24524110146636424,0.008723731967066729,0.0,0.0,1,drowsy,img_j_12238.jpg
0.2101177319080366,0.013571881944953876,0.0,0.0,1,drowsy,img_c_17893.jpg
0.13470929701601225,0.0694506477543878,1.0,0.0,1,drowsy,image_8932.jpg
0.1596797354136125,0.02238167226072728,1.0,0.0,1,drowsy,image_11426.jpg
0.15532580199997706,0.16147176541313646,1.0,0.0,1,drowsy,image_870 (3).jpg
0.233067756888725,0.0,0.0,0.0,1,drowsy,img_c_17139.jpg
0.2668087709338157,0.0,0.0,0.0,1,drowsy,img_j_2958.jpg
0.186853283001591,0.017674217714839895,1.0,0.0,1,drowsy,img_f_12847.jpg
0.23913696837067772,0.0,0.0,0.0,1,drowsy,img_j_15225.jpg
0.2666040148825517,0.0074329414072230445,0.0,0.0,1,drowsy,img_j_18067.jpg
0.24322036255655857,0.007193499960909622,0.0,0.0,1,drowsy,image_377.jpg
0.07451873294160832,0.008174508238517836,1.0,0.0,1,drowsy,img_f_17081.jpg
0.08732497634231565,0.08588304151850308,1.0,0.0,1,drowsy,image_13543.jpg
0.07171894904664228,0.03393646226877341,1.0,0.0,1,drowsy,img_f_1827.jpg
0.2207702576389548,0.0,0.0,0.0,1,drowsy,img_d_1653.jpg
0.23247085289918606,0.01157288031478547,0.0,0.0,1,drowsy,img_f_10063.jpg
0.17261066819362225,0.0,1.0,0.0,1,drowsy,image_12441 (2).jpg
0.2396317508364927,0.006798475090847438,0.0,0.0,1,drowsy,img_g_11040.jpg
0.2989119125379395,0.0,0.0,0.0,1,drowsy,img_j_1276.jpg
0.21993152598120028,0.003965133225104354,0.0,0.0,1,drowsy,image_3132.jpg
0.23561231860627413,0.05877834889140046,0.0,0.0,1,drowsy,image_30.jpg
0.16352693712916846,0.013322679272130074,1.0,0.0,1,drowsy,img_d_15776.jpg
0.2189221417945669,0.00953635986942887,0.0,0.0,1,drowsy,img_g_15540.jpg
0.22205533581158732,0.006589651653596359,0.0,0.0,1,drowsy,img_g_2490.jpg
0.25507865606379365,0.008494732702827712,0.0,0.0,1,drowsy,img_f_19053.jpg
0.12325004974927567,0.0,1.0,0.0,1,drowsy,img_d_14326.jpg
0.24322697178795694,0.07912011030842077,0.0,0.0,1,drowsy,image_8729.jpg
0.2282313750784723,0.010637695824199184,0.0,0.0,1,drowsy,image_29 (2).jpg
0.18557845211294563,0.0,1.0,0.0,1,drowsy,img_g_10410.jpg
0.20867140690734481,0.0,0.0,0.0,1,drowsy,img_c_15921.jpg
0.24922211748752185,0.008123372249425458,0.0,0.0,1,drowsy,img_f_14239.jpg
0.2098782551419227,0.0,0.0,0.0,1,drowsy,img_d_9541.jpg
0.19623013925603,0.0,1.0,0.0,1,drowsy,img_c_8410.jpg
0.16805562820738326,0.012954824208866761,1.0,0.0,1,drowsy,image_9019 (3).jpg
0.16334133799366599,0.02382303257111089,1.0,0.0,1,drowsy,image_11397.jpg
0.2201632854525655,0.0,0.0,0.0,1,drowsy,img_j_12760.jpg
0.22082981434094462,0.013275635766842783,0.0,0.0,1,drowsy,img_c_17313.jpg
0.2565563557102342,0.008683840914428123,0.0,0.0,1,drowsy,img_j_12006.jpg
0.04821986136127149,0.008130081234714787,1.0,0.0,1,drowsy,img_f_6351.jpg
0.19480613236179278,0.0,1.0,0.0,1,drowsy,img_a_8655.jpg
0.2661322509048889,0.007611443368064121,0.0,0.0,1,drowsy,img_f_4234.jpg
0.18387295900674563,0.00910106878821445,1.0,0.0,1,drowsy,img_g_5880.jpg
0.13936277606433956,0.0,1.0,0.0,1,drowsy,img_f_3480 (2).jpg
0.26270189670240224,0.0,0.0,0.0,1,drowsy,image_90 (2).jpg
0.21936465228382485,0.0064378274913619365,0.0,0.0,1,drowsy,img_g_5670.jpg
0.1926239878905239,0.050467857048048154,1.0,0.0,1,drowsy,image_17255.jpg
0.20832782811286493,0.0,0.0,0.0,1,drowsy,img_c_10440.jpg
0.2536884923600926,0.012982634189551132,0.0,0.0,1,drowsy,img_d_13688.jpg
0.20012643884773976,0.0,0.0,0.0,1,drowsy,img_d_7975.jpg
0.2087020757380496,0.0088154496658298,0.0,0.0,1,drowsy,img_f_11194.jpg
0.19853675912480145,0.006623097485894611,1.0,0.0,1,drowsy,img_g_8340.jpg
0.08674522044006625,0.0,1.0,0.0,1,drowsy,img_f_3567.jpg
0.11916408994733585,0.007092198531261003,1.0,0.0,1,drowsy,img_e_9019.jpg
0.2511196589672535,0.006762625303859452,0.0,0.0,1,drowsy,img_g_15030.jpg
0.14975887599903098,0.007527312479625315,1.0,0.0,1,drowsy,img_j_4118.jpg
0.24167855276352124,0.08143279065105599,0.0,0.0,1,drowsy,52.jpg
0.051595730357430654,0.00409530076212152,1.0,0.0,1,drowsy,image_11803.jpg
0.25717957845313677,0.008157355760299152,0.0,0.0,1,drowsy,img_f_14007.jpg
0.1991321064314166,0.004115191475096653,1.0,0.0,1,drowsy,0.jpg
0.18847847977846965,0.007091084030169242,1.0,0.0,1,drowsy,img_k_17280.jpg
0.17060311061724123,0.0,1.0,0.0,1,drowsy,img_d_9019.jpg
0.25293595856405193,0.08695733513206443,0.0,0.0,1,drowsy,image_8265.jpg
0.11941585237011054,0.13822389678358837,1.0,0.0,1,drowsy,image_3330.jpg
0.07931955218704102,0.00796717902436612,1.0,0.0,1,drowsy,img_f_6931 (2).jpg
0.24204160200587316,0.008189846068047001,0.0,0.0,1,drowsy,image__17226.jpg
0.24070997622373513,0.0,0.0,0.0,1,drowsy,image__8468.jpg
0.1984372945774237,0.008337387145942551,1.0,0.0,1,drowsy,img_h_16380.jpg
0.2671726433816946,0.0,0.0,0.0,1,drowsy,image_2760.jpg
0.23308768177300865,0.010907648586601381,0.0,0.0,1,drowsy,img_g_14460.jpg
0.1126421569227715,0.0,1.0,0.0,1,drowsy,image_0163.jpg
0.17863323161343542,0.0,1.0,0.0,1,drowsy,img_d_1479.jpg
0.22111934969651476,0.0,0.0,0.0,1,drowsy,img_c_5336.jpg
0.07056059517553645,0.0,1.0,0.0,1,drowsy,img_f_8004 (2).jpg
